fire_hydrants,種別,管轄署所,住所,緯度,経度,口径,備考
1,公設消火栓,南消防署,福井市西木田１丁目１０番５号,36.05261486111112,136.21684994999998,100,
2,公設消火栓,南消防署,福井市西木田３丁目１２番７号,36.05250070555556,136.21027238055552,200,
3,公設消火栓,南消防署,福井市西木田５丁目７番１２号,36.051237775,136.20641965,200,
4,公設消火栓,南消防署,福井市西木田５丁目８番１３号,36.05066482777779,136.2056557138889,200,
5,公設消火栓,南消防署,福井市西木田５丁目９番８号,36.04959593055555,136.20419483888887,200,
6,公設消火栓,南消防署,福井市西木田４丁目６番１８号,36.05213469166666,136.2078475388889,200,
7,公設防火水槽,殿下分遣所,福井市畠中町２７番４号,36.04136305000001,136.04512718888887,,
8,公設防火水槽,殿下分遣所,福井市畠中町,36.043007683333336,136.03982462500002,,
9,河川,殿下分遣所,福井市畠中町２５－２０　,36.04286280833333,136.04293532222223,,
10,河川,殿下分遣所,福井市畠中町２７－３０　殿下郵便局付近,36.04076317222223,136.04658907499999,,
11,公設消火栓,西安居分遣所,福井市羽坂町９番９号１３,36.06246234722222,136.14350695555558,100,
12,公設消火栓,西安居分遣所,福井市羽坂町９番９号１７,36.062049397222225,136.14329795833333,100,
13,公設消火栓,中消防署,福井市松本１丁目２２番６号,36.07360369166666,136.23064849722226,100,
14,公設消火栓,中消防署,福井市松本１丁目１５番１号,36.071840994444436,136.23270136666665,100,
15,公設消火栓,中消防署,福井市松本１丁目７番１号,36.07111295833333,136.2298815916667,150,
16,公設消火栓,中消防署,福井市松本１丁目５番２号,36.07105800833333,136.2308205222222,150,
17,公設消火栓,中消防署,福井市松本１丁目４番１号,36.07108303055555,136.231431475,150,
18,公設消火栓,中消防署,福井市松本１丁目２番１号　ＪＲ北陸線高架下,36.071084097222226,136.23294135833333,150,
19,公設消火栓,中消防署,福井市松本１丁目３番１７号,36.07198294722223,136.2319764194444,100,
20,公設消火栓,中消防署,福井市松本１丁目６番１３号,36.07202985833333,136.2301095611111,100,
21,公設消火栓,中消防署,福井市松本１丁目８番１３号,36.071968825,136.22915963611112,100,
22,公設消火栓,中消防署,福井市松本２丁目２９番９号,36.07499039444445,136.22783968611108,100,
23,公設消火栓,中消防署,福井市松本２丁目１４番９号,36.07355448055555,136.22588785555556,100,
24,公設防火水槽,清水分署,福井市三留町１番７号,36.03922921944445,136.15300360555554,,
25,公設消火栓,東消防署,福井市西方１丁目４番５号,36.05171844722223,136.23467880555557,100,
26,公設消火栓,東消防署,福井市西方１丁目１３番１号,36.05337128055555,136.2359286472222,100,
27,公設消火栓,東消防署,福井市西方２丁目１４番８号,36.05285435555556,136.2365066388889,150,
28,公設消火栓,東消防署,福井市西方２丁目７番１０号,36.052671402777776,136.2374455944444,100,
29,公設消火栓,東消防署,福井市西方２丁目５番５号,36.05318535,136.2377175527778,100,
30,公設消火栓,東消防署,福井市西方２丁目１０番３０号,36.051815508333334,136.237645625,100,
31,公設消火栓,東消防署,福井市西方２丁目１０番１０号,36.052207477777785,136.23824556944444,100,
32,公設防火水槽,南消防署,福井市花堂北２丁目５番８号,36.04245211111112,136.21370951666665,,
33,公設防火水槽,南消防署,福井市花堂北１丁目１１番２８号,36.04156426111112,136.2149304916667,,
34,公設防火水槽,南消防署,福井市花堂北２丁目３１番２０号,36.04119408611111,136.20672299722222,,
35,公設消火栓,中消防署,福井市松本１丁目３５番１号,36.07504660555556,136.2325143388889,100,
36,公設消火栓,中消防署,福井市松本１丁目３２番２８号,36.07417970833333,136.23249835,100,
37,公設消火栓,中消防署,福井市松本２丁目３８番２７号,36.07669615555556,136.22722870277778,100,
38,公設消火栓,中消防署,福井市松本４丁目１８番２４号,36.074801094444446,136.22046533611112,100,
39,公設消火栓,中消防署,福井市松本１丁目１５番３０号,36.072796883333325,136.23270535277777,100,
40,公設消火栓,中消防署,福井市松本１丁目３５番３号,36.07488361111111,136.2321973638889,100,
41,公設消火栓,中消防署,福井市松本１丁目５３番１号,36.076223375000005,136.23062046111107,150,
42,公設消火栓,中消防署,福井市松本１丁目５２番９号,36.07659327222222,136.22942354444447,150,
43,公設消火栓,中消防署,福井市松本１丁目５４番１４号,36.07687331388889,136.23097342777777,100,
44,公設消火栓,中消防署,福井市松本１丁目３４番２６号,36.07575156111112,136.2333592666667,100,
45,公設消火栓,中消防署,福井市松本３丁目１７番２号,36.07333739166667,136.22331805277778,100,
46,公設消火栓,中消防署,福井市松本４丁目１２番１０号,36.074235099999996,136.2185386,250,
47,公設消火栓,中消防署,福井市松本４丁目１３番１１号,36.07447309444445,136.2193074972222,250,
48,公設消火栓,中消防署,福井市松本２丁目３８番６号,36.07641822777777,136.22801264999998,100,
49,公設消火栓,中消防署,福井市松本３丁目１１番２７号,36.0722376,136.22486495833334,100,
50,公設消火栓,中消防署,福井市松本１丁目４１番３０号,36.07533240555556,136.2289565972222,100,
51,公設防火水槽,西分署,福井市西堀町１２番６号,36.081733661111116,136.1901335083333,,
52,公設消火栓,中消防署,福井市二の宮５丁目１番１０号,36.082788702777776,136.20893718888885,100,
53,公設消火栓,中消防署,福井市二の宮２丁目３番２号,36.08362808333333,136.22312875833336,150,
54,公設消火栓,中消防署,福井市二の宮２丁目７番,36.08486699722222,136.2243846416667,150,
55,公設消火栓,中消防署,福井市二の宮２丁目１６番２８号,36.08624682777778,136.2244485888889,150,
56,公設消火栓,中消防署,福井市二の宮２丁目１９番２号,36.08625289722223,136.22570152499998,100,
57,公設消火栓,中消防署,福井市二の宮２丁目３１番３号,36.08610597777777,136.22682047499998,100,
58,公設消火栓,臨海消防署,福井市西畑町地係,36.138587388888894,136.08783770833332,150,
59,公設防火水槽,臨海消防署,福井市西畑町２番３２号,36.13369198611111,136.08961984722222,,
60,公設防火水槽,臨海消防署,福井市西畑町１５番１号,36.14155807777779,136.08499473055554,,
61,公設消火栓,臨海消防署,福井市西二ツ屋町２番２４号,36.13988835833333,136.08276495555558,250,
62,公設消火栓,臨海消防署,福井市西二ツ屋町３番１号,36.13809759166667,136.08280103611114,100,
63,公設消火栓,北分署,福井市河合寄安町１００５番,36.12097798888888,136.24971762222225,100,
64,公設消火栓,南消防署,福井市花堂北１丁目１６番,36.04046148055555,136.21775838611111,100,
65,公設消火栓,南消防署,福井市花堂北１丁目５番１号,36.04259419166667,136.21751429999998,100,
66,公設消火栓,南消防署,福井市花堂北２丁目３１番２０号,36.04108309722223,136.2066090111111,100,
67,公設消火栓,南消防署,福井市花堂北２丁目２８番１７号,36.04170201666666,136.20658998333332,100,
68,公設消火栓,南消防署,福井市花堂北２丁目２８番１号,36.04177504722223,136.20801988333335,100,
69,公設消火栓,東消防署,福井市西方２丁目１４番１１号,36.05018271388889,136.23815967777776,100,
70,公設消火栓,東消防署,福井市西方２丁目３番７号,36.052629447222216,136.2390035055556,100,
71,公設消火栓,東消防署,福井市西方２丁目２０番２２号,36.05155756944445,136.23882356944443,100,
72,公設消火栓,東消防署,福井市西方２丁目２２番２７号,36.05074366666666,136.23898460000004,100,
73,公設消火栓,東消防署,福井市西方１丁目１９番１６号,36.05119951944444,136.23507680833333,100,
74,公設消火栓,東消防署,福井市西方１丁目１５番,36.052060419444445,136.23527075277778,100,
75,公設消火栓,東分署,福井市西開発３丁目３１３番,36.08387867777778,136.23467810000002,250,
76,公設消火栓,東分署,福井市西開発３丁目５０４番,36.08363465000001,136.23363715833332,100,
77,公設消火栓,東分署,福井市西開発３丁目５１２番,36.08241472777778,136.23242824444443,100,
78,公設消火栓,東分署,福井市西開発３丁目３１９番,36.08458965277778,136.23567803888886,100,
79,公設消火栓,東分署,福井市西開発４丁目１１１番,36.08563646111112,136.23448909444443,300,
80,公設消火栓,東分署,福井市西開発２丁目５１３番３号,36.07933717777778,136.23412016944442,100,
81,公設消火栓,東分署,福井市西開発４丁目６０８番,36.084570522222215,136.23329516944443,250,
82,公設防火水槽,殿下分遣所,福井市西別所町２５番６号,36.02888506944445,136.06436135277778,,
83,公設消火栓,中消防署,福井市松本１丁目４８番１２号,36.07595739999999,136.23049547500003,100,
84,公設消火栓,中消防署,福井市松本２丁目７番１７号,36.072123758333326,136.22809571388888,100,
85,公設消火栓,中消防署,福井市松本２丁目１１番１号,36.07274061111111,136.2265148222222,100,
86,公設消火栓,中消防署,福井市松本２丁目２３番１号,36.0736265,136.22648980833333,100,
87,公設消火栓,南消防署,福井市左内町６番６号,36.060128758333335,136.21264017777776,100,
88,公設消火栓,南消防署,福井市左内町２番３８号,36.05932789166666,136.21353110833334,100,
89,公設消火栓,南消防署,福井市左内町９番１７号,36.05787505555555,136.21254919444445,100,
90,公設消火栓,南消防署,福井市左内町９番２２号,36.05826199444444,136.21225121666663,100,
91,公設消火栓,南消防署,福井市左内町１０番１１号,36.05904088333333,136.21196323611113,300,
92,公設消火栓,南消防署,福井市左内町１１番１２号,36.06029470833334,136.2116502611111,100,
93,公設消火栓,南消防署,福井市左内町５番１１号,36.06034173611112,136.21283616111108,250,
94,公設防火水槽,南消防署,福井市左内町９番１７号,36.05789505,136.2125141972222,,
95,公設防火水槽,南消防署,福井市左内町３－１４　,36.059680836111106,136.21326912777778,,
96,公設消火栓,川西分署,福井市佐野町２１番１１号,36.13965030833334,136.14358519722222,350,
97,公設消火栓,川西分署,福井市佐野町１１番１０６号,36.139019336111105,136.14229346388888,350,
98,公設消火栓,川西分署,福井市佐野町２０番１号,36.13887539722223,136.14374026944446,100,
99,公設消火栓,川西分署,福井市佐野町１１番５２号,36.13838640277778,136.14229354444444,200,
100,公設消火栓,川西分署,福井市佐野町１０番４４号,36.13778344722222,136.14161072222225,100,
101,公設消火栓,川西分署,福井市佐野町１０番２７号,36.13802735833333,136.13962398333334,100,
102,公設消火栓,南消防署,福井市花堂北２丁目２９番２号,36.04129111388889,136.2080869,100,
103,公設消火栓,南消防署,福井市花堂北１丁目１２番７号,36.03989748055555,136.2149225666667,100,
104,公設消火栓,南消防署,福井市花堂北２丁目１４番６号,36.04019438888889,136.21298066111115,100,
105,公設消火栓,南消防署,福井市花堂北１丁目１番,36.04263915277778,136.21631436388887,100,
106,公設消火栓,南消防署,福井市花堂北２丁目１０番１２号,36.040569366666666,136.21398058888892,100,
107,公設消火栓,南消防署,福井市花堂北１丁目１５番７号,36.04191428055555,136.21748633333334,100,
108,公設消火栓,南消防署,福井市花堂北１丁目５番５９号,36.04233321388889,136.21703333888888,100,
109,公設消火栓,南消防署,福井市花堂北１丁目５番３２号,36.04192526111111,136.21680036944448,100,
110,公設消火栓,東消防署,福井市花野谷町４３番４０号,36.04365182777778,136.28527559999998,100,
111,公設消火栓,東消防署,福井市花野谷町３８番３号,36.0466343638889,136.28143484166668,75,
112,公設防火水槽,東消防署,福井市花野谷町４６番４３号,36.04384099166667,136.28821709444443,,
113,その他,東消防署,福井市花野谷町４３番４０号,36.04349584722222,136.28535359722218,,
114,公設消火栓,麻生津分遣所,福井市花守町５番４号,36.00207932777777,136.16974906944444,150,
115,公設消火栓,麻生津分遣所,福井市花守町４番１４号,36.00112645555556,136.1685592527778,100,
116,公設消火栓,麻生津分遣所,福井市花守町５番１号,36.00195831111112,136.1677382722222,150,
117,公設防火水槽,清水分署,福井市三留町４０番１８号,36.039888141666665,136.14985696388888,,
118,プール,清水分署,福井市三留町６９番２号,36.03774339722222,136.1530786027778,,
119,公設消火栓,社分署,福井市南江守町２番１号,36.03165706111112,136.1991929638889,200,
120,公設防火水槽,美山分署,福井市計石町２８番９号,35.99894748888889,136.43584886944444,,
121,公設消火栓,西安居分遣所,福井市羽坂町４８番６号１３,36.06314129444444,136.14566376944447,300,
122,公設消火栓,西安居分遣所,福井市羽坂町９番９号８,36.06246835833333,136.14422588333332,200,
123,公設消火栓,西安居分遣所,福井市羽坂町１７番４号５,36.06002065833333,136.1439338333333,150,
124,公設消火栓,中消防署,福井市二の宮２丁目５番２６号,36.08562780833333,136.22272670000004,100,
125,公設消火栓,中消防署,福井市二の宮２丁目５番３６号,36.08452795277778,136.22280373888887,100,
126,公設消火栓,中消防署,福井市二の宮４丁目１７番３０号,36.085278425,136.2096071527778,100,
127,公設消火栓,中消防署,福井市二の宮４丁目６番１５号,36.08422755277777,136.20966710555555,100,
128,公設消火栓,中消防署,福井市二の宮４丁目５番３号,36.082891713888884,136.20974205000002,100,
129,公設消火栓,中消防署,福井市二の宮５丁目１７番１０号,36.086255175000005,136.2060628722222,100,
130,公設消火栓,中消防署,福井市二の宮５丁目１０番１号,36.08453339722222,136.20622675277778,100,
131,公設消火栓,中消防署,福井市松本２丁目１６番１号,36.07270565555555,136.22739275833334,150,
132,公設消火栓,中消防署,福井市松本２丁目１０番,36.07230775833334,136.2286236694444,100,
133,公設消火栓,中消防署,福井市松本２丁目２０番６号,36.073790519444444,136.22735674166663,150,
134,公設消火栓,中消防署,福井市松本２丁目２７番１０号,36.07488538333333,136.2273627222222,250,
135,公設消火栓,中消防署,福井市松本２丁目２５番１１号,36.074679330555554,136.2256488527778,100,
136,公設消火栓,中消防署,福井市松本２丁目３２番１５号,36.07550427777778,136.2267317583333,100,
137,公設消火栓,中消防署,福井市松本１丁目４４番,36.07618730833334,136.22912657222219,100,
138,公設消火栓,中消防署,福井市松本１丁目４６番,36.07549645,136.23035149166665,100,
139,公設消火栓,北分署,福井市定正町５０７番,36.11992407777778,136.22404356111113,150,
140,公設消火栓,北分署,福井市定正町６１４番,36.11985105833333,136.22304866111114,100,
141,公設消火栓,北分署,福井市定正町１００５番,36.11997400833332,136.2219357666667,150,
142,公設消火栓,北分署,福井市定正町９１３番,36.119898011111104,136.2216697972222,100,
143,公設消火栓,北分署,福井市定正町１０１１番,36.11999598333334,136.22096086944447,150,
144,公設消火栓,北分署,福井市定正町１０１４番,36.12070188055556,136.22029091666667,100,
145,公設消火栓,北分署,福井市定正町４０１番,36.11944619444445,136.22598838055558,100,
146,公設消火栓,北分署,福井市定正町２０１番,36.11836330277777,136.22518546944445,100,
147,公設消火栓,北分署,福井市定正町１１０９番,36.120724852777784,136.2193760138889,100,
148,公設消火栓,北分署,福井市定正町１２２１番,36.119798966666664,136.21943304166663,100,
149,公設消火栓,北分署,福井市定正町１２１５番,36.11872109722221,136.21947505833336,100,
150,公設防火水槽,北分署,福井市定正１丁目７０１番,36.119670230555556,136.22804617777777,,
151,受水槽,北分署,福井市定正町４０１番,36.12061607777778,136.22676026944447,,
152,公設消火栓,中消防署,福井市里別所新町４０２番,36.08775971944444,136.19731752222222,400,
153,公設消火栓,中消防署,福井市里別所新町４０４番,36.08824368333334,136.19726750555557,400,
154,公設消火栓,西分署,福井市里別所町９番１９号,36.08840776666668,136.19424760277778,200,
155,公設消火栓,中消防署,福井市里別所新町６１５,36.08900764444445,136.1978313638889,100,
156,公設消火栓,中消防署,福井市里別所新町８０１,36.08899068055555,136.1989031722222,100,
157,公設消火栓,社分署,福井市南江守町１０番３２号,36.03038308055556,136.19536531944442,100,
158,公設消火栓,社分署,福井市南江守町２７番３５号,36.029855991666665,136.1907667472222,200,
159,公設消火栓,社分署,福井市南江守町５１番２５号,36.02912288333333,136.184997275,200,
160,公設消火栓,社分署,福井市南江守町３０番１０号,36.030536966666666,136.1925135638889,75,
161,公設消火栓,清水分署,福井市三留町５８番７号,36.03995713333334,136.14784319444442,75,
162,公設消火栓,清水分署,福井市三留町５８番１６号,36.03948519166667,136.1479151916667,75,
163,公設消火栓,清水分署,福井市三留町５７番５号,36.03829033888889,136.14826215833335,100,
164,公設消火栓,清水分署,福井市三留町５７番１号,36.03887426666667,136.14869010555557,100,
165,公設消火栓,清水分署,福井市三留町４２番５号,36.03916023055555,136.1491820472222,100,
166,公設消火栓,清水分署,福井市三留町４２番３号,36.0394961888889,136.14935702499997,200,
167,公設消火栓,清水分署,福井市三留町３８番２号,36.03946319166666,136.1498929611111,150,
168,公設消火栓,清水分署,福井市三留町４０番７号,36.039940136111106,136.14985996388887,75,
169,公設消火栓,清水分署,福井市三留町３９番１０号,36.03927421666667,136.1503039166667,150,
170,公設消火栓,清水分署,福井市三留町３９番７号,36.03905724166666,136.15077286388888,150,
171,公設消火栓,清水分署,福井市三留町３９番２号,36.039163227777784,136.15132579722223,150,
172,公設消火栓,清水分署,福井市三留町１３番４６号,36.03901524722222,136.1523706777778,150,
173,公設消火栓,東分署,福井市西開発２丁目４０８番,36.07857835555556,136.2357440944444,250,
174,公設消火栓,東分署,福井市西開発２丁目３０４番,36.08002916666666,136.23538109722224,250,
175,公設消火栓,東分署,福井市西開発３丁目１０５番,36.0809821611111,136.23718400277778,100,
176,公設消火栓,中消防署,福井市松本３丁目１６番６５号,36.07271257499999,136.2256318888889,300,
177,公設消火栓,中消防署,福井市松本１丁目１１番１７号,36.07303075277778,136.23042652222225,250,
178,公設消火栓,中消防署,福井市松本１丁目３８番１号,36.07479753055555,136.23023951111108,100,
179,公設消火栓,中消防署,福井市松本３丁目６番１号,36.07156855555555,136.22192420277776,100,
180,公設消火栓,中消防署,福井市松本４丁目３番１８号,36.071515447222225,136.21847262222224,100,
181,公設消火栓,中消防署,福井市松本４丁目７番３号,36.07202339722222,136.21887456944444,100,
182,公設消火栓,中消防署,福井市松本３丁目１７番１６号,36.07362929722221,136.22206314444446,100,
183,公設消火栓,中消防署,福井市松本４丁目８番４号,36.07206743611112,136.22021740277776,100,
184,公設消火栓,中消防署,福井市松本３丁目２４番,36.074815144444436,136.22202412500002,250,
185,公設消火栓,中消防署,福井市松本４丁目１７番１３号,36.07443514166667,136.22053233333332,250,
186,公設消火栓,中消防署,福井市松本３丁目１８番２５号,36.074260269444444,136.22320404444446,100,
187,公設消火栓,中消防署,福井市松本３丁目２１番６号,36.074232349999996,136.22488791944446,100,
188,公設消火栓,西分署,福井市三ツ屋２丁目５０１番,36.08421323055555,136.19403351111112,100,
189,公設消火栓,西分署,福井市三ツ屋２丁目１０４番,36.084298275,136.192330575,100,
190,公設消火栓,西分署,福井市三ツ屋２丁目１０番８号,36.085358191666664,136.19094768611112,100,
191,公設消火栓,西分署,福井市三ツ屋２丁目１０番１０号,36.085160216666665,136.190939675,200,
192,公設消火栓,西分署,福井市三ツ屋１丁目５１５番,36.083855324999995,136.1926145333333,200,
193,公設消火栓,西分署,福井市三ツ屋町１３番１０号,36.08418833888889,136.19082561944444,150,
194,公設消火栓,西分署,福井市三ツ屋町１４番２７号,36.08566618333333,136.190133725,100,
195,公設消火栓,中消防署,福井市里別所新町２１８,36.08858471111112,136.19882220555556,100,
196,公設消火栓,中消防署,福井市里別所新町２１０,36.088062722222226,136.19801137777776,100,
197,公設消火栓,北分署,福井市定正１丁目１１０２番,36.118616352777785,136.22781720555557,100,
198,公設消火栓,北分署,福井市定正町３１１番,36.11918919166666,136.22485049444444,150,
199,公設消火栓,北分署,福井市定正町６０１番２号,36.119532147222216,136.22475450000002,100,
200,公設消火栓,北分署,福井市定正町１２１０番地,36.11816617777778,136.2199800111111,100,
201,公設消火栓,北分署,福井市定正町８０８番,36.118246208333325,136.22161083055556,100,
202,公設消火栓,北分署,福井市定正町４０１番,36.11986012222223,136.2252294472222,100,
203,公設消火栓,北分署,福井市定正町１３１４番,36.11862710555556,136.21932807500002,100,
204,公設消火栓,北分署,福井市定正町１３０４番,36.11982395833334,136.21926605833332,100,
205,公設消火栓,北分署,福井市定正町１１０９番,36.12074284722222,136.2192390277778,100,
206,公設消火栓,北分署,福井市定正町５０３番,36.120130075000006,136.22475748333335,100,
207,公設消火栓,北分署,福井市定正町５２３番２号,36.12080498611112,136.2244634861111,100,
208,公設消火栓,北分署,福井市定正町５１５番,36.12079093333334,136.22270265833333,100,
209,公設消火栓,北分署,福井市定正町１０１８番,36.12082088888889,136.2212188111111,100,
210,公設消火栓,北分署,福井市定正町７０８番,36.118380280555556,136.2245185333333,100,
211,公設消火栓,北分署,福井市定正町７１２番２号,36.118302238888894,136.2228906972222,100,
212,公設消火栓,北分署,福井市定正町１２０７番,36.119068077777776,136.22029096111112,100,
213,公設消火栓,北分署,福井市定正町９１０番,36.119420036111116,136.22034094999998,150,
214,公設消火栓,東分署,福井市西開発３丁目８０１番,36.081375994444436,136.23512509722224,250,
215,公設消火栓,東分署,福井市西開発３丁目２０４番３号,36.082072966666665,136.23603704722223,100,
216,公設消火栓,東分署,福井市西開発３丁目２０１番,36.083253875000004,136.23679299444444,100,
217,公設消火栓,東分署,福井市西開発４丁目２０２番１号,36.08606752222223,136.2363419888889,100,
218,公設消火栓,東分署,福井市西開発１丁目２８０７番,36.07582959444445,136.23425319999998,100,
219,公設消火栓,東分署,福井市西開発１丁目７番１２号,36.074940716666674,136.23462218333333,100,
220,公設消火栓,東分署,福井市西開発１丁目２６０１番,36.07797938055556,136.23498713333333,100,
221,公設消火栓,東分署,福井市西開発１丁目２７０８番,36.07638952777778,136.23419819722224,100,
222,公設消火栓,東分署,福井市西開発１丁目２４１０番,36.07636264444444,136.23632609166665,100,
223,公設消火栓,東分署,福井市西開発１丁目２５０３番２号,36.077060597222214,136.2368950611111,100,
224,公設消火栓,麻生津分遣所,福井市西大味町２７番４号２,35.98623463888889,136.2562299388889,100,
225,公設消火栓,麻生津分遣所,福井市西大味町３１番２号,35.984587858333335,136.2560189388889,100,
226,公設消火栓,麻生津分遣所,福井市西大味町１５番１８号２,35.98647361388889,136.25710186388886,75,
227,公設消火栓,麻生津分遣所,福井市西大味町３１番１１号,35.985221780555555,136.25700885555557,75,
228,公設消火栓,麻生津分遣所,福井市西大味町２８番５号,35.985809702777786,136.25736083333337,100,
229,公設消火栓,麻生津分遣所,福井市西大味町３０番２号,35.98457487499999,136.25841071944444,75,
230,公設消火栓,麻生津分遣所,福井市西大味町１３番４１号１,35.989368238888886,136.25718892222224,100,
231,公設消火栓,臨海消防署,福井市西二ツ屋町６番３２号,36.13639478888888,136.08361506111112,100,
232,公設消火栓,西分署,福井市三ツ屋町,36.086145863888895,136.1974565361111,400,
233,公設消火栓,川西分署,福井市水切町,36.143346811111115,136.13991024722222,100,
234,公設消火栓,川西分署,福井市水切町３４番３号,36.14560762777777,136.14175069722225,100,
235,公設防火水槽,川西分署,福井市水切町３４番５号,36.145043675000004,136.14143681666664,,
236,公設防火水槽,川西分署,福井市水切町４３番１号,36.143718863888886,136.14316175,,
237,公設防火水槽,川西分署,福井市水切町５１番６７号,36.143793780555555,136.1404601111111,,
238,私設防火水槽,川西分署,福井市水切町３４番５号,36.14503767777778,136.14151480555554,,
239,私設防火水槽,川西分署,福井市砂子坂町５番５８号,36.143361036111116,136.14774518055557,,
240,公設消火栓,西安居分遣所,福井市水越１丁目５１０番５号,36.06611657222222,136.18908274166668,100,
241,公設消火栓,西安居分遣所,福井市水越１丁目４１０番,36.06659650833333,136.18854382222221,150,
242,公設消火栓,西安居分遣所,福井市水越２丁目３０６番,36.067104441666665,136.18756895277778,100,
243,公設消火栓,西安居分遣所,福井市水越１丁目１１５番,36.06734341944445,136.18882483055557,100,
244,公設消火栓,南消防署,福井市西木田４丁目５番１５号,36.05234269999999,136.20927844722226,200,
245,公設消火栓,南消防署,福井市西木田４丁目６番２５号,36.05295358888889,136.20802250277774,100,
246,公設消火栓,南消防署,福井市西木田５丁目２番１９号,36.05254261666666,136.20693957777777,100,
247,公設消火栓,社分署,福井市南江守町６番１４号,36.03082608055556,136.19698815555557,200,
248,公設消火栓,南消防署,福井市西木田２丁目５番２５号,36.05301773888888,136.21415511111107,100,
249,公設消火栓,南消防署,福井市西木田４丁目４番３０号,36.05423744722223,136.20917543888888,100,
250,公設消火栓,北分署,福井市定正町９０７番,36.11890210833332,136.22072191944443,100,
251,公設消火栓,北分署,福井市定正町９０２番,36.118963138888894,136.22222175555555,100,
252,公設消火栓,北分署,福井市定正町９０２番,36.119274108333336,136.22239973333333,100,
253,公設消火栓,北分署,福井市定正町７１５番,36.11898817499999,136.22352262500002,100,
254,公設消火栓,清水分署,福井市笹谷町４９番２３号,36.01189123888888,136.1071595472222,150,
255,公設消火栓,清水分署,福井市笹谷町４８番８号,36.01275212777779,136.1068705472222,150,
256,公設消火栓,清水分署,福井市笹谷町４８番,36.01331603333333,136.10576863888892,150,
257,公設消火栓,清水分署,福井市笹谷町４７番１４号,36.0120102,136.10604865833335,75,
258,公設消火栓,清水分署,福井市笹谷町４７番２号,36.01129330833333,136.10694159166667,150,
259,公設消火栓,清水分署,福井市笹谷町４４番２０号,36.010285430555555,136.1069206388889,150,
260,公設消火栓,清水分署,福井市笹谷町４４番２３号,36.009760505555555,136.10735661666666,150,
261,公設消火栓,清水分署,福井市笹谷町１８番３５号,36.00890563055556,136.1082665611111,150,
262,公設消火栓,清水分署,福井市笹谷町１２番７号,36.01135239444445,136.1119200722222,75,
263,公設消火栓,清水分署,福井市笹谷町１３番９号,36.01087846111112,136.1126500194445,100,
264,公設消火栓,清水分署,福井市笹谷町４１番３号,36.005975938888895,136.1053709916667,150,
265,公設消火栓,清水分署,福井市笹谷町３３番６号,36.00511403333333,136.104443125,100,
266,公設消火栓,清水分署,福井市笹谷町３２番３号,36.00436113055556,136.10448215555556,150,
267,公設消火栓,清水分署,福井市笹谷町３３番１０号,36.004608088888894,136.10383221111113,150,
268,公設消火栓,清水分署,福井市笹谷町３４番１号,36.00487804166667,136.10303228333333,75,
269,公設消火栓,臨海消防署,福井市西二ツ屋町２番１号,36.139120472222224,136.08236501666664,100,
270,公設消火栓,臨海消防署,福井市西二ツ屋町２番２６号,36.13879749444445,136.08300498888886,100,
271,公設消火栓,臨海消防署,福井市大窪町地係,36.136004963888894,136.07997131666667,100,
272,公設防火水槽,臨海消防署,福井市西二ツ屋町１番５号,36.13901650277778,136.08179206111112,,
273,公設防火水槽,臨海消防署,福井市西二ツ屋町３番２号,36.13752765555556,136.08317303611108,,
274,私設防火水槽,臨海消防署,福井市西二ツ屋町２番１号,36.13858847777778,136.08440590555554,,
275,公設消火栓,麻生津分遣所,福井市西袋町１０番１８号,35.993128608333336,136.24349905555556,150,
276,公設消火栓,麻生津分遣所,福井市西袋町１５番２６号,35.99246869166666,136.24285909444444,100,
277,公設消火栓,麻生津分遣所,福井市西袋町１７番９号,35.99266865555556,136.24221014166665,100,
278,公設消火栓,麻生津分遣所,福井市西袋町１８番１号,35.99183075277778,136.24094521944443,100,
279,公設消火栓,社分署,福井市西谷町２００８番,36.042051694444446,136.19697062777774,100,
280,公設消火栓,社分署,福井市西谷町１番１７号,36.042796630555564,136.1979765166667,100,
281,公設消火栓,社分署,福井市西谷町２番１号,36.04212172777778,136.19847651666663,100,
282,公設消火栓,南消防署,福井市西谷町１３番２９号,36.04026616666666,136.20542013055555,100,
283,公設消火栓,南消防署,福井市西谷町２１番６６号,36.04010225277777,136.20759798888886,100,
284,公設消火栓,社分署,福井市西谷町１３番２７号,36.04059709722222,136.20448117777775,100,
285,公設消火栓,南消防署,福井市西木田２丁目２番１１号,36.054662525000005,136.21430308611113,100,
286,公設消火栓,南消防署,福井市西木田２丁目７番１９号,36.05435954444445,136.2135111416667,100,
287,公設消火栓,南消防署,福井市西木田１丁目１１番,36.05307578888888,136.21641596111112,100,
288,公設消火栓,南消防署,福井市西木田１丁目４番３号,36.054050697222216,136.2176908611111,100,
289,公設防火水槽,南消防署,福井市西木田１丁目地係,36.05284681944445,136.21645096666666,,
290,公設防火水槽,南消防署,福井市西木田１丁目１６番２２号,36.05514551388889,136.21626394166668,,
291,公設防火水槽,南消防署,福井市西木田１丁目２番１５号,36.05496755833333,136.21697189444444,,
292,公設防火水槽,南消防署,福井市西木田３丁目１５番１号,36.05422048055556,136.21034736111113,,
293,公設消火栓,南消防署,福井市西木田１丁目２０番１８号,36.05347970277778,136.2151330388889,200,
294,公設消火栓,南消防署,福井市西木田１丁目８番４号,36.05303182222222,136.21741089722218,150,
295,公設消火栓,南消防署,福井市西木田２丁目５番７号,36.05259278888889,136.21400513611113,100,
296,公設消火栓,南消防署,福井市西木田２丁目６番２６号,36.05381861944445,136.21361013888887,300,
297,公設消火栓,南消防署,福井市西木田２丁目２番２号,36.055156472222215,136.21467805555557,100,
298,公設消火栓,南消防署,福井市西木田２丁目９番１０号,36.05417055833333,136.2130301777778,300,
299,公設消火栓,中消防署,福井市二の宮５丁目４番５号,36.08283361666666,136.2063986361111,100,
300,公設消火栓,中消防署,福井市二の宮５丁目５番６号,36.08322761388889,136.20788139166666,100,
301,公設消火栓,中消防署,福井市二の宮５丁目５番３４号,36.08357459166666,136.20845930277778,100,
302,公設消火栓,中消防署,福井市二の宮２丁目２３番,36.08722775555555,136.22502360555558,100,
303,公設消火栓,中消防署,福井市二の宮２丁目３１番１０号,36.086994874999995,136.2267315,100,
304,公設防火水槽,清水分署,福井市笹谷町３３番１０号,36.004675077777776,136.10367122500003,,
305,公設防火水槽,清水分署,福井市笹谷町４７番７号,36.01177725277778,136.10716254999997,,
306,公設防火水槽,清水分署,福井市笹谷町４８番３号,36.013343049999996,136.10658155555558,,
307,公設防火水槽,清水分署,福井市笹谷町５４番２９号,36.01671561388889,136.10535356111114,,
308,公設消火栓,北分署,福井市定正１丁目１３１１番,36.118538397222224,136.2289210972222,100,
309,公設消火栓,北分署,福井市定正１丁目７１１番,36.11923531111111,136.22898308888887,100,
310,公設消火栓,東消防署,福井市寮町９９９番９９９号,36.06515483055555,136.27760636666667,100,
311,公設防火水槽,東消防署,福井市坂下町２番２号,36.06998550000001,136.27720021666667,,
312,その他,東消防署,福井市坂下町７番１０号,36.06997162222222,136.27951098888886,,
313,公設消火栓,清水分署,福井市笹谷町５８番１９号,36.017574533333324,136.1063784277778,100,
314,公設消火栓,清水分署,福井市笹谷町５８番１５号,36.017649513888884,136.1059034722222,100,
315,公設消火栓,清水分署,福井市笹谷町１１０番１２号,36.01770948611111,136.10505355555557,75,
316,公設消火栓,清水分署,福井市笹谷町６４番２７号,36.01692055833333,136.10399369166666,100,
317,公設消火栓,清水分署,福井市笹谷町６４番１０号,36.01694858611112,136.10537354999997,100,
318,公設消火栓,清水分署,福井市笹谷町５８番２７号,36.01683063055555,136.106665425,150,
319,公設消火栓,清水分署,福井市笹谷町５４番１０号,36.01616668055555,136.10535158055558,100,
320,公設消火栓,清水分署,福井市笹谷町５４番３５号,36.01600672222223,136.10637848333332,150,
321,公設消火栓,清水分署,福井市笹谷町６５番３号,36.01540976666666,136.10511663333332,75,
322,公設消火栓,清水分署,福井市笹谷町４８番９号,36.01377898333334,136.10592360833337,75,
323,公設防火水槽,社分署,福井市西谷町１１番７号,36.040691080555554,136.2043041861111,,
324,公設消火栓,麻生津分遣所,福井市花守町２番４２号,36.00374501944445,136.16668725000002,150,
325,公設防火水槽,麻生津分遣所,福井市花守町６番３号,36.00205731944445,136.16900414444441,,
326,公設消火栓,南消防署,福井市花堂北２丁目５番６号,36.04241311666667,136.21372751944446,150,
327,公設消火栓,南消防署,福井市花堂北２丁目１７番１０号,36.041883177777784,136.21336156388887,150,
328,公設消火栓,南消防署,福井市花堂北２丁目１６番３６号,36.042047133333334,136.21250560277775,100,
329,公設消火栓,南消防署,福井市花堂北２丁目１８番９号,36.041927119444445,136.2113646722222,100,
330,公設消火栓,南消防署,福井市花堂北２丁目１８番２０号,36.041825100000004,136.2100617472222,100,
331,公設消火栓,南消防署,福井市花堂北２丁目１５番６号,36.04105028055555,136.21308961666668,150,
332,公設消火栓,南消防署,福井市花堂北１丁目２番２０号,36.043002075,136.21511941388889,200,
333,公設消火栓,南消防署,福井市花堂北２丁目１４番２３号,36.040650299999996,136.21182570555558,100,
334,公設消火栓,南消防署,福井市花堂北１丁目３番１９号,36.04169723611112,136.21466649999996,200,
335,公設消火栓,南消防署,福井市花堂北２丁目１５番４０号,36.04138321944445,136.2124256361111,100,
336,公設消火栓,南消防署,福井市花堂北２丁目２０番２５号,36.04123319166667,136.2106627416667,100,
337,公設消火栓,西安居分遣所,福井市羽坂町４８番６号２２,36.06354024444445,136.14586776666667,100,
338,その他,西安居分遣所,福井市羽坂町２４番２９号,36.06399804166667,136.13776658333333,,
339,その他,西安居分遣所,福井市羽坂町地係,36.063496238888895,136.1451238388889,,
340,公設消火栓,中消防署,福井市二の宮１丁目１０番１６号,36.08707896944444,136.2285784083333,100,
341,公設消火栓,中消防署,福井市二の宮５丁目８番１３号,36.08508040555556,136.20838737499997,100,
342,公設消火栓,中消防署,福井市二の宮１丁目１１番１３号,36.08715891111112,136.22771445833334,100,
343,公設消火栓,中消防署,福井市二の宮３丁目２番１４号,36.08323095277778,136.218263525,150,
344,公設消火栓,中消防署,福井市二の宮４丁目６番１０号,36.083805586111104,136.20913718888892,150,
345,公設消火栓,中消防署,福井市二の宮２丁目２９番２２号,36.08773071111111,136.22512663055554,100,
346,公設消火栓,中消防署,福井市二の宮３丁目３９番１号,36.08754444166667,136.21819354722226,100,
347,公設消火栓,中消防署,福井市二の宮４丁目４５番１号,36.0876333,136.2137864111111,100,
348,公設消火栓,中消防署,福井市二の宮４丁目２０番２８号,36.08469158055555,136.2123286194444,100,
349,公設消火栓,中消防署,福井市二の宮４丁目２２番２号,36.0846246388889,136.21382233611115,100,
350,公設消火栓,中消防署,福井市二の宮４丁目２０番６号,36.08434161111111,136.21192568888887,100,
351,公設消火栓,中消防署,福井市二の宮４丁目２２番６号,36.08438864444444,136.2131334638889,100,
352,公設消火栓,中消防署,福井市二の宮４丁目８番１５号,36.08374665833334,136.21114181944446,100,
353,公設消火栓,中消防署,福井市二の宮４丁目９番１５号,36.08370870277777,136.21237259444445,100,
354,公設消火栓,中消防署,福井市二の宮４丁目９番１号,36.08362776111111,136.21383632500002,100,
355,公設消火栓,中消防署,福井市松本３丁目９番１０号,36.071393666666665,136.2239600416667,100,
356,公設消火栓,中消防署,福井市松本４丁目１１番７号,36.07288527222222,136.21844961944444,250,
357,公設消火栓,中消防署,福井市松本３丁目２６番５号,36.074851205555554,136.22343501666666,250,
358,公設消火栓,中消防署,福井市松本３丁目２８番２号,36.07477030277778,136.22527488055556,250,
359,公設消火栓,清水分署,福井市笹谷町５１番２９号,36.01396297777778,136.10672251944442,150,
360,公設消火栓,清水分署,福井市笹谷町５０番１２号,36.01332708055556,136.1077844333333,75,
361,公設消火栓,清水分署,福井市笹谷町５０番１８号,36.01263819722222,136.1092783027778,75,
362,公設消火栓,清水分署,福井市笹谷町１２番９号,36.01171034444444,136.11150710277778,75,
363,公設消火栓,清水分署,福井市笹谷町１２番３１号,36.01065247222222,136.11150714722223,100,
364,公設消火栓,清水分署,福井市笹谷町１２０番１号,36.00954660833333,136.1115961888889,75,
365,公設消火栓,清水分署,福井市笹谷町１６番９号,36.01101139722222,136.10940235,75,
366,公設消火栓,清水分署,福井市笹谷町１６番２９号,36.011404322222226,136.10819545555555,75,
367,公設消火栓,北分署,福井市栄町１６番２号,36.10747255833333,136.22404360277778,100,
368,公設消火栓,麻生津分遣所,福井市生野町２番６８号,35.98991854166667,136.2131023722222,150,
369,公設防火水槽,麻生津分遣所,福井市生野町４番２２号,35.99056245833333,136.21336632777775,,
370,公設防火水槽,麻生津分遣所,福井市生野町,35.988700655555554,136.2112506111111,,
371,私設防火水槽,麻生津分遣所,福井市生野町２０番２７号,35.98805477222222,136.21199754444442,,
372,公設消火栓,川西分署,福井市菖蒲谷町１７番６５号,36.148332325000005,136.14114241388893,100,
373,公設消火栓,川西分署,福井市菖蒲谷町１６番２８号,36.14890427222222,136.14130331388887,100,
374,公設消火栓,川西分署,福井市菖蒲谷町１６番５１号,36.14933719722222,136.1402424083333,100,
375,公設消火栓,川西分署,福井市菖蒲谷町１６番４２号,36.14951521944444,136.14171117222222,100,
376,公設消火栓,川西分署,福井市菖蒲谷町,36.14935427222221,136.14290902222223,100,
377,公設消火栓,清水分署,福井市三留町１番７号,36.03928921388889,136.15298060555554,75,
378,公設消火栓,清水分署,福井市三留町７２番３号,36.04060405833333,136.154081475,100,
379,公設消火栓,清水分署,福井市三留町７２番３号,36.04111499722222,136.15456441666666,100,
380,公設消火栓,清水分署,福井市三留町７２番８号,36.04027609722222,136.1546894055556,100,
381,公設消火栓,清水分署,福井市三留町７２番１０号,36.04104000833333,136.15592426111112,100,
382,公設消火栓,清水分署,福井市三留町７２番１０号,36.04117199444445,136.15655018888887,100,
383,公設消火栓,清水分署,福井市三留町１３番５９号,36.037960375,136.1510228388889,100,
384,公設消火栓,清水分署,福井市三留町１２番５８号,36.03862429166667,136.1528896194444,150,
385,公設消火栓,西分署,福井市三ツ屋町,36.086640805555554,136.19740856111113,400,
386,公設消火栓,西分署,福井市三ツ屋町,36.08293751111112,136.19030156666665,100,
387,公設消火栓,西分署,福井市三ツ屋町１７番６号,36.084010408333334,136.18941765833335,100,
388,公設消火栓,西分署,福井市三ツ屋町１５番８号,36.08559421944445,136.18942273888885,100,
389,公設消火栓,西分署,福井市三ツ屋町１７番１０号,36.08474931944445,136.1894066972222,100,
390,公設消火栓,中消防署,福井市順化１丁目２１番１１号,36.06585713888889,136.21709478611115,100,
391,公設消火栓,西分署,福井市三ツ屋町１２番５号,36.08301347222223,136.19126753055556,150,
392,公設消火栓,西分署,福井市三ツ屋町１４番８号,36.08511623611111,136.19052868333335,100,
393,公設消火栓,西分署,福井市三ツ屋町地係,36.08554993611111,136.19712653888888,100,
394,公設消火栓,西安居分遣所,福井市西学園１丁目１０９番,36.067585386111105,136.18797193333333,100,
395,公設消火栓,中消防署,福井市二の宮５丁目１８番１号,36.08682721944445,136.20885434722223,200,
396,公設消火栓,中消防署,福井市二の宮５丁目１８番１号,36.08818508888889,136.20879238888887,200,
397,公設消火栓,中消防署,福井市二の宮２丁目６番２９号,36.084677952777774,136.22313771666668,100,
398,公設消火栓,中消防署,福井市二の宮２丁目１番６号,36.08380317777778,136.22530162777778,200,
399,公設消火栓,中消防署,福井市二の宮２丁目２７番１５号,36.08714356666667,136.2209349833333,300,
400,公設消火栓,中消防署,福井市二の宮３丁目５番,36.08429973333333,136.21553901111113,300,
401,公設消火栓,中消防署,福井市二の宮３丁目３５番１４号,36.08677143611111,136.21553002500002,300,
402,公設消火栓,中消防署,福井市二の宮４丁目４７番１８号,36.08783532222222,136.21518315,300,
403,公設消火栓,中消防署,福井市二の宮１丁目２番３５号,36.08461121944444,136.22787346111113,100,
404,公設消火栓,中消防署,福井市二の宮１丁目３番２９号,36.08482230277777,136.22985934999997,100,
405,公設消火栓,中消防署,福井市二の宮１丁目１番１１２号,36.085323088888885,136.22709348333333,100,
406,公設消火栓,中消防署,福井市二の宮３丁目３８番２０号,36.08783337777778,136.21703578888892,150,
407,公設消火栓,中消防署,福井市二の宮３丁目４２番１２号,36.08781646111112,136.21962128888887,200,
408,公設消火栓,中消防署,福井市二の宮３丁目１５番１１号,36.085002775,136.21964922499998,100,
409,公設消火栓,中消防署,福井市二の宮３丁目１番１号,36.0835350111111,136.22121798055556,150,
410,公設消火栓,中消防署,福井市二の宮３丁目２６番１３号,36.08509580833333,136.22099296388888,150,
411,公設消火栓,中消防署,福井市二の宮３丁目２６番１３号,36.08670260555556,136.22082596944443,150,
412,公設消火栓,中消防署,福井市二の宮２丁目１３番３６号,36.085574780555554,136.22209873333335,100,
413,公設消火栓,川西分署,福井市菖蒲谷町７番１３号,36.14939632222223,136.14481674444443,150,
414,公設防火水槽,川西分署,福井市菖蒲谷町１６番４４号,36.14906024444444,136.1409203472222,,
415,公設消火栓,川西分署,福井市昭和新町４番２号,36.15968126111111,136.15352599166664,100,
416,公設消火栓,川西分署,福井市昭和新町２番２１号,36.160104225000005,136.15523881666667,100,
417,公設消火栓,川西分署,福井市昭和新町５番１７号,36.16133905555555,136.15356187777775,100,
418,公設防火水槽,川西分署,福井市昭和新町２番２２号,36.160553163888885,136.1547088305556,,
419,公設消火栓,足羽分遣所,福井市宿布町７番１３号,36.01319291111111,136.30202410555555,150,
420,公設防火水槽,殿下分遣所,福井市宿堂町３番６号,36.02887596111111,136.06055394166665,,
421,公設消火栓,足羽分遣所,福井市小路町８番１８号,36.01496623333333,136.27585040277776,100,
422,公設消火栓,足羽分遣所,福井市小路町９番３４号,36.01496027777778,136.27687228611114,100,
423,公設消火栓,足羽分遣所,福井市小路町３番１５号,36.015921172222214,136.27758818611107,150,
424,公設消火栓,足羽分遣所,福井市小路町３－１３－１,36.01559416111111,136.27624434444445,150,
425,公設消火栓,足羽分遣所,福井市安原町１－３６,36.01566610833334,136.27524745555556,150,
426,公設消火栓,足羽分遣所,福井市小路町２番１２号,36.016316069444436,136.27645230555558,100,
427,公設消火栓,足羽分遣所,福井市小路町１５番１６号,36.01478538333333,136.27885006666668,100,
428,公設消火栓,西分署,福井市三ツ屋町８ー１－１,36.08476310555557,136.1954695111111,100,
429,公設防火水槽,西分署,福井市三ツ屋町１７番６号,36.083866425,136.18938965277778,,
430,公設防火水槽,西分署,福井市三ツ屋町１５番２０号,36.085599175,136.19056771111113,,
431,公設消火栓,東分署,福井市西開発３丁目１１２番１,36.08089310555555,136.23606405555554,100,
432,公設消火栓,東分署,福井市西開発３丁目５０１番,36.08434753611112,136.23308918333333,100,
433,公設消火栓,東分署,福井市西開発２丁目１０１番１号,36.07973026111111,136.23642805277777,100,
434,公設消火栓,東分署,福井市西開発１丁目２４０５番,36.076268744444455,136.23793902222224,200,
435,公設消火栓,東分署,福井市西開発１丁目８０８番,36.07394797777778,136.2373480694444,100,
436,公設消火栓,東分署,福井市西開発１丁目１１０３番,36.074168888888885,136.23613912222223,100,
437,公設消火栓,東分署,福井市西開発１丁目３０１番,36.073268938888894,136.23512018055558,100,
438,公設消火栓,東分署,福井市西開発４丁目１０１番２号,36.08534061111111,136.2364369916667,100,
439,公設防火水槽,東分署,福井市西開発１丁目６０１番,36.07362195277777,136.23618412777776,,
440,公設防火水槽,東分署,福井市西開発３丁目８０１,36.08171690833333,136.2342671388889,,
441,公設消火栓,東消防署,福井市西方１丁目１９番１２号,36.050865574999996,136.2357067888889,100,
442,公設消火栓,東消防署,福井市西方２丁目１３番１５号,36.05076363055556,136.2374736888889,100,
443,公設消火栓,東消防署,福井市西方２丁目２６番５号,36.04960180833333,136.23925664166669,100,
444,公設消火栓,東分署,福井市西開発４丁目１０１番２号,36.08575051111111,136.23553703611108,100,
445,公設消火栓,東分署,福井市西開発４丁目７０９番４号,36.08574235555556,136.23279318055557,100,
446,公設消火栓,中消防署,福井市松本２丁目２８番２１号,36.07465148055556,136.22880961944446,250,
447,公設消火栓,中消防署,福井市松本１丁目１４番２３号,36.073045819444445,136.2319994027778,250,
448,公設消火栓,中消防署,福井市松本３丁目１番２４号,36.07117676388889,136.22560191944441,300,
449,公設消火栓,中消防署,福井市松本２丁目４番８号,36.071223800000006,136.22651785000002,250,
450,公設消火栓,中消防署,松本２丁目３－１,36.07139082222223,136.22752076944445,150,
451,公設消火栓,中消防署,福井市松本２丁目２番１号,36.07107188611112,136.22805373333335,150,
452,公設消火栓,中消防署,福井市松本２丁目５番１号,36.07176572777777,136.22641484722223,100,
453,公設消火栓,中消防署,福井市松本１丁目９番１号,36.071093922222225,136.22897866111114,150,
454,公設消火栓,東消防署,福井市松城町１０番６号,36.06340329444445,136.2403030388889,300,
455,公設消火栓,東消防署,福井市松城町１５番１２号,36.062950397222224,136.24166698055555,100,
456,公設消火栓,東消防署,福井市松城町１２番３０号,36.061756519444444,136.2414870027778,100,
457,公設消火栓,東消防署,福井市松城町９番７号,36.063378275,136.23977606388888,100,
458,公設消火栓,東消防署,福井市松城町１３番１号,36.06112557777777,136.24125903055557,100,
459,公設消火栓,東消防署,福井市松城町７番１６号,36.06364215833334,136.23751416944447,100,
460,公設消火栓,東消防署,福井市松城町１５番２５号,36.062995372222225,136.241201,100,
461,公設消火栓,東消防署,福井市松城町６番４５号,36.063284172222225,136.23683120555555,100,
462,公設消火栓,西安居分遣所,福井市水越１丁目１０４番１号,36.06803733333334,136.18884186388885,100,
463,公設消火栓,西安居分遣所,福井市水越１丁目３０２番１号,36.06685748333333,136.18953273055558,100,
464,公設消火栓,西安居分遣所,福井市水越１丁目６０６番,36.066003591666664,136.18986265277775,100,
465,公設消火栓,足羽分遣所,福井市小路町１番７号,36.01725691111112,136.27588634999998,100,
466,公設消火栓,足羽分遣所,福井市小路町１０番１号,36.01689602222223,136.27729820000002,150,
467,公設消火栓,足羽分遣所,福井市小路町４番７号,36.01712103888889,136.27845506388888,150,
468,公設消火栓,足羽分遣所,福井市小路町４番１３号,36.01735205555556,136.27959093055557,150,
469,公設消火栓,足羽分遣所,福井市小路町１６番１号,36.01459153055556,136.2817877361111,100,
470,公設消火栓,麻生津分遣所,福井市生野町２０番１６号,35.98730086111111,136.21141863333332,150,
471,公設消火栓,麻生津分遣所,福井市生野町２０番２７号,35.98798978055556,136.21190855833333,150,
472,公設消火栓,麻生津分遣所,福井市生野町１２番５４号,35.988915669444445,136.21257445555557,150,
473,公設消火栓,麻生津分遣所,福井市三十八社町７番５６号,35.99700486666667,136.19306225,250,
474,公設消火栓,麻生津分遣所,福井市三十八社町３２番２５号,35.995236086111106,136.18907181388886,100,
475,公設消火栓,麻生津分遣所,福井市三十八社町３２番１９号３１,35.99535604444444,136.18799092777778,100,
476,公設消火栓,麻生津分遣所,福井市三十八社町１０番１３号,35.99568807222222,136.1923034194444,100,
477,公設消火栓,麻生津分遣所,福井市三十八社町６０８番,35.99994230277778,136.19087628333332,100,
478,公設消火栓,麻生津分遣所,福井市三十八社町３４番１６号,35.99885749444445,136.1909423527778,150,
479,公設消火栓,麻生津分遣所,福井市三十八社町３３番６６号,35.99743774722222,136.19117642499998,150,
480,公設防火水槽,麻生津分遣所,福井市三十八社町９番２８号,35.99785972777779,136.19330316944442,,
481,公設防火水槽,麻生津分遣所,福井市三十八社町５番２号,36.00118823333333,136.19531475833332,,
482,公設防火水槽,麻生津分遣所,福井市三十八社町２０１番１７号,36.00136895833333,136.18805746111113,,
483,公設消火栓,東分署,福井市西開発３丁目３０６番,36.083550791666674,136.23597903333334,100,
484,公設消火栓,東分署,福井市西開発３丁目２０４番３号,36.08332478888889,136.23545406388888,100,
485,公設消火栓,東分署,福井市西開発３丁目７０６番,36.08250085277777,136.2349130972222,250,
486,公設消火栓,東分署,福井市西開発３丁目７１５番,36.0824458,136.23384215833335,100,
487,公設消火栓,東分署,福井市西開発３丁目８０１番,36.08083501111111,136.23431214444443,100,
488,公設消火栓,西安居分遣所,福井市羽坂町８番５５号２,36.06248633055555,136.1427340333333,100,
489,公設消火栓,西安居分遣所,福井市羽坂町７番２９号,36.061769427777776,136.14282799444445,100,
490,公設消火栓,西安居分遣所,福井市羽坂町７番１９号,36.06157243888888,136.14200306666666,100,
491,公設消火栓,西安居分遣所,福井市羽坂町２４番２３号１,36.06142244722222,136.14119114444443,200,
492,公設消火栓,西安居分遣所,福井市羽坂町７番５号,36.06227933611111,136.1413931583333,100,
493,公設消火栓,西安居分遣所,福井市羽坂町２４番１号２９,36.061240455555556,136.14039621944443,200,
494,公設消火栓,西安居分遣所,福井市羽坂町２７番１９号,36.06100646666667,136.13924533055558,200,
495,公設消火栓,西安居分遣所,福井市羽坂町２６番２号,36.061471399999995,136.1386943972222,100,
496,公設消火栓,西安居分遣所,福井市羽坂町３４番３７号,36.060735480555564,136.13805444444446,200,
497,公設消火栓,西安居分遣所,福井市羽坂町３４番１３号,36.06118340555556,136.13681257777776,100,
498,公設消火栓,西安居分遣所,福井市羽坂町３４番３１号１,36.06056248611111,136.13696654999998,200,
499,公設消火栓,西安居分遣所,福井市羽坂町３３番１号３,36.06033949722222,136.13595364722224,200,
500,公設消火栓,西安居分遣所,福井市羽坂町８番５７号,36.06229234722223,136.14222607499997,150,
501,公設消火栓,中消防署,福井市二の宮２丁目１２番２０号,36.08613375555556,136.22290166944447,100,
502,公設消火栓,中消防署,福井市二の宮２丁目３番１１号,36.0860608361111,136.22416460833333,100,
503,公設防火水槽,東分署,福井市丸山２丁目７０５,36.07442238055556,136.24593666944446,,
504,公設消火栓,東分署,福井市新保２丁目３０１番,36.07781632500001,136.25117528333334,100,
505,公設消火栓,麻生津分遣所,福井市三尾野町１１番４７号,36.00516877222223,136.16464234444442,150,
506,公設消火栓,麻生津分遣所,福井市三尾野町１６番５３号,36.00340703888889,136.16471746111114,100,
507,公設消火栓,麻生津分遣所,福井市三尾野町７番４２号,36.006523561111116,136.16431427777778,150,
508,公設消火栓,麻生津分遣所,福井市三尾野町６番８３号,36.007817369444446,136.164440175,150,
509,公設消火栓,麻生津分遣所,福井市三尾野町１０番３号,36.007411450000006,136.16596706111113,100,
510,公設消火栓,麻生津分遣所,福井市三尾野町１０番３号,36.0063336111111,136.16575115833334,100,
511,公設消火栓,麻生津分遣所,福井市三尾野町２９番２号２４,36.009598172222226,136.17040950555554,150,
512,公設消火栓,麻生津分遣所,福井市三尾野町２９番２号２６,36.0087573,136.17015858333332,150,
513,公設消火栓,東分署,福井市丸山２丁目２３０２番,36.07650532222222,136.24877548333336,200,
514,公設消火栓,東分署,福井市丸山３丁目２０５番２号,36.07600538333333,136.2490054666667,100,
515,公設消火栓,東分署,福井市丸山２丁目２４０９番,36.07542244166666,136.24897746944444,200,
516,公設消火栓,東分署,福井市丸山２丁目１７３５番,36.076161341666676,136.2485025055556,100,
517,公設消火栓,東分署,福井市丸山２丁目２３０７番,36.07693625555555,136.24835551666666,100,
518,公設消火栓,東分署,福井市丸山２丁目１９０６番,36.07751116944445,136.24786655277777,100,
519,公設防火水槽,麻生津分遣所,福井市三十八社町１５番１２号,35.99621697222222,136.1918094388889,,
520,私設防火水槽,麻生津分遣所,福井市三十八社町１４番７号,35.99580798611111,136.18917176111108,,
521,私設防火水槽,麻生津分遣所,福井市三十八社町３３番６６号,35.99796964722221,136.19089841944444,,
522,私設防火水槽,麻生津分遣所,福井市三十八社町３３番６６号,35.99792760833333,136.1890936138889,,
523,公設消火栓,麻生津分遣所,福井市三本木町９番２２号,35.98747367499999,136.2064432111111,150,
524,公設消火栓,麻生津分遣所,福井市真木町１９番７号,36.004309897222214,136.19965818333336,150,
525,公設消火栓,麻生津分遣所,福井市三本木町９番２８号,35.987503700000005,136.2074010972222,150,
526,公設消火栓,麻生津分遣所,福井市三本木町１番１号,35.99709630555556,136.2074357361111,100,
527,河川,美山分署,福井市三万谷町３５番３１号　,36.00899747222222,136.31931380555557,,
528,公設消火栓,麻生津分遣所,福井市三十八社町２番１０号,36.00230807777777,136.19603962222223,250,
529,公設消火栓,麻生津分遣所,福井市三十八社町７番７１号,35.999685449999994,136.19429595,250,
530,公設消火栓,麻生津分遣所,福井市三十八社町９番２７号,35.99792071944444,136.19336215833331,250,
531,公設消火栓,麻生津分遣所,福井市三十八社町１１番１２号,35.996120002777786,136.19243937777776,250,
532,公設消火栓,麻生津分遣所,福井市三十八社町１０番８号,35.99632600555555,136.19418816944443,100,
533,公設消火栓,麻生津分遣所,福井市三十八社町１０番４号１,35.99566410555556,136.1936682694444,100,
534,公設消火栓,麻生津分遣所,福井市三十八社町４０１番２２号,36.00154398333333,136.1897092861111,150,
535,公設消火栓,麻生津分遣所,福井市三十八社町５０６番,36.001121080555556,136.19038225,100,
536,公設消火栓,中消防署,福井市二の宮２丁目２番２７号,36.083928119444444,136.22447866944447,150,
537,公設消火栓,中消防署,福井市二の宮４丁目３０番５号,36.085774349999994,136.20917625,100,
538,公設消火栓,中消防署,福井市二の宮４丁目１７番１６号,36.08537139444444,136.20905925833335,150,
539,公設消火栓,中消防署,福井市二の宮１丁目４番１０号,36.085531225,136.22999232777775,100,
540,公設消火栓,中消防署,福井市二の宮２丁目７番４１号,36.084860963888886,136.22377667499998,100,
541,公設消火栓,中消防署,福井市二の宮２丁目１１－２２,36.08563585277778,136.2235096583333,100,
542,公設消火栓,中消防署,福井市二の宮２丁目１７番２７号,36.08579594166667,136.2254745527778,100,
543,私設防火水槽,麻生津分遣所,福井市三尾野町２９番２号２４,36.00973815,136.17041849444445,,
544,私設防火水槽,麻生津分遣所,福井市三尾野町２９番２号１６,36.010492005555555,136.1679716666667,,
545,その他,麻生津分遣所,福井市三尾野町地係,36.00172328888888,136.16448660555554,,
546,公設消火栓,川西分署,福井市水切町２５番６０号,36.14399086111111,136.14403659444446,100,
547,公設消火栓,川西分署,福井市水切町３５番２９号,36.143760844444444,136.14258182499998,100,
548,公設消火栓,川西分署,福井市水切町３５番７０号,36.14384679722223,136.1412679944444,100,
549,公設消火栓,川西分署,福井市水切町３４番５号,36.14498268055555,136.14136783333333,100,
550,公設消火栓,川西分署,福井市水切町３４番８号,36.14493771944444,136.14256167777776,100,
551,公設消火栓,川西分署,福井市水切町３９番２４号,36.14352693888889,136.1450315138889,100,
552,公設消火栓,川西分署,福井市水切町,36.14484961388888,136.13856823333333,300,
553,公設消火栓,東分署,福井市丸山１丁目７０７番,36.073941302777776,136.24351378333336,100,
554,公設消火栓,東分署,福井市丸山３丁目１０１番,36.07484950555555,136.24908046388887,100,
555,公設消火栓,西安居分遣所,福井市水越１丁目５１０番,36.06603258333334,136.18941370277776,100,
556,公設消火栓,西安居分遣所,福井市水越１丁目８０２番,36.06579360555555,136.18855578333333,150,
557,公設防火水槽,西安居分遣所,福井市水越２丁目５０３番,36.065426647222225,136.18783584166667,,
558,公設防火水槽,西安居分遣所,福井市水越２丁目,36.06721043611112,136.18880582499997,,
559,公設防火水槽,殿下分遣所,福井市水谷町３９番１号,36.03015065277778,136.05567856666664,,
560,河川,殿下分遣所,福井市水谷町１３－３　,36.03082959444445,136.0563234388889,,
561,公設消火栓,麻生津分遣所,福井市三尾野町２９番２号１４,36.009510166666665,136.16884165277776,150,
562,公設消火栓,麻生津分遣所,福井市三尾野町２９番２号,36.00962513611112,136.1678837333333,150,
563,公設消火栓,麻生津分遣所,福井市三尾野町２９番２号７,36.01119689722222,136.16788562500003,100,
564,公設消火栓,麻生津分遣所,福井市三尾野町２９番２号３９,36.01152883611112,136.1667177111111,150,
565,公設消火栓,麻生津分遣所,福井市三尾野町地係,36.00546375555555,136.1666081388889,150,
566,公設消火栓,麻生津分遣所,福井市三尾野町３０番１２号１,36.00635262222222,136.16675406111113,150,
567,公設消火栓,麻生津分遣所,福井市三尾野町３０番１２号１,36.00692854444445,136.16753895,150,
568,公設防火水槽,麻生津分遣所,福井市三尾野町６番８６号,36.007486427777785,136.16507213888892,,
569,公設防火水槽,麻生津分遣所,福井市三尾野町１１番４８号,36.00512378333334,136.16508930555557,,
570,公設防火水槽,麻生津分遣所,福井市三尾野町７番２８号,36.006864513888885,136.1644922388889,,
571,公設消火栓,西分署,福井市三郎丸１丁目６０４番,36.07709719444444,136.1928000388889,100,
572,公設消火栓,南消防署,福井市西木田５丁目７番１５号,36.051234763888885,136.20599467500003,100,
573,公設消火栓,麻生津分遣所,福井市三十八社町６１５番,36.00062216944445,136.19036728611113,100,
574,公設消火栓,麻生津分遣所,福井市三十八社町地係,35.999892275,136.18969640833333,100,
575,公設消火栓,麻生津分遣所,福井市三十八社町７０１,35.99979624722222,136.1881875694444,100,
576,公設消火栓,麻生津分遣所,福井市三十八社町７０６,35.99975021666666,136.18685470833333,100,
577,公設消火栓,麻生津分遣所,福井市三十八社町３０２番２６号,36.00067009166667,136.18827549444447,150,
578,公設消火栓,麻生津分遣所,福井市三十八社町４０１番１２号,36.00104505555556,136.18921537222224,150,
579,公設消火栓,麻生津分遣所,福井市中野１丁目１４０３,36.000998986111114,136.1868016138889,150,
580,公設消火栓,麻生津分遣所,福井市三十八社町４０１番１号,36.00105602777778,136.18838745277776,100,
581,公設消火栓,麻生津分遣所,福井市三十八社町１４番６号５,35.99578800277778,136.18968270555553,100,
582,公設消火栓,麻生津分遣所,福井市三十八社町１番１２３号,36.00146219722222,136.19552571944448,250,
583,公設消火栓,麻生津分遣所,福井市三十八社町５番６号,36.00050933055555,136.1948158472222,250,
584,公設消火栓,麻生津分遣所,福井市三十八社町７番６９号,35.998614608333334,136.19363108611108,250,
585,公設消火栓,西分署,福井市三郎丸町２５番１号,36.080985686111106,136.1930673,100,
586,公設消火栓,西分署,福井市三郎丸町２６番２号,36.08166056388889,136.1943752861111,100,
587,公設消火栓,西分署,福井市三郎丸町２１番１９号,36.08069469722222,136.1943252055556,100,
588,公設消火栓,西分署,福井市三郎丸町２８番１９号,36.081955552777785,136.19332836111107,100,
589,公設消火栓,西分署,福井市三郎丸町２８番１号,36.08257148611112,136.1927364361111,100,
590,公設消火栓,西分署,福井市三郎丸町２８番１号,36.081969586111114,136.19193143055554,100,
591,公設消火栓,東分署,福井市丸山３丁目５０７番,36.07735228611111,136.24968340555554,100,
592,公設消火栓,東分署,福井市丸山２丁目１３１４番,36.074452433333335,136.24699162222225,100,
593,公設消火栓,東分署,福井市丸山２丁目１４０５番,36.07372248888889,136.24666963611108,150,
594,公設消火栓,東分署,福井市丸山２丁目１４０６番,36.07382744722222,136.24607266388892,100,
595,公設消火栓,東分署,福井市丸山１丁目８２０番,36.07413633611112,136.2445557333333,100,
596,公設消火栓,東分署,福井市丸山２丁目２６０３番,36.07482446666666,136.24833052222223,100,
597,公設消火栓,東分署,福井市丸山２丁目１６０３番,36.07524135,136.24695562222223,150,
598,公設消火栓,東分署,福井市丸山２丁目６１７番,36.0741303888889,136.24555868888888,100,
599,私設防火水槽,西分署,福井市三ツ屋町８番１号,36.08510204444444,136.19591453055554,,
600,私設防火水槽,西分署,福井市三ツ屋町８番１号,36.08509110833334,136.19412858055554,,
601,公設消火栓,清水分署,福井市三留町４０番,36.04229585,136.14999293611115,200,
602,公設消火栓,清水分署,福井市三留町６１番１２号,36.04119598055556,136.14871508888888,200,
603,公設消火栓,清水分署,福井市三留町６１番６号,36.040913016666664,136.14902605277777,200,
604,公設消火栓,清水分署,福井市三留町４１番３号,36.04028809166667,136.14923203333333,200,
605,公設消火栓,清水分署,福井市三留町４１番１１号,36.040151108333326,136.14873709166667,100,
606,公設消火栓,西分署,福井市三ツ屋１丁目１０３番,36.08314144444445,136.19169251944442,100,
607,公設消火栓,西分署,福井市三ツ屋１丁目４１９番,36.08306043333334,136.19241948333337,100,
608,公設消火栓,西分署,福井市三ツ屋１丁目４１５番,36.083534375,136.19228952222218,100,
609,公設消火栓,東分署,福井市丸山１丁目１１０７番,36.07587714444445,136.24441373611108,100,
610,公設消火栓,東分署,福井市丸山１丁目８０４番,36.07452227500001,136.24417575000004,100,
611,公設消火栓,東分署,福井市丸山１丁目７０１番,36.074330225,136.24284481111113,150,
612,公設消火栓,東分署,福井市丸山１丁目５０２番,36.07319131944445,136.24231984166667,100,
613,公設消火栓,西分署,福井市三郎丸１丁目１３０１番,36.07845300277778,136.19408103611113,100,
614,公設消火栓,西分署,福井市三郎丸１丁目１４１０番,36.078999933333336,136.1938171,100,
615,公設消火栓,西分署,福井市三郎丸３丁目１１０５番,36.082102491666674,136.1948762972222,200,
616,公設消火栓,西分署,福井市三郎丸３丁目１１０２番,36.08174954166667,136.19479726944442,100,
617,公設消火栓,西分署,福井市三郎丸３丁目１２０８番,36.082505466666674,136.19379238333335,100,
618,公設消火栓,西分署,福井市三郎丸４丁目３０２番,36.08282739166667,136.1948643611111,100,
619,公設消火栓,西分署,福井市三郎丸４丁目３０３番,36.08315236111112,136.19437841111107,100,
620,公設消火栓,西分署,福井市三郎丸４丁目５０７番,36.08378828055555,136.19420846944442,100,
621,公設消火栓,西分署,福井市三郎丸４丁目,36.083788255555554,136.1950254388889,100,
622,公設消火栓,西分署,福井市三郎丸４丁目１０６番,36.082305463888886,136.19484731666665,100,
623,公設消火栓,西分署,福井市三郎丸３丁目１２０１番,36.082524452777776,136.19415836666664,200,
624,公設消火栓,西分署,福井市三郎丸４丁目２０６番,36.083105386111114,136.19378343055556,100,
625,公設消火栓,西分署,福井市三郎丸３丁目１２１２番,36.08314139166667,136.19347844722222,200,
626,公設消火栓,西分署,福井市三郎丸２丁目２８１２番,36.08120268333333,136.19191438055557,150,
627,公設消火栓,西分署,福井市三郎丸１丁目１３１４番,36.079730825000006,136.19436112222223,150,
628,公設消火栓,東分署,福井市長本町４０７,36.07260529444444,136.24055592777776,100,
629,公設消火栓,東分署,福井市長本町５０６,36.07223842500001,136.24235584444443,100,
630,公設消火栓,東分署,福井市長本町,36.072866375,136.242686825,100,
631,公設消火栓,東分署,福井市長本町１２２番４号,36.07521907499999,136.24182785555558,100,
632,公設消火栓,東分署,福井市長本町,36.07512410833334,136.24228383333332,100,
633,公設消火栓,東分署,福井市長本町１１７,36.075366075000005,136.2421418388889,150,
634,公設消火栓,東分署,福井市長本町,36.07312424166666,136.2406449222222,100,
635,公設消火栓,東分署,福井市長本町２１９,36.07418616666667,136.24146387777776,100,
636,公設消火栓,東分署,福井市長本町１００８,36.07511314166666,136.24284780833332,100,
637,公設消火栓,東分署,福井市長本町１０２９,36.07604910833333,136.24410075000003,100,
638,公設消火栓,東分署,福井市長本町,36.074549174999994,136.24236183333335,100,
639,公設消火栓,川西分署,福井市中町１５番８号,36.10285688611111,136.13980263888888,100,
640,公設消火栓,川西分署,福井市中町１４番２０号,36.10257090833334,136.1393086888889,100,
641,公設消火栓,川西分署,福井市中町４番３１号,36.10591262222223,136.14346928888887,150,
642,河川,川西分署,福井市中町,36.10254095277778,136.1403385861111,,
643,公設消火栓,臨海消防署,福井市中山町４番５６号,36.140055786111105,136.11700879444444,350,
644,公設消火栓,臨海消防署,福井市中山町４番４２号,36.14005780833334,136.11870065833332,350,
645,公設消火栓,臨海消防署,福井市中山町４番４９号,36.140443749999996,136.1179706888889,100,
646,公設防火水槽,臨海消防署,福井市中山町２番９号,36.140468761111116,136.11898460555557,,
647,公設消火栓,西分署,福井市三ツ屋１丁目６０２番,36.084221316666664,136.1914226,100,
648,公設消火栓,西分署,福井市三ツ屋１丁目４１３番,36.08368338055556,136.19153156111113,100,
649,公設消火栓,西分署,福井市三ツ屋２丁目１０５番,36.08463823611111,136.19220060277775,150,
650,公設消火栓,西分署,福井市三ツ屋２丁目２１２番,36.08545815,136.19167567499997,100,
651,公設消火栓,西分署,福井市三ツ屋２丁目７０２,36.085471125000005,136.19234265833336,100,
652,公設消火栓,西分署,福井市三ツ屋２丁目７０５番,36.085196116666665,136.19353360555556,100,
653,公設消火栓,西分署,福井市三ツ屋２丁目６０３番,36.084799152777784,136.19400855833334,100,
654,公設消火栓,西分署,福井市三ツ屋２丁目４１１番,36.084805180555556,136.19317658611115,100,
655,公設消火栓,西分署,福井市三ツ屋２丁目１０８番,36.08433524722222,136.1930575527778,100,
656,公設消火栓,東分署,福井市西開発２丁目５１３番３号,36.07917117777779,136.2337701972222,100,
657,公設消火栓,東分署,福井市西開発２丁目５０３番　,36.07878526944444,136.23468913888888,100,
658,公設消火栓,東分署,福井市西開発４丁目４０１番,36.08688630277778,136.2341951111111,200,
659,公設消火栓,東分署,福井市西開発４丁目７０９番,36.086614241666666,136.2325951861111,100,
660,公設消火栓,東分署,福井市西開発４丁目６２１番,36.08544728611111,136.23093728055557,100,
661,公設消火栓,東分署,福井市西開発４丁目１００３番,36.08660918333333,136.23150923888892,100,
662,公設消火栓,東分署,福井市西開発４丁目９０５番,36.08722509722222,136.23121427499999,100,
663,公設消火栓,東分署,福井市西開発４丁目９０６番,36.086678119444436,136.23052329166669,100,
664,公設消火栓,東分署,福井市西開発４丁目９１１番,36.087524997222225,136.2299563527778,100,
665,公設消火栓,東分署,福井市西開発４丁目５０１番,36.085406486111104,136.23444510000002,200,
666,公設消火栓,南消防署,福井市西木田３丁目７番５号,36.05542336666667,136.21211423611112,300,
667,公設消火栓,南消防署,福井市西木田３丁目６番１４号,36.05465046944445,136.21211123888892,300,
668,公設消火栓,南消防署,福井市西木田２丁目５番１２号,36.053981549999996,136.21176426388885,300,
669,公設消火栓,南消防署,福井市西木田３丁目１３番１５号,36.05336258611111,136.21000038333335,100,
670,公設消火栓,南消防署,福井市西木田３丁目１５番１４号,36.05445944444445,136.21026636666664,100,
671,公設消火栓,南消防署,福井市西木田３丁目１８番７号,36.05503937777779,136.21060834444444,100,
672,公設消火栓,南消防署,福井市西木田４丁目３番１７号,36.05328456666667,136.20889444999997,100,
673,公設消火栓,南消防署,福井市西木田５丁目７番３号,36.051962700000004,136.20728657499998,100,
674,公設消火栓,南消防署,福井市西木田３丁目４番１６号,36.05280669444444,136.2113833,300,
675,公設消火栓,南消防署,福井市西木田３丁目３番７号,36.05312568333333,136.2125862111111,100,
676,公設消火栓,南消防署,福井市西木田５丁目１２番２５号,36.048540030555564,136.20276496666665,200,
677,公設消火栓,南消防署,福井市西木田１丁目２番１５号,36.054539605555554,136.21669691944444,100,
678,公設消火栓,西安居分遣所,福井市西学園２丁目１０７番,36.06842628333333,136.1883639333333,100,
679,公設消火栓,西安居分遣所,福井市西学園２丁目７０１番,36.06840428611112,136.18792797777775,100,
680,公設消火栓,西安居分遣所,福井市西学園２丁目８１５番,36.06905120555555,136.18774202777777,100,
681,公設消火栓,西安居分遣所,福井市西学園３丁目６０４番,36.069687127777776,136.18723310833332,100,
682,公設消火栓,西安居分遣所,福井市西学園３丁目８０１番２号,36.069979091666674,136.18662918333334,100,
683,公設消火栓,西安居分遣所,福井市西学園３丁目４１０番,36.069868102777775,136.18588925277774,100,
684,公設防火水槽,美山分署,福井市中手町２６番３号,35.96010178611111,136.41867417499998,,
685,公設防火水槽,美山分署,福井市中手町１５番１６号,35.96209559444445,136.41515856388892,,
686,公設消火栓,西分署,福井市三郎丸町２２番４号,36.08018379166667,136.19307224166664,100,
687,公設消火栓,西分署,福井市三郎丸町２２番１号,36.08091970555555,136.19257832499997,100,
688,公設防火水槽,西分署,福井市三郎丸町,36.08201955277778,136.1930033833333,,
689,公設消火栓,西安居分遣所,福井市更毛町８番６号,36.05582580833334,136.12027316388887,150,
690,公設消火栓,西安居分遣所,福井市更毛町９番１３号,36.05500791666667,136.1199881805556,150,
691,公設消火栓,西安居分遣所,福井市更毛町９番７号,36.05417301388889,136.11895626944445,150,
692,公設消火栓,西安居分遣所,福井市更毛町１１番６号,36.05411600555555,136.11794336944445,100,
693,公設消火栓,西安居分遣所,福井市更毛町８番１５号,36.053469094444445,136.11774538055553,150,
694,公設消火栓,西安居分遣所,福井市更毛町７番２号,36.052957147222216,136.1165804916667,300,
695,公設消火栓,西安居分遣所,福井市更毛町地係,36.05176428055556,136.11490666666668,300,
696,公設防火水槽,西安居分遣所,福井市更毛町４番１号,36.05443298888889,136.1196942,,
697,公設防火水槽,美山分署,福井市皿谷町３０番２３号　,36.027359999999994,136.42851959166666,,
698,河川,美山分署,福井市皿谷町３０番１５号,36.02811888888889,136.4271836861111,,
699,受水槽,美山分署,福井市小和清水町地係　,36.00800719722223,136.35068850000002,,
700,公設消火栓,西分署,福井市三郎丸２丁目２０７番,36.07582538055555,136.19018116944443,100,
701,公設消火栓,西分署,福井市三郎丸２丁目１０８番,36.07542541666666,136.19181400833335,100,
702,公設消火栓,東分署,福井市西開発４丁目５０３番,36.08464757777778,136.23450910277774,250,
703,公設消火栓,東分署,福井市西開発４丁目６１８番,36.08441944722222,136.2315962638889,250,
704,公設消火栓,東分署,福井市西開発３丁目５１９番３号,36.08374253611111,136.23177626388892,100,
705,公設消火栓,東分署,福井市西開発１丁目２６１０番,36.07741938611111,136.23381221111114,100,
706,公設消火栓,東分署,福井市西開発１丁目１８０６番,36.074783930555554,136.23827601944447,200,
707,公設消火栓,東分署,福井市西開発１丁目２３０５番,36.07563776388889,136.23695607222223,100,
708,公設消火栓,東分署,福井市西開発１丁目２８０２番,36.07589064999999,136.2354271361111,200,
709,公設消火栓,東分署,福井市西開発１丁目２５０３番２号,36.07717950000001,136.23543412222222,200,
710,公設消火栓,東分署,福井市西開発２丁目１０２番,36.07844347777778,136.23759101666664,100,
711,公設消火栓,東分署,福井市西開発１丁目２５０８番,36.07802846944445,136.2365980638889,250,
712,公設防火水槽,中消防署,福井市二の宮２丁目２７番３８号,36.08778856111112,136.22248778333332,,
713,私設防火水槽,中消防署,福井市二の宮５丁目１８番１号,36.08758508333333,136.2070986916667,,
714,公設防火水槽,美山分署,福井市縫原町１５番２３号,36.004824686111114,136.4052332861111,,
715,公設防火水槽,美山分署,福井市縫原町１５番２８号,36.00317989444444,136.40512732499997,,
716,公設防火水槽,美山分署,福井市野波町２６番２６号,36.005676638888886,136.42989960000003,,
717,公設防火水槽,美山分署,福井市野波町,36.0039769,136.43352416666664,,
718,公設防火水槽,美山分署,福井市野波町１９番９号,36.00400186666668,136.431296425,,
719,公設防火水槽,美山分署,福井市計石町３０番３号,35.99776358888889,136.4321942861111,,
720,公設防火水槽,美山分署,福井市計石町３５番５号,35.99729166111112,136.43439400833333,,
721,公設消火栓,南消防署,福井市西谷１丁目１４０１番,36.03690566666667,136.20746214444446,100,
722,公設消火栓,南消防署,福井市西谷１丁目１４０５番,36.037722591666665,136.2084810388889,100,
723,公設消火栓,南消防署,福井市西谷１丁目１６２５番,36.03560881111111,136.20655626944446,100,
724,公設消火栓,南消防署,福井市西谷１丁目１００２番,36.03878345277778,136.2084669888889,200,
725,公設消火栓,南消防署,福井市西谷１丁目１２０１番,36.03866945555555,136.20809501944447,100,
726,公設消火栓,南消防署,福井市西谷１丁目９０５番,36.03881941944445,136.20755905000001,200,
727,公設消火栓,社分署,福井市西谷２丁目６０１番,36.038411438888886,136.20640614722222,200,
728,公設消火栓,南消防署,福井市西谷１丁目,36.038302455555566,136.20653414444442,100,
729,公設消火栓,南消防署,福井市西谷１丁目１４０２番,36.03683364444445,136.20649821388892,100,
730,公設消火栓,社分署,福井市西谷２丁目,36.03671165833334,136.20635423055552,200,
731,公設消火栓,社分署,福井市西谷２丁目５０１番,36.03886635833332,136.20574517222224,100,
732,公設消火栓,南消防署,福井市西谷１丁目,36.03900833333333,136.2055011833333,100,
733,公設消火栓,社分署,福井市西谷２丁目５１２番,36.03898030555555,136.20446225555554,100,
734,公設消火栓,社分署,福井市西谷２丁目,36.03914426666667,136.20393728333332,200,
735,公設防火水槽,南消防署,福井市西木田５丁目２番２０号,36.052047669444434,136.20649461944444,,
736,公設防火水槽,南消防署,福井市西木田２丁目６番１０号,36.0531487,136.21332816388892,,
737,公設防火水槽,南消防署,福井市西木田１丁目１６番１号,36.05465358055556,136.2162689472222,,
738,公設防火水槽,美山分署,福井市西河原町５番１３号,35.963189661111116,136.3662415388889,,
739,公設消火栓,西分署,福井市三郎丸１丁目１０２番,36.07527242777778,136.1928779111111,100,
740,公設消火栓,中消防署,福井市新田塚１丁目７４番１０号,36.091984724999996,136.2087954722222,100,
741,公設消火栓,中消防署,福井市新田塚２丁目１０５番１５号,36.09380140555555,136.20273840555552,100,
742,公設消火栓,中消防署,福井市新田塚１丁目１番１号,36.08881102222222,136.20862143333335,100,
743,公設消火栓,中消防署,福井市新田塚１丁目１０番１４号,36.088801977777784,136.2072846722222,100,
744,公設消火栓,中消防署,福井市新田塚１丁目２０番３号,36.08894200833333,136.20852145277777,200,
745,公設消火栓,中消防署,福井市新田塚１丁目２１番７号,36.08892896944445,136.20738765555558,200,
746,公設消火栓,中消防署,福井市新田塚２丁目３３－５,36.08886384166667,136.20338637499998,200,
747,公設消火栓,中消防署,福井市新田塚２丁目３４番３号,36.08880979722222,136.20189964166667,200,
748,公設消火栓,中消防署,福井市新田塚２丁目３４番３９号,36.088759752777776,136.20044690555557,200,
749,公設消火栓,中消防署,福井市新田塚１丁目１０番２９号,36.08866594166666,136.20579494166665,100,
750,公設消火栓,中消防署,福井市新田塚１丁目２２番１０号,36.088891925,136.20595491388892,200,
751,公設消火栓,中消防署,福井市新田塚２丁目３２番３７号,36.08888488888889,136.20485511111107,200,
752,公設消火栓,中消防署,福井市新田塚２丁目１８番１５号,36.087807880555545,136.20193065833334,100,
753,公設消火栓,中消防署,福井市新田塚１丁目５１番２６号,36.09299760833334,136.2079686222222,100,
754,公設消火栓,中消防署,福井市新田塚１丁目５３番１６号,36.093293555555555,136.20699577222223,100,
755,公設消火栓,中消防署,福井市新田塚２丁目１２２番２４号,36.09361246111111,136.20437416666667,150,
756,公設消火栓,中消防署,福井市新田塚２丁目１２４番６号,36.09446835,136.20272439722223,150,
757,公設消火栓,中消防署,福井市新田塚２丁目１３１番１２号,36.094995294444445,136.2022164611111,100,
758,公設消火栓,西安居分遣所,福井市羽坂町１５番４号１２,36.061768458333326,136.14478579722223,150,
759,公設消火栓,西安居分遣所,福井市羽坂町１５番１号７,36.06191845833334,136.14591269166667,150,
760,公設消火栓,西安居分遣所,福井市羽坂町１３番２３号４,36.06221044444445,136.14734555555552,100,
761,公設消火栓,西安居分遣所,福井市羽坂町１６番１号２７,36.06152252777777,136.14705455833334,100,
762,公設消火栓,西安居分遣所,福井市羽坂町１６番１号９,36.061455522222225,136.14619964166667,150,
763,公設消火栓,西安居分遣所,福井市羽坂町１５番４号１５,36.06130752777778,136.14536372222219,100,
764,公設消火栓,西安居分遣所,福井市羽坂町１７番４号３,36.060560599999995,136.14434380555556,100,
765,公設消火栓,西安居分遣所,福井市羽坂町１７番１号６,36.06068659722223,136.14508373333337,150,
766,私設防火水槽,南消防署,福井市花堂北２丁目２５番３５号,36.040886191666665,136.20897285833334,,
767,私設防火水槽,南消防署,福井市花堂北２丁目２５番３５号,36.04177506944444,136.20879783055557,,
768,私設防火水槽,南消防署,福井市花堂北２丁目２５番３５号,36.042258030555566,136.20965075,,
769,私設防火水槽,南消防署,福井市花堂北２丁目２５番３５号,36.04226603333334,136.20973674444443,,
770,私設防火水槽,南消防署,福井市花堂北１丁目１番３０号,36.04278312222222,136.2158643833333,,
771,公設消火栓,南消防署,福井市花堂中２丁目２４番２号,36.03716977777778,136.212539825,150,
772,公設消火栓,南消防署,福井市花堂中２丁目２２番１号,36.03826663611111,136.21268676666665,150,
773,公設消火栓,南消防署,福井市花堂北２丁目２３番３０号,36.040552269444454,136.21019479999998,100,
774,公設消火栓,南消防署,福井市花堂中２丁目８番１５号,36.038927486111106,136.2102558694444,100,
775,公設消火栓,南消防署,福井市花堂中２丁目３番７号,36.04338600555556,136.2143934361111,150,
776,公設防火水槽,美山分署,福井市西河原町６－４５－１,35.96203680555556,136.36728546388886,,
777,公設消火栓,社分署,福井市西下野町１３番６号,36.06551242222222,136.16648830555553,100,
778,公設消火栓,南消防署,福井市花堂中２丁目４番１号,36.039855419444436,136.21233971111116,100,
779,公設消火栓,南消防署,福井市花堂中２丁目７番２４号,36.03980840277777,136.21145876388886,100,
780,公設消火栓,南消防署,福井市花堂中２丁目１９番１６号,36.038869580555556,136.2135696888889,100,
781,公設消火栓,南消防署,福井市花堂中２丁目６番７号,36.03894751111112,136.21127881111113,200,
782,公設消火栓,南消防署,福井市花堂中２丁目２０番１２号,36.03761973888888,136.2132787638889,100,
783,公設消火栓,南消防署,福井市花堂中２丁目２７番１５号,36.03578398055556,136.21312885833336,200,
784,公設消火栓,南消防署,福井市花堂中１丁目３番３１号,36.038719674999996,136.21641453888887,150,
785,公設消火栓,南消防署,福井市花堂中１丁目３番４号,36.03826473333333,136.2163915611111,100,
786,公設消火栓,南消防署,福井市花堂中１丁目１６番,36.03587803333333,136.2156257166667,100,
787,公設消火栓,南消防署,福井市花堂中１丁目１３番２０号,36.03588699722223,136.21436978333332,100,
788,公設消火栓,南消防署,福井市花堂中１丁目１１番５号,36.03736983333333,136.21562264722223,100,
789,公設消火栓,南消防署,福井市花堂中１丁目１６番,36.03476021666667,136.21681370277778,100,
790,公設消火栓,南消防署,福井市花堂中１丁目１６,36.03615903888889,136.21734160833333,150,
791,公設消火栓,南消防署,福井市花堂北２丁目３２番４７号,36.04161101666667,136.20623101388887,100,
792,私設消火栓,南消防署,福井市花堂北２丁目２５番地３５,36.04089421666667,136.2098478027778,100,
793,私設消火栓,南消防署,福井市花堂北２丁目２５番地３５,36.04153310000001,136.20870884722223,100,
794,公設消火栓,中消防署,福井市新田塚２丁目１１４番３０号,36.09527624444444,136.20116060277778,150,
795,公設消火栓,中消防署,福井市新田塚１丁目３３番１９号,36.090586783333336,136.20631485833334,100,
796,海,臨海消防署,福井市長橋町　長橋漁港,36.113715786111115,136.04928466666664,,
797,海,臨海消防署,福井市長橋町地係　長橋小学校,36.110552236111104,136.0485458861111,,
798,公設消火栓,東分署,福井市長本町３２番６号,36.073508133333334,136.23939197777776,200,
799,公設消火栓,社分署,福井市西下野町１２番２号,36.06422157222222,136.16720818888888,100,
800,公設消火栓,社分署,福井市西下野町１３番１号２,36.06594835277778,136.16523847222226,100,
801,公設消火栓,社分署,福井市西下野町地係,36.064090561111115,136.16576136666666,100,
802,公設消火栓,社分署,福井市西下野町１３番１３号,36.065340416666665,136.16524445833335,100,
803,公設消火栓,社分署,福井市西下野町地係,36.0644125,136.164156575,100,
804,公設防火水槽,社分署,福井市西下野町,36.06491249444445,136.16698523055555,,
805,公設防火水槽,社分署,福井市西下野町１３番１号,36.06592135277777,136.1650964888889,,
806,公設消火栓,足羽分遣所,福井市西新町１番８号,35.99507220555556,136.29006490833333,100,
807,公設消火栓,足羽分遣所,福井市西新町４番２９号,35.99362432777778,136.28877404722223,100,
808,公設消火栓,足羽分遣所,福井市西新町１番８号,35.99338533333333,136.2877601833333,150,
809,公設消火栓,足羽分遣所,福井市西新町４番４号,35.99262441944444,136.28846503888892,150,
810,公設消火栓,足羽分遣所,福井市西新町８番７号,35.99198346666667,136.28752913888886,100,
811,公設消火栓,足羽分遣所,福井市西新町６番３号,35.991424525000006,136.2878290666667,150,
812,公設消火栓,足羽分遣所,福井市西新町１番４号,35.995755144444445,136.29074879999996,200,
813,公設消火栓,南消防署,福井市花堂中１丁目５番６号,36.03887563055556,136.21554458055556,100,
814,公設消火栓,南消防署,福井市花堂中１丁目７番１５号,36.03873961111112,136.2141086666667,200,
815,公設消火栓,南消防署,福井市花堂中１丁目８番３３号,36.03761475555555,136.2139447277778,200,
816,公設消火栓,南消防署,福井市花堂北１丁目１１番１５号,36.04060237222222,136.21434456666665,200,
817,公設消火栓,南消防署,福井市花堂北１丁目１２番１９号,36.039658494444446,136.2142226166667,200,
818,公設消火栓,南消防署,福井市花堂北１丁目７番２８号,36.04143631944444,136.21650540833335,100,
819,公設消火栓,南消防署,福井市花堂北１丁目１４番３１号,36.040517422222216,136.2158754861111,100,
820,公設消火栓,南消防署,福井市花堂北１丁目１３番８号,36.0397695138889,136.2155665388889,100,
821,公設消火栓,南消防署,福井市花堂北１丁目７番４号,36.04120236666666,136.21720338055553,150,
822,公設消火栓,南消防署,福井市花堂北１丁目１５番３９号,36.03988354444444,136.21726943888888,150,
823,公設消火栓,中消防署,福井市松本２丁目２５番１８号,36.07468236666666,136.22641779722218,100,
824,公設消火栓,中消防署,福井市松本２丁目１７番１３号,36.07356055555557,136.22754273055554,100,
825,公設消火栓,中消防署,福井市松本２丁目１９番１号,36.07354360555556,136.22858165277776,100,
826,公設消火栓,中消防署,福井市松本１丁目２３番１８号,36.07376865,136.23013853333333,100,
827,公設消火栓,中消防署,福井市松本１丁目１４番２３号,36.07324581944445,136.23246836666664,100,
828,公設消火栓,中消防署,福井市松本１丁目３２番３号,36.07398170555555,136.2318983972222,100,
829,公設消火栓,中消防署,福井市松本１丁目３０番５号,36.07400765277779,136.23086447500003,100,
830,公設消火栓,中消防署,福井市松本１丁目２４番５号,36.07403256944444,136.2290816083333,100,
831,公設消火栓,中消防署,福井市松本１丁目１８番２０号,36.07360374166667,136.23170041944442,100,
832,公設消火栓,北分署,福井市高屋町３３番２５号,36.11377991944445,136.18025113055555,150,
833,公設消火栓,北分署,福井市高屋町３２番３０号,36.11281005,136.17986517500003,150,
834,公設消火栓,北分署,福井市高屋町３０番１３号,36.11243212777779,136.18098406944443,150,
835,公設消火栓,北分署,福井市高屋町３０番４５号,36.11188222777778,136.18207896666667,150,
836,公設消火栓,北分署,福井市高屋町３１番３９号,36.111313338888884,136.18381180555554,150,
837,公設消火栓,北分署,福井市高屋町２４番１２６号,36.111646275,136.18283989444447,150,
838,公設消火栓,北分署,福井市高屋町,36.11594071388888,136.1843226888889,150,
839,公設消火栓,北分署,福井市高屋町２２番３号,36.11500785277778,136.1848266527778,150,
840,公設消火栓,北分署,福井市高屋町２２番３号,36.11424295555556,136.18477866944443,150,
841,公設消火栓,北分署,福井市高屋町２２番１０号,36.11318209722223,136.1845177111111,150,
842,公設消火栓,北分署,福井市高屋町２３番２１号,36.11227121666667,136.18422575277782,150,
843,公設消火栓,北分署,福井市高屋町３１番１号,36.11138533055556,136.18390879444442,150,
844,公設消火栓,北分署,福井市高屋町２４番３４号,36.11275513055555,136.18332883333335,100,
845,公設消火栓,中消防署,福井市高木中央３丁目２０１番,36.08702061111111,136.2396638,100,
846,公設消火栓,中消防署,福井市高木中央３丁目１０１番,36.08783149166666,136.23925082500003,100,
847,公設消火栓,中消防署,福井市高木中央３丁目１７０１番,36.092802947222225,136.23970280833336,100,
848,公設消火栓,麻生津分遣所,福井市大村町２１番３８号,35.996819099999996,136.24338111388892,75,
849,公設消火栓,麻生津分遣所,福井市大村町２１番２４号,35.99606219444445,136.24270214444448,150,
850,公設消火栓,麻生津分遣所,福井市大村町２１番８号,35.99652011111112,136.24139023611107,75,
851,公設消火栓,中消防署,福井市新田塚２丁目５８番１４号,36.089882666666675,136.20058084444446,100,
852,公設消火栓,中消防署,福井市新田塚２丁目６６番１７号,36.09005163055555,136.19987196111114,150,
853,公設消火栓,中消防署,福井市新田塚２丁目７７番６号,36.09065759999999,136.20037785555553,150,
854,公設消火栓,中消防署,福井市新田塚２丁目１１２番５号,36.093607436111114,136.20334331944443,100,
855,公設消火栓,中消防署,福井市新田塚２丁目１０６番１７号,36.09339042222223,136.20199352500003,100,
856,公設消火栓,中消防署,福井市新田塚１丁目７０番２６号,36.09052787777779,136.20924936388892,150,
857,公設消火栓,中消防署,福井市新田塚２丁目４２番１８号,36.08990171944444,136.20229354999998,100,
858,公設消火栓,中消防署,福井市新田塚２丁目４６番２６号,36.089568688888896,136.200471875,100,
859,公設消火栓,中消防署,福井市新田塚２丁目９４番２６号,36.092409538888894,136.2033493333333,100,
860,公設消火栓,中消防署,福井市新田塚２丁目８２番１号,36.09175158611111,136.20303039444443,100,
861,公設消火栓,中消防署,福井市新田塚１丁目３５番１５号,36.09140269166667,136.2057059638889,100,
862,公設消火栓,中消防署,福井市新田塚２丁目８０番１５号,36.09203259722223,136.20432418333334,100,
863,公設消火栓,中消防署,福井市新田塚２丁目２番９号,36.087324038888895,136.20522704444443,100,
864,公設消火栓,中消防署,福井市新田塚２丁目１３番７号,36.08747397777778,136.20390529444447,100,
865,私設防火水槽,南消防署,福井市花堂中２丁目１５番１号,36.03808356944444,136.20923696944445,,
866,私設防火水槽,南消防署,福井市花堂中１丁目１６番４５号,36.036001025000004,136.21594469166664,,
867,私設防火水槽,南消防署,福井市花堂中１丁目１６番４５号,36.03675292777777,136.2160946472222,,
868,私設防火水槽,南消防署,福井市花堂中１丁目１６番４５号,36.03768380277777,136.21606460833334,,
869,公設消火栓,西分署,福井市光陽２丁目２番３６号,36.06865132777777,136.19907681944443,150,
870,公設消火栓,東消防署,福井市河水町２３番１号,36.05020569444445,136.2725294694444,200,
871,公設消火栓,東消防署,福井市河水町１７番１１号,36.05158357222222,136.27250141388893,200,
872,公設消火栓,東消防署,福井市河水町２０番１号,36.05082571944445,136.27480724999998,100,
873,公設消火栓,中消防署,福井市高木北１丁目１００２番,36.09918780000001,136.23184557499997,100,
874,公設消火栓,中消防署,福井市高木北２丁目１１０５番５号,36.099192836111115,136.23271648611112,100,
875,公設消火栓,中消防署,福井市高木北２丁目１１０２番１号,36.09918688333333,136.2338293722222,100,
876,公設消火栓,中消防署,福井市高木北２丁目８０２番１号,36.09883492777777,136.23390935555554,100,
877,公設消火栓,中消防署,福井市高木北２丁目５０４番,36.09825192777778,136.23237649722225,100,
878,公設消火栓,中消防署,福井市高木北２丁目５０８番２号,36.097745969444446,136.2319845222222,100,
879,公設消火栓,中消防署,福井市高木北２丁目１１２番３号,36.097577025,136.23282643333337,100,
880,公設消火栓,中消防署,福井市高木北２丁目７０８番,36.09780002777779,136.2335063722222,100,
881,公設消火栓,中消防署,福井市高木北２丁目１０８番,36.097233027777776,136.2319895083333,100,
882,公設消火栓,中消防署,福井市高木北２丁目１０４番１号,36.096927113888896,136.23319238055555,100,
883,公設消火栓,中消防署,福井市高木北１丁目５０２番,36.097624877777776,136.22958475833332,100,
884,公設消火栓,中消防署,福井市高木北４丁目１３１５番,36.09905211388889,136.23790900555557,100,
885,公設消火栓,中消防署,福井市高木北４丁目３０１番１号,36.09643824722222,136.23487321111108,200,
886,公設消火栓,中消防署,福井市高木北４丁目３０２番,36.096060341666664,136.23572313611112,100,
887,公設消火栓,中消防署,福井市高木北５丁目２０７番,36.09610538611111,136.23663706388888,100,
888,公設消火栓,東分署,福井市間山町１番１５号,36.081029422222215,136.27420616666663,150,
889,公設消火栓,東分署,福井市間山町５番７号,36.08022063055556,136.27605899722224,150,
890,公設消火栓,東分署,福井市間山町,36.08425315833334,136.27537794722224,200,
891,公設消火栓,東分署,福井市間山町３５番２８号,36.08413023333333,136.27641484166665,200,
892,公設消火栓,東分署,福井市間山町３番６０号,36.08427852777777,136.28179126944445,200,
893,公設消火栓,東分署,福井市間山町３番６０号,36.083345613888895,136.28134234444445,100,
894,公設消火栓,中消防署,福井市松本３丁目１９番４号,36.07383537777777,136.2243629666667,100,
895,公設消火栓,中消防署,福井市松本１丁目３３番２７号,36.07424673333334,136.23320629722227,100,
896,公設消火栓,中消防署,福井市松本２丁目３２番１１号,36.07553525277777,136.22625179444447,100,
897,公設消火栓,中消防署,福井市松本４丁目２番６号,36.071048524999995,136.21895256666667,300,
898,公設消火栓,中消防署,福井市松本３丁目２７番２号,36.07482326111111,136.22456293333335,250,
899,公設消火栓,中消防署,福井市松本１丁目３７番２０号,36.075090527777775,136.23095145277776,100,
900,公設消火栓,中消防署,福井市松本２丁目２０番１７号,36.074090508333335,136.2279016972222,100,
901,公設消火栓,中消防署,福井市松本２丁目１８番４号,36.072693691666665,136.22815970000002,100,
902,公設消火栓,中消防署,福井市松本３丁目４番１号,36.07095766666667,136.22268214722223,100,
903,公設防火水槽,美山分署,福井市間戸町３９番１１号,35.98657707777778,136.39394315,,
904,公設消火栓,西分署,福井市三郎丸２丁目１７１０番,36.07727522777778,136.18819740833334,100,
905,公設消火栓,西分署,福井市三郎丸２丁目１６１４番,36.07744519166666,136.189372325,100,
906,公設消火栓,西分署,福井市三郎丸２丁目７０１番,36.076916252777785,136.18985425833336,100,
907,公設消火栓,麻生津分遣所,福井市大村町２８番１９号,35.995500252777774,136.2415022138889,75,
908,公設消火栓,麻生津分遣所,福井市大村町１４番６号,35.99595625,136.24541896666665,100,
909,公設消火栓,麻生津分遣所,福井市大村町１番４号１,36.00021066111111,136.24547604722224,150,
910,公設消火栓,麻生津分遣所,福井市大村町１９番２９号,35.99533528888889,136.24235115555555,100,
911,公設消火栓,麻生津分遣所,福井市大村町１番１１４号,35.998092975000006,136.24692791388887,150,
912,公設防火水槽,麻生津分遣所,福井市大村町２７番８号,35.996151169444445,136.24180020555556,,
913,公設防火水槽,麻生津分遣所,福井市大村町２２番８号,35.99701309444444,136.2448420222222,,
914,私設防火水槽,麻生津分遣所,福井市大村町２５番１４号,35.99656513888888,136.2435830972222,,
915,公設消火栓,清水分署,福井市大森町３番３号２,36.02397291944445,136.11664813888888,100,
916,公設消火栓,清水分署,福井市大森町３番２５号,36.023569966666656,136.11628919166668,150,
917,公設消火栓,清水分署,福井市大森町４番１０号,36.02269907777778,136.11672716666666,100,
918,公設消火栓,清水分署,福井市大森町５番８号,36.022482116666666,136.11785605000003,75,
919,公設消火栓,清水分署,福井市大森町６番５号,36.02201017222222,136.11759409166666,100,
920,公設消火栓,清水分署,福井市加茂町,36.021748202777786,136.1172971333333,200,
921,公設消火栓,清水分署,福井市大森町７番３号,36.021362258333326,136.1179020777778,200,
922,公設消火栓,清水分署,福井市大森町８番１２号　,36.02067434166666,136.1177391138889,200,
923,公設消火栓,清水分署,福井市大森町９番１２号,36.01969545833333,136.11750816944442,200,
924,公設消火栓,南消防署,福井市大町２丁目９０３番,36.03537622500001,136.2203804777778,100,
925,公設消火栓,西分署,福井市日光２丁目２４番２０号,36.07150995833334,136.19973193055554,100,
926,公設消火栓,西分署,福井市日光２丁目２６番５号,36.071035986111106,136.19792811666667,100,
927,受水槽,東分署,福井市原目町３９番４号,36.07440017777778,136.26057658333332,,
928,公設消火栓,中消防署,福井市春山２丁目５番３号,36.067546794444446,136.21318620277776,100,
929,公設消火栓,中消防署,福井市春山２丁目５番２２号,36.06771878888889,136.21372014722223,100,
930,公設消火栓,中消防署,福井市春山２丁目１番１２号,36.06756584166667,136.21470804166668,100,
931,公設消火栓,中消防署,福井市春山２丁目２番１号,36.06747388333333,136.2156499388889,100,
932,公設消火栓,中消防署,福井市春山２丁目１０－２８,36.06786883333334,136.21574093333336,350,
933,公設消火栓,中消防署,福井市春山２丁目２番１２号,36.068060775,136.21470504444443,100,
934,公設消火栓,中消防署,福井市春山２丁目３番１１号,36.06819672777778,136.21381414444446,100,
935,公設消火栓,中消防署,福井市春山１丁目６番,36.06898575555556,136.21781970555557,100,
936,公設消火栓,東分署,福井市林藤島町,36.09748501111111,136.26479264166665,150,
937,公設消火栓,東分署,福井市林町２０番１号,36.088268497222224,136.25623561666663,100,
938,公設消火栓,東分署,福井市林町２０番１号,36.08818762777777,136.25811246944443,100,
939,公設消火栓,東分署,福井市林町１３番５号,36.093773488888885,136.26538167500001,150,
940,公設消火栓,東分署,福井市林町３７番１０号,36.08917227222222,136.26939541388893,100,
941,公設消火栓,東分署,福井市林町２０番１号,36.09004690277778,136.26534276944443,100,
942,公設消火栓,東分署,福井市林町２０番１４号,36.09015201388889,136.2671785972222,100,
943,公設消火栓,東分署,福井市林町１９番３１号,36.08608591111112,136.2588354611111,250,
944,公設消火栓,中消防署,福井市高木２丁目１１２番２号,36.093902288888884,136.22959563055554,100,
945,公設消火栓,中消防署,福井市高木１丁目１２２５番,36.09587090555556,136.22586805833336,100,
946,公設消火栓,中消防署,福井市高木町４番１０号,36.09659398333333,136.22939574444447,100,
947,公設消火栓,中消防署,福井市高木中央３丁目１９０２番,36.092333925,136.23838390000003,100,
948,公設消火栓,中消防署,福井市高木中央３丁目１４１２番,36.09131008611111,136.2391498416667,100,
949,公設防火水槽,社分署,福井市南居町４９番２９号,36.01867398055555,136.17679945555554,,
950,公設防火水槽,社分署,福井市南居町５６番６６号,36.015563375000006,136.17624364444444,,
951,公設防火水槽,社分署,福井市南居町４８番１号,36.01793205555556,136.17499865833332,,
952,私設防火水槽,社分署,福井市南居町８番３号,36.01209281111112,136.17162924444446,,
953,私設防火水槽,社分署,福井市南居町８１番１号,36.01242773888888,136.1689714722222,,
954,プール,社分署,福井市南居町８番３号,36.012021825000005,136.1727581416667,,
955,その他,社分署,福井市南居町５１番１５号,36.01779610833333,136.17832634722225,,
956,その他,社分署,福井市南居町５３番７号,36.01494947222221,136.17848245555555,,
957,公設消火栓,東分署,福井市長本町１１０９,36.07539414444445,136.2434887777778,100,
958,公設消火栓,東分署,福井市長本町２０２,36.073341186111115,136.24006694722223,100,
959,公設消火栓,東分署,福井市長本町２１１,36.07370518611112,136.24083090833338,100,
960,公設消火栓,東分署,福井市長本町６０１,36.07343325555556,136.24157787500002,100,
961,公設消火栓,西分署,福井市三郎丸２丁目３１８番,36.076475305555554,136.18983323611113,200,
962,公設消火栓,西分署,福井市三郎丸２丁目９０６番,36.076253324999996,136.19052216666665,100,
963,公設消火栓,西分署,福井市三郎丸２丁目２１５番２号,36.07592836111111,136.1910811,200,
964,公設消火栓,西分署,福井市三郎丸２丁目１２０２番１号,36.07669226388889,136.1911531416667,100,
965,公設消火栓,西分署,福井市三郎丸１丁目５０２番,36.07597234166667,136.19245299166664,100,
966,公設消火栓,西分署,福井市三郎丸１丁目１０８番,36.075711366666674,136.19327190833334,100,
967,公設消火栓,西分署,福井市三郎丸１丁目６０４番,36.07670324722223,136.19271701944442,100,
968,公設消火栓,西分署,福井市三郎丸１丁目３０３番,36.07634528888889,136.19312596111112,100,
969,公設消火栓,西分署,福井市三郎丸１丁目３０９番,36.07665924166667,136.1937219361111,150,
970,公設消火栓,西分署,福井市三郎丸２丁目３１０１番１号,36.08171662777777,136.1915834333333,100,
971,公設消火栓,西分署,福井市三郎丸２丁目２９０４番２号,36.080849747222224,136.19115039999997,100,
972,公設消火栓,西分署,福井市三郎丸２丁目６０１番,36.076918263888885,136.18862135555557,100,
973,公設消火栓,西分署,福井市三郎丸２丁目３０６番,36.076171349999996,136.18904428055555,100,
974,公設消火栓,川西分署,福井市佐野町８番５４号,36.13895828333334,136.14031876111113,350,
975,公設消火栓,川西分署,福井市佐野町１４番８号,36.14155503055556,136.14097133055554,300,
976,公設消火栓,川西分署,福井市佐野町２番１号,36.13948609722222,136.13606930833336,350,
977,公設消火栓,川西分署,福井市佐野町,36.14063613055555,136.1411264277778,300,
978,公設消火栓,川西分署,福井市佐野町２０番９号,36.13953335833333,136.14481503333334,100,
979,公設消火栓,社分署,福井市西谷３丁目,36.038827133333335,136.19824268888888,100,
980,河川,南消防署,福井市花堂中２丁目４番地１,36.04002539166667,136.2121917138889,,
981,公設消火栓,南消防署,福井市花堂東１丁目２５番２０号,36.03826483055556,136.22007236111114,200,
982,公設消火栓,南消防署,福井市花堂東１丁目２０番２５号,36.039439672222215,136.2199693111111,200,
983,公設消火栓,南消防署,福井市花堂東１丁目１４番１５号,36.0404645361111,136.21992226666669,200,
984,公設消火栓,南消防署,福井市花堂東１丁目１１番５号,36.041589386111106,136.21983921666668,200,
985,公設消火栓,南消防署,福井市花堂東１丁目２番１１号,36.042658241666665,136.21978617222223,200,
986,公設消火栓,南消防署,福井市花堂中１丁目１６番,36.03744186944445,136.21735054722225,150,
987,公設消火栓,南消防署,福井市花堂中１丁目９番１３号,36.038133711111115,136.21479465555555,100,
988,公設消火栓,南消防署,福井市花堂中１丁目９番１号,36.03819472222222,136.21555561111109,100,
989,公設消火栓,南消防署,福井市花堂中２丁目１０番１５号,36.038758475,136.20905395000003,100,
990,公設消火栓,南消防署,福井市花堂中２丁目３１番８号,36.03614683055555,136.20936104999998,100,
991,公設消火栓,南消防署,福井市花堂中２丁目１２番５号,36.038494505555555,136.2089009722222,100,
992,公設消火栓,南消防署,福井市花堂中２丁目１１番１０号,36.038316558333335,136.2099619138889,100,
993,河川,東分署,福井市原目町１６番８号,36.07913424722223,136.26863175555553,,
994,河川,東分署,福井市原目町１４番５４号,36.07579553888889,136.26852585833333,,
995,プール,東分署,福井市原目町３９番８号,36.07298133888888,136.26112656666663,,
996,公設消火栓,西分署,福井市光陽２丁目２２番１１号,36.06453788888888,136.19977050833333,100,
997,公設消火栓,西分署,福井市光陽２丁目１９番９号,36.06457385833333,136.19845964166666,100,
998,公設消火栓,東分署,福井市林町６２番３号,36.086030005555564,136.26020534444444,250,
999,公設消火栓,東分署,福井市林町５８番１７号,36.08605509722222,136.26163221111113,250,
1000,公設防火水槽,東分署,福井市藤島町４７番５号,36.08795850277778,136.27081731111107,,
1001,公設消火栓,南消防署,福井市下馬３丁目１０２番,36.04255856666667,136.2339993472222,200,
1002,公設消火栓,南消防署,福井市下馬３丁目２２０番,36.04245258888889,136.23434333333333,100,
1003,公設消火栓,南消防署,福井市下馬２丁目３１８番,36.04162770555555,136.23494034722222,200,
1004,公設消火栓,南消防署,福井市下馬２丁目３１４番,36.0414027388889,136.23534933333332,100,
1005,公設消火栓,南消防署,福井市下馬３丁目１７０３番,36.04112278055555,136.2357133277778,100,
1006,公設消火栓,南消防署,福井市下馬３丁目１７０３番,36.040791825,136.23575434444447,200,
1007,公設消火栓,南消防署,福井市下馬２丁目１７１７番,36.04050086944445,136.23622733055555,100,
1008,公設消火栓,南消防署,福井市下馬３丁目１７１１番,36.03993694722222,136.23661034166665,200,
1009,公設消火栓,南消防署,福井市下馬３丁目１８０５番,36.03934803333334,136.2373773277778,100,
1010,公設消火栓,南消防署,福井市下馬３丁目１８０９号,36.039045072222216,136.23751033611111,200,
1011,公設消火栓,南消防署,福井市下馬２丁目６１０番,36.04215265555556,136.2362492305556,100,
1012,公設消火栓,南消防署,福井市下馬２丁目１９０４番５号,36.04048092222223,136.23988809999997,200,
1013,公設消火栓,南消防署,福井市下馬２丁目,36.041755744444444,136.23876509444446,100,
1014,公設消火栓,南消防署,福井市下馬２丁目１８１０番,36.041358797222216,136.23895210555554,200,
1015,公設消火栓,南消防署,福井市下馬２丁目１８１９番,36.041662747222226,136.23811214166668,100,
1016,公設消火栓,南消防署,福井市下馬２丁目１８０２番,36.04199470277777,136.23793513333334,100,
1017,公設消火栓,東分署,福井市長本町４１８,36.07293630833333,136.2415308805556,100,
1018,公設消火栓,東分署,福井市長本町２１１,36.07378623055556,136.24186186111112,100,
1019,公設消火栓,社分署,福井市南居町４７番２６号,36.01882693333333,136.1747486416667,200,
1020,公設消火栓,社分署,福井市南居町４８番５号,36.01798507222222,136.17708745833332,100,
1021,公設消火栓,社分署,福井市南居町４９番２７号,36.01851300833333,136.17744340000002,100,
1022,公設消火栓,社分署,福井市南居町４７番１７号,36.01883795,136.1762545,100,
1023,私設防火水槽,南消防署,福井市花堂南２丁目１６番１号,36.03269239722222,136.2128200222222,,
1024,私設防火水槽,南消防署,福井市花堂南２丁目１６番１号,36.03414820277777,136.21303994166664,,
1025,私設防火水槽,南消防署,福井市花堂南２丁目１６番１号,36.033631227777775,136.21137005833333,,
1026,私設防火水槽,南消防署,福井市花堂南２丁目１６番１号,36.034387127777784,136.21144801666668,,
1027,私設防火水槽,南消防署,福井市花堂南２丁目１６番１号,36.03264036666667,136.21146710000002,,
1028,河川,南消防署,福井市花堂南２丁目１０－１,36.03597585000001,136.20926506388886,,
1029,河川,南消防署,福井市大町１９－８　江守用水,36.03244762777778,136.22035661944446,,
1030,公設防火水槽,越廼分署,福井市浜北山町９番２４号,36.014710125,135.99611092222221,,
1031,公設防火水槽,越廼分署,福井市浜北山町１４番２号,36.01354225555556,135.99566801944442,,
1032,公設防火水槽,越廼分署,福井市浜北山町８番２５号,36.01517106944444,135.99616789444445,,
1033,公設消火栓,南消防署,福井市花堂東２丁目９０８－１,36.03831188888889,136.2226362166667,200,
1034,公設消火栓,南消防署,福井市花堂東２丁目９０８番,36.03833089722222,136.22322218333332,200,
1035,公設消火栓,社分署,福井市西谷２丁目,36.03798943611111,136.20459829166668,150,
1036,公設消火栓,社分署,福井市西谷２丁目８０２,36.03716158333333,136.20585624444448,100,
1037,公設消火栓,社分署,福井市西谷２丁目６２３,36.038469383333336,136.20490624722223,100,
1038,公設消火栓,社分署,福井市西谷２丁目２００５－１　,36.03865529444444,136.20283738055556,100,
1039,公設消火栓,南消防署,福井市西谷１丁目１３３番,36.03970033333333,136.20851994444442,100,
1040,公設消火栓,南消防署,福井市西谷１丁目１２８番,36.04039724444445,136.20860390555552,100,
1041,公設消火栓,南消防署,福井市西谷１丁目１０１番,36.04077519444445,136.20857889166663,100,
1042,公設消火栓,社分署,福井市西谷２丁目,36.03788048611111,136.20571521944444,150,
1043,河川,社分署,福井市西谷１丁目９０６番,36.039169377777775,136.20763103055555,,
1044,公設消火栓,南消防署,福井市西谷町２１番１１号,36.04082311111111,136.20592406944442,100,
1045,公設消火栓,社分署,福井市西谷町１２番３２号,36.040555069444444,136.20341525277777,100,
1046,公設消火栓,社分署,福井市西谷町１２番８号,36.04065002222222,136.20222633055553,100,
1047,公設消火栓,南消防署,福井市西谷町２１番８０号,36.040808150000004,136.20718698333334,100,
1048,公設消火栓,社分署,福井市西谷２丁目,36.03810038611112,136.20343136666665,150,
1049,公設消火栓,社分署,福井市西谷２丁目２１０６番,36.039080258333335,136.203359325,100,
1050,公設消火栓,社分署,福井市西谷２丁目２１１９番,36.03926620555555,136.20241738055554,200,
1051,公設消火栓,社分署,福井市西谷２丁目２７０４番,36.03925817499999,136.20136545555556,100,
1052,公設消火栓,社分署,福井市西谷２丁目２７０９番,36.03943012222222,136.2003905138889,200,
1053,公設消火栓,社分署,福井市西谷３丁目７０４番,36.03942208888889,136.19925159166664,200,
1054,公設消火栓,西分署,福井市光陽３丁目１１番８号,36.06470480555555,136.19627687777782,100,
1055,公設消火栓,西分署,福井市光陽４丁目３番５号,36.06736844722222,136.19456622777778,150,
1056,公設消火栓,西分署,福井市光陽２丁目３番２２号,36.06723049166667,136.1977758777778,150,
1057,公設消火栓,西分署,福井市光陽３丁目２番４２号,36.067835405555556,136.19740995833334,250,
1058,公設消火栓,西分署,福井市光陽３丁目１１番３０号,36.06509077222222,136.19754876666664,250,
1059,公設消火栓,西分署,福井市光陽２丁目８番１０号,36.06645761111111,136.1985597472222,100,
1060,公設消火栓,西分署,福井市光陽２丁目１２番１０号,36.065778702777784,136.19865269444443,150,
1061,公設消火栓,西分署,福井市光陽２丁目２０番,36.06529878888889,136.19976555000002,100,
1062,公設消火栓,西分署,福井市光陽２丁目１３番３２号,36.06623566388888,136.19974660555553,100,
1063,公設消火栓,西分署,福井市光陽４丁目１番１３号,36.06816534444444,136.1945432805556,150,
1064,公設消火栓,西分署,福井市光陽３丁目４番１３号,36.06623760000001,136.19545506388886,100,
1065,公設消火栓,西分署,福井市光陽３丁目２番３３号,36.06700750277777,136.1961210416667,150,
1066,公設消火栓,西分署,福井市光陽３丁目８番９号,36.06519674444445,136.19659287500002,100,
1067,公設消火栓,西分署,福井市光陽３丁目６番２１号,36.065723674999994,136.19670189722223,150,
1068,公設消火栓,西分署,福井市光陽４丁目,36.06707647222222,136.19247443055554,200,
1069,公設消火栓,南消防署,福井市下馬２丁目１０１７番,36.04248063888889,136.2377571166667,100,
1070,公設消火栓,南消防署,福井市下馬２丁目５０８番,36.04186970277778,136.23687420833332,100,
1071,公設消火栓,南消防署,福井市下馬２丁目５１０番１号,36.04178070833333,136.23658823333332,150,
1072,公設消火栓,清水分署,福井市甑谷町１番１号,36.00420767777777,136.14284198888888,150,
1073,公設消火栓,南消防署,福井市下馬２丁目２００４番,36.04072288055555,136.23901014166665,200,
1074,公設消火栓,南消防署,福井市下馬１丁目６０７番,36.04514431666667,136.23863190277777,100,
1075,公設消火栓,南消防署,福井市下馬３丁目５１１番,36.03746719166667,136.2321547472222,200,
1076,公設消火栓,南消防署,福井市下馬３丁目８０６番,36.03894200555555,136.23245264722223,150,
1077,公設消火栓,西分署,福井市光陽３丁目３番１号,36.066737552777774,136.19749587777775,250,
1078,公設消火栓,西分署,福井市光陽１丁目５番１７号,36.06871835555556,136.20090161388887,150,
1079,公設消火栓,西分署,福井市光陽１丁目７番８号,36.0676795111111,136.20179845833337,100,
1080,公設消火栓,西分署,福井市光陽１丁目２５番２９号,36.063833033333324,136.20228121944444,100,
1081,公設防火水槽,西分署,福井市光陽２丁目２０番,36.06470486388889,136.199698525,,
1082,公設防火水槽,西分署,福井市光陽１丁目１３番,36.06657966388889,136.20214536666668,,
1083,公設防火水槽,西分署,福井市光陽３丁目５番１号,36.066173613888886,136.1963799611111,,
1084,公設防火水槽,西分署,福井市日光２丁目９番　日光公園,36.072978775,136.200542925,,
1085,プール,西分署,福井市光陽３丁目３番２２号,36.06721247777778,136.1962630416667,,
1086,プール,西分署,福井市光陽４丁目７番１号,36.06706249166666,136.1952681361111,,
1087,公設消火栓,西分署,福井市郡町１８番２５号,36.105919099999994,136.19429203333334,100,
1088,公設消火栓,西分署,福井市郡町１５番５６号,36.10493621944445,136.19368110000002,150,
1089,公設消火栓,西分署,福井市郡町,36.10528117777778,136.19267216388886,400,
1090,公設消火栓,西分署,福井市郡町１８番１３号,36.10609207777779,136.19271414444447,400,
1091,公設消火栓,南消防署,福井市花堂東２丁目１０１４番,36.03794795833334,136.223722175,100,
1092,公設消火栓,南消防署,福井市花堂東２丁目１２１３,36.03732003333333,136.223339225,100,
1093,公設消火栓,南消防署,福井市花堂東１丁目３５０６番,36.037240011111116,136.2217693138889,100,
1094,公設防火水槽,南消防署,福井市花堂東１丁目７番,36.041897369444435,136.22085814722226,,
1095,私設防火水槽,南消防署,福井市花堂東１丁目２５番２０号,36.03899770833333,136.21912237777775,,
1096,公設消火栓,南消防署,福井市花堂南２丁目５番１２号,36.03523101944444,136.21178395833334,100,
1097,公設消火栓,南消防署,福井市花堂南１丁目１１番３０号,36.032909377777784,136.21330098611108,100,
1098,公設消火栓,南消防署,福井市花堂南２丁目１番１３号,36.03483411666667,136.21333089166663,100,
1099,公設消火栓,東消防署,福井市河水町１番１２号,36.055669380555564,136.2760459361111,100,
1100,公設消火栓,東消防署,福井市河水町１３番１４号,36.05386446111111,136.27480112777778,100,
1101,公設消火栓,東消防署,福井市河水町１番７号,36.056736311111116,136.27603988611114,100,
1102,公設消火栓,東消防署,福井市河水町地係,36.0548533111111,136.2724422833333,150,
1103,公設防火水槽,東消防署,福井市河水町２８番２号,36.049975838888884,136.27601518333333,,
1104,公設防火水槽,東消防署,福井市河水町４番５２号,36.05398349444445,136.2761010111111,,
1105,公設防火水槽,東消防署,福井市河水町１５番２８号,36.05203365277777,136.27613509166667,,
1106,河川,東消防署,福井市河水町２２番５号,36.049197786111115,136.27262949999997,,
1107,プール,東消防署,福井市河水町１８番８号,36.05180863333334,136.27493520277778,,
1108,公設消火栓,北分署,福井市栗森２丁目１２１３番,36.11816086666666,136.23987888055555,100,
1109,公設消火栓,南消防署,福井市花堂中２丁目１１番１号,36.03861653888889,136.21067586111113,100,
1110,公設消火栓,南消防署,福井市花堂中２丁目１５番７号,36.036952775,136.21134189999998,100,
1111,公設消火栓,南消防署,福井市花堂中２丁目１５番４１号,36.0373147,136.21024494444447,150,
1112,公設消火栓,南消防署,福井市花堂中２丁目１５番６８号,36.0376726611111,136.21063990555555,100,
1113,公設消火栓,南消防署,福井市花堂中２丁目１３番２６号,36.03798659166667,136.20951695555556,100,
1114,公設消火栓,南消防署,福井市花堂中２丁目１５番９８号,36.03788364722222,136.21113086944445,100,
1115,公設消火栓,南消防署,福井市花堂中１丁目１４番２５号,36.03647591666666,136.21431675833333,100,
1116,公設消火栓,南消防署,福井市花堂中１丁目１２番１５号,36.03650593055556,136.21505571666665,100,
1117,公設消火栓,南消防署,福井市花堂中２丁目２８番１８号,36.03610891111111,136.21218689444441,150,
1118,公設消火栓,南消防署,福井市花堂中２丁目２番１９号,36.039347500000005,136.21285870833336,150,
1119,公設消火栓,南消防署,福井市花堂中１丁目８番１０号,36.037416797222214,136.21448370555558,100,
1120,公設消火栓,南消防署,福井市花堂中２丁目２３番２６号,36.038347599999994,136.21167281944446,200,
1121,公設消火栓,南消防署,福井市花堂中２丁目８－３,36.03945543055555,136.21078681666668,100,
1122,公設消火栓,南消防署,福井市花堂中１丁目１４番２５号,36.036739869444446,136.21382877222223,200,
1123,公設消火栓,南消防署,福井市花堂中１丁目１４番１７号,36.03568700833333,136.21368383055554,200,
1124,公設消火栓,南消防署,福井市花堂中１丁目３番４０号,36.03884468055555,136.21722548888886,100,
1125,公設消火栓,南消防署,福井市花堂中１丁目,36.03900066944444,136.21766145833334,100,
1126,公設消火栓,南消防署,福井市花堂中２丁目３０番１３号,36.03607286388889,136.2102310027778,100,
1127,公設消火栓,清水分署,福井市甑谷町３番６号,36.003312791666666,136.1428250388889,75,
1128,公設消火栓,清水分署,福井市甑谷町６番３号,36.00347577777779,136.1432319777778,150,
1129,公設消火栓,清水分署,福井市甑谷町１１番１号,36.004380705555555,136.14619455833332,100,
1130,公設消火栓,清水分署,福井市甑谷町１１番４５号,36.003230852777776,136.14606663333336,100,
1131,公設消火栓,清水分署,福井市甑谷町６番９号,36.00266489166666,136.14376695833332,150,
1132,公設消火栓,清水分署,福井市甑谷町６番１８号,36.00237393888889,136.14438889722223,150,
1133,公設消火栓,清水分署,福井市甑谷町３番８号,36.00298687222223,136.14521375555557,100,
1134,公設消火栓,清水分署,福井市甑谷町１２番９号,36.002040008333324,136.14592972499997,100,
1135,公設消火栓,清水分署,福井市甑谷町８番３３号,36.00200600277778,136.14533380277777,150,
1136,公設消火栓,清水分署,福井市甑谷町４番１号,36.001258094444445,136.14485790833334,100,
1137,公設消火栓,清水分署,福井市甑谷町２番３号,36.00102514722223,136.1460027777778,100,
1138,公設消火栓,清水分署,福井市甑谷町５番６号,35.99947934444444,136.145605925,100,
1139,公設消火栓,清水分署,福井市甑谷町１５番２３号,35.998651461111116,136.1459089388889,100,
1140,公設消火栓,清水分署,福井市甑谷町２４番８号,35.9989955,136.15161622500003,75,
1141,公設消火栓,清水分署,福井市甑谷町２８番１号,35.996178936111114,136.15438108333333,100,
1142,公設消火栓,清水分署,福井市甑谷町２９番２２号,35.997365752777775,136.15349910833336,100,
1143,公設消火栓,西分署,福井市光陽２丁目１１番６号,36.06635460555555,136.19768783333336,100,
1144,公設消火栓,西分署,福井市光陽３丁目７番２号,36.065760677777774,136.1973518305556,150,
1145,公設消火栓,西分署,福井市光陽３丁目４番３４号,36.06656856111112,136.19644898055554,150,
1146,公設消火栓,西分署,福井市郡町１４番１８号,36.10690598055555,136.19283311944443,100,
1147,公設消火栓,西分署,福井市光陽２丁目７番２３号,36.06644265555555,136.20074951111113,100,
1148,河川,中消防署,福井市高木町７６番４号,36.096408091666675,136.23137054444445,,
1149,河川,中消防署,福井市高木町５６番５号,36.098583722222216,136.22843290555556,,
1150,公設消火栓,西分署,福井市日光１丁目９番３０号,36.07354777222223,136.2040814972222,100,
1151,公設消火栓,中消防署,福井市新田塚１丁目１番,36.08808010277778,136.20892636111108,150,
1152,公設消火栓,中消防署,福井市新田塚１丁目３０番１号,36.089968897222214,136.2080985472222,100,
1153,公設消火栓,中消防署,福井市新田塚１丁目２８番１８号,36.08994384166667,136.20627786111112,100,
1154,公設消火栓,中消防署,福井市新田塚２丁目５２番１号,36.089937791666664,136.2046911361111,100,
1155,公設消火栓,中消防署,福井市新田塚２丁目７４番１７号,36.09099363055555,136.20236351666668,150,
1156,公設消火栓,中消防署,福井市新田塚１丁目２１番２４号,36.089251963888884,136.20809853611112,100,
1157,公設消火栓,中消防署,福井市新田塚１丁目２３番２７号,36.089245922222226,136.20685475555553,100,
1158,公設消火栓,中消防署,福井市新田塚２丁目５４番１５号,36.08991275833333,136.20356633055553,100,
1159,公設消火栓,中消防署,福井市新田塚２丁目１１１番８号,36.093145500000006,136.2042101944444,100,
1160,公設防火水槽,川西分署,福井市波寄町３８番９３号,36.15503669722222,136.14439916944443,,
1161,公設防火水槽,川西分署,福井市波寄町１７番６４号,36.15400989722223,136.14721283055556,,
1162,私設防火水槽,川西分署,福井市波寄町３７番８７号,36.154489788888895,136.14531606944445,,
1163,私設防火水槽,川西分署,福井市波寄町１２番２号,36.15024025555556,136.14548853055555,,
1164,公設消火栓,西分署,福井市日光２丁目４番２１号,36.07201794444444,136.20249261666666,150,
1165,公設消火栓,北分署,福井市栗森２丁目２２０３番,36.12021979722222,136.2438763527778,100,
1166,公設消火栓,北分署,福井市定正１丁目９０３番,36.11785440277777,136.2264463472222,100,
1167,河川,川西分署,福井市河内町,36.08667581666667,136.11824686944445,,
1168,公設消火栓,東消防署,福井市河増町２２番１９号,36.059970247222225,136.25590724722224,200,
1169,公設消火栓,東消防署,福井市河増町２４番４５号,36.05974633888889,136.25776313888892,200,
1170,公設消火栓,東消防署,福井市河増町１６番１４号,36.06110422222222,136.25780509444445,150,
1171,公設消火栓,東消防署,福井市河増町３１番２７号８,36.05829333888889,136.2543003972222,100,
1172,公設消火栓,南消防署,福井市小稲津町３２番１号,36.03436277777778,136.2445992,100,
1173,公設消火栓,南消防署,福井市小稲津町３１番１７号,36.03512067222222,136.2447211361111,100,
1174,公設消火栓,中消防署,福井市高木町３番９号１,36.09775481944445,136.2285568638889,100,
1175,公設消火栓,中消防署,福井市高柳１丁目６０２番,36.091291174999995,136.24064474166667,250,
1176,公設消火栓,中消防署,福井市高木中央３丁目１６０１番,36.09124514166667,136.2399507888889,100,
1177,公設消火栓,中消防署,福井市高木中央３丁目６０５番,36.09048125833333,136.24047175277775,100,
1178,公設消火栓,中消防署,福井市高柳１丁目１０３番,36.088335594444445,136.24196466111113,250,
1179,公設消火栓,中消防署,福井市高木中央３丁目１２０６番,36.09090610555556,136.2386948722222,100,
1180,公設消火栓,中消防署,福井市高木西１丁目地係,36.09700173055556,136.22464922222224,100,
1181,公設消火栓,中消防署,福井市高木西１丁目地係,36.09682970555556,136.2236893083333,100,
1182,公設消火栓,中消防署,福井市高木西１丁目２２３番,36.09753464166667,136.22392731666667,100,
1183,公設消火栓,南消防署,福井市花堂中２丁目２３番１５号,36.037383725,136.21160586666664,200,
1184,公設消火栓,南消防署,福井市花堂中２丁目１７番２５号,36.038914544444445,136.21237875277777,200,
1185,公設消火栓,中消防署,福井市松本３丁目８番７号,36.07138761388888,136.22275713333337,100,
1186,公設消火栓,中消防署,福井市松本１丁目４１番２８号,36.07581434444445,136.22893159166665,100,
1187,公設消火栓,中消防署,福井市松本４丁目２番地２,36.07077658055555,136.21955749722224,100,
1188,公設消火栓,中消防署,福井市松本３丁目２５,36.07502914722222,136.22269306666664,100,
1189,公設防火水槽,中消防署,福井市松本４丁目１番１号,36.070857619444446,136.2211103111111,,
1190,公設防火水槽,中消防署,福井市松本３丁目１４番９号,36.07348247777777,136.22560187777776,,
1191,公設防火水槽,中消防署,福井市松本２丁目３３番７号,36.07481831111111,136.22559585555553,,
1192,公設防火水槽,中消防署,福井市松本２丁目３７番１号,36.07551032222222,136.2277036888889,,
1193,公設防火水槽,中消防署,福井市松本３丁目２４番,36.07486814166666,136.22207911666663,,
1194,公設防火水槽,中消防署,福井市松本３丁目２番１２号,36.071082688888886,136.22357907777774,,
1195,公設防火水槽,中消防署,福井市松本１丁目３１番,36.07441862499999,136.23128443888888,,
1196,公設消火栓,中消防署,福井市松本１丁目５１番５号,36.07674620277777,136.2283236222222,150,
1197,公設消火栓,中消防署,福井市松本１丁目５２番１５号,36.076898227777775,136.22926755000003,100,
1198,公設消火栓,中消防署,福井市松本４丁目９番３６号,36.073382272222226,136.2204133611111,100,
1199,公設消火栓,中消防署,福井市松本１丁目５６番５号,36.0759714611111,136.23177838055554,100,
1200,公設消火栓,中消防署,福井市松本１丁目５７番１５号,36.076523430555554,136.2325233166667,100,
1201,公設消火栓,中消防署,福井市松本１丁目３１番,36.07459059722222,136.23117944444445,100,
1202,公設消火栓,西分署,福井市光陽３丁目１１番３号,36.06434686944445,136.19755971944446,250,
1203,公設消火栓,中消防署,福井市新田塚２丁目１４０番１２号,36.09456839444444,136.20506306111113,100,
1204,公設消火栓,中消防署,福井市新田塚２丁目１４２番１１号,36.094984333333336,136.2039912111111,100,
1205,公設消火栓,中消防署,福井市新田塚２丁目１４４番１１号,36.095568252777774,136.2027023888889,100,
1206,公設消火栓,中消防署,福井市新田塚１丁目１２番,36.09291855833333,136.20574096111108,150,
1207,公設消火栓,中消防署,福井市新田塚１丁目３５番１号,36.090675802777774,136.20717671388888,150,
1208,公設消火栓,中消防署,福井市新田塚１丁目７７番２号,36.091623719444435,136.20737369444447,150,
1209,公設消火栓,中消防署,福井市新田塚１丁目２５番１８号,36.08948496944444,136.2089563888889,200,
1210,公設消火栓,中消防署,福井市新田塚２丁目６３番４号,36.09051868888889,136.20299341944448,100,
1211,公設消火栓,中消防署,福井市新田塚２丁目１８番１号,36.08723793055555,136.2020246527778,100,
1212,公設消火栓,中消防署,福井市新田塚１丁目５０番２２号,36.09210967777777,136.20750968055555,100,
1213,公設消火栓,西分署,福井市日光１丁目１２番２６号,36.074495625,136.20310468055553,100,
1214,公設消火栓,西分署,福井市日光２丁目１７番２号,36.07315769722223,136.19785228888887,100,
1215,公設消火栓,西分署,福井市日光２丁目６番１１号,36.07215688611111,136.2005268722222,100,
1216,公設消火栓,西分署,福井市日光２丁目３番３０号,36.071581986111106,136.2015877027778,100,
1217,公設消火栓,西分署,福井市日光２丁目２４番３２号,36.071684950000005,136.20054283888888,100,
1218,公設消火栓,西分署,福井市日光２丁目１８番６号,36.07192485555555,136.19750223888886,100,
1219,公設消火栓,西分署,福井市日光２丁目２１番８号,36.07202088888888,136.19975496111115,100,
1220,公設消火栓,西分署,福井市日光２丁目２３番７号,36.07146194166667,136.19858006944446,100,
1221,公設消火栓,西分署,福井市日光１丁目１２番７号,36.07396168611111,136.20257071944445,100,
1222,公設消火栓,西分署,福井市日光２丁目１０番２９号,36.07377069444444,136.20181281111113,100,
1223,公設消火栓,西分署,福井市日光２丁目６番４号,36.07208691111111,136.20123777777778,100,
1224,公設消火栓,西分署,福井市日光２丁目２２番２０号,36.07198186944444,136.19846012222226,100,
1225,公設消火栓,西分署,福井市日光２丁目１６番８号,36.07274176111112,136.19829220000003,150,
1226,公設防火水槽,東分署,福井市林町７番２４号,36.088683177777774,136.26716763333334,,
1227,公設消火栓,東分署,福井市林藤島町１６番８号,36.08698807777777,136.262846075,100,
1228,私設防火水槽,東分署,福井市林藤島町２０番,36.088349561111116,136.257356525,,
1229,私設防火水槽,東分署,福井市林藤島町２０番,36.08940837499999,136.25635158333333,,
1230,私設防火水槽,東分署,福井市林藤島町,36.08774112222221,136.26479287777775,,
1231,公設消火栓,東分署,福井市原目町３番２７号,36.07845033333333,136.2689407472222,150,
1232,公設消火栓,東分署,福井市原目町１６番４１号１,36.077353430555554,136.26892878055554,150,
1233,公設消火栓,東分署,福井市原目町５番２２号,36.076667488888894,136.2689138,150,
1234,公設消火栓,東分署,福井市原目町１４番５４号３,36.073973724999995,136.26908586111114,150,
1235,公設消火栓,臨海消防署,福井市浜住町４番２３号,36.131726944444445,136.06925421666665,200,
1236,公設消火栓,臨海消防署,福井市浜住町９番８８号,36.130729099999996,136.06908826944445,100,
1237,公設消火栓,臨海消防署,福井市浜住町１７番２３号,36.12962725,136.0698742527778,100,
1238,公設消火栓,西分署,福井市三郎丸１丁目１１１４番,36.078564005555556,136.19280013888886,100,
1239,プール,西分署,福井市三郎丸１丁目１４１０番,36.07918590833333,136.19381711388885,,
1240,公設消火栓,西分署,福井市三郎丸２丁目１１０３番,36.07673625,136.19211406944441,100,
1241,公設消火栓,西分署,福井市三郎丸２丁目１３０４番,36.077096219444435,136.19073920000002,100,
1242,公設消火栓,北分署,福井市栄町２番２４号,36.10745651944445,136.22290772777774,100,
1243,公設消火栓,北分署,福井市栄町４番４号,36.10919433055555,136.22321871944445,100,
1244,公設防火水槽,西安居分遣所,福井市西学園１丁目,36.06725741388889,136.1862610972222,,
1245,公設防火水槽,西安居分遣所,福井市西学園３丁目,36.070173069444444,136.18690316666667,,
1246,公設消火栓,南消防署,福井市西木田２丁目４番１０号,36.05271979444445,136.21483107777777,100,
1247,公設消火栓,南消防署,福井市西木田３丁目１０番３号,36.05382556666667,136.21160827500003,250,
1248,公設消火栓,南消防署,福井市西木田３丁目３番１６号,36.05263773055557,136.2119582666667,100,
1249,公設消火栓,南消防署,福井市西木田１丁目１８番１号,36.054662566666664,136.21583397777778,100,
1250,公設消火栓,南消防署,福井市西木田１丁目１５番９号,36.05435261111111,136.21597697222225,100,
1251,公設消火栓,南消防署,福井市西木田１丁目１３番１８号,36.053996658333325,136.21594898055554,100,
1252,公設消火栓,南消防署,福井市西木田１丁目３番５号,36.05390069444444,136.21685791944444,100,
1253,公設消火栓,南消防署,福井市西木田１丁目７番１号,36.05337076388889,136.21691892222222,150,
1254,公設消火栓,南消防署,福井市西木田１丁目２０番２９号,36.053514711111106,136.21565300555557,400,
1255,公設消火栓,南消防署,福井市西木田２丁目３番８号,36.05372866111111,136.21476906111107,100,
1256,公設消火栓,東消防署,福井市西方２丁目８番２６号,36.051835475000004,136.23644269444443,150,
1257,公設消火栓,中消防署,福井市松本１丁目２７番２号,36.07442655555556,136.22980954722223,100,
1258,公設消火栓,中消防署,福井市松本１丁目５５番１７号,36.07639639166667,136.23139540277776,100,
1259,公設消火栓,中消防署,福井市松本１丁目５３番１７号,36.076493347222225,136.2307014527778,100,
1260,公設防火水槽,川西分署,福井市佐野町２０番１号,36.138750402777774,136.14352931666667,,
1261,公設防火水槽,川西分署,福井市佐野町１０番４４号,36.138822350000005,136.14208551944446,,
1262,私設防火水槽,川西分署,福井市佐野町５番７１号７,36.13873818055555,136.1362593833333,,
1263,受水槽,川西分署,福井市佐野町１－３４,36.13993313611112,136.13883584722223,,
1264,公設消火栓,西分署,福井市三郎丸１丁目１４１０番,36.07991081666667,136.19352819166664,150,
1265,公設消火栓,西分署,福井市三郎丸２丁目１５０１番,36.07723419166666,136.1917061333333,100,
1266,公設消火栓,西分署,福井市三郎丸２丁目１６０３番,36.077773138888894,136.19039426666666,100,
1267,公設消火栓,西分署,福井市三郎丸１丁目,36.07915288055555,136.19571398333335,100,
1268,公設消火栓,西分署,福井市三郎丸２丁目２８０２番,36.080183811111105,136.1920613027778,100,
1269,公設消火栓,西分署,福井市三郎丸１丁目９０９番,36.077878077777775,136.1941219888889,150,
1270,公設消火栓,西分署,福井市三郎丸１丁目１０１２番,36.078056072222225,136.19275310555557,150,
1271,公設消火栓,西分署,福井市三郎丸２丁目,36.078417036111105,136.19213917500002,100,
1272,公設消火栓,西分署,福井市三郎丸２丁目２１０６番,36.07862502222223,136.1912782527778,200,
1273,公設消火栓,西分署,福井市三郎丸１丁目９０６番,36.07749713611111,136.19338101944447,150,
1274,公設消火栓,西分署,福井市三郎丸２丁目１５０１番,36.07769513055556,136.19182215277777,100,
1275,公設消火栓,西分署,福井市三郎丸２丁目２１０５番,36.07828606388889,136.19121723611107,150,
1276,公設消火栓,南消防署,福井市大町２丁目９０３番,36.03547622777777,136.22098044166665,100,
1277,公設消火栓,南消防署,福井市大町２丁目１２０３番,36.03647608888888,136.2209193972222,100,
1278,公設消火栓,南消防署,福井市大町２丁目,36.03704001944444,136.22113035833334,100,
1279,公設消火栓,南消防署,福井市大町２丁目,36.03693106388888,136.2222643027778,100,
1280,公設消火栓,南消防署,福井市大町２丁目１１０３番,36.03640111111111,136.221394375,100,
1281,公設消火栓,南消防署,福井市大町２丁目７０５番,36.03603718888889,136.22257832777777,100,
1282,公設消火栓,南消防署,福井市大町２丁目８０７番,36.03587617777778,136.22112541388887,100,
1283,公設消火栓,南消防署,福井市大町２丁目８０７番,36.03539025833334,136.22163940833332,100,
1284,公設消火栓,南消防署,福井市大町２丁目１０４番,36.03504029166666,136.22108945555559,100,
1285,公設消火栓,南消防署,福井市大町２丁目２０９番,36.03463737777777,136.22237240555555,100,
1286,公設消火栓,南消防署,福井市大町２丁目５０４番,36.03521530555556,136.2227143611111,100,
1287,公設消火栓,南消防署,福井市大町２丁目２０９番,36.03408446388888,136.22287240555556,100,
1288,公設消火栓,南消防署,福井市大町２丁目２０９番,36.034073455555564,136.22239143055552,100,
1289,公設消火栓,南消防署,福井市大町２丁目１０７番,36.034465377777785,136.22140546666665,100,
1290,公設消火栓,南消防署,別所町９－２５－１,36.03347055555556,136.22328041666665,100,
1291,公設消火栓,南消防署,福井市大町古川　１６－２０２－３,36.033970344444455,136.21748970555555,100,
1292,公設消火栓,南消防署,福井市大町１５－２０２,36.03245356944445,136.21818073888892,100,
1293,河川,南消防署,福井市大町９－２３－１　六条用水,36.03289658888888,136.2211925527778,,
1294,公設消火栓,越廼分署,福井市大味町３６番２０号,36.048521594444445,136.0155833888889,75,
1295,公設防火水槽,臨海消防署,福井市浜住町８番２号,36.13196788055556,136.07053210833337,,
1296,海,臨海消防署,福井市浜住町一帯,36.13363765555555,136.06907915277776,,
1297,公設消火栓,臨海消防署,福井市浜別所町４番４７号,36.14451016388888,136.1060153361111,300,
1298,公設消火栓,南消防署,福井市下馬３丁目３０１番,36.04068078055556,136.23259353888886,100,
1299,公設消火栓,南消防署,福井市下馬１丁目１８１２番,36.04206172777778,136.24020198333335,100,
1300,公設消火栓,南消防署,福井市下馬２丁目１９０４番５号,36.041816749999995,136.2395400416667,100,
1301,公設消火栓,南消防署,福井市下馬２丁目２２０番,36.04208664722221,136.2350073138889,100,
1302,公設消火栓,南消防署,福井市下馬２丁目４０３番,36.04286955277778,136.23540424166669,100,
1303,公設消火栓,南消防署,福井市下馬２丁目５１１番,36.04156172777778,136.23599028333336,100,
1304,公設消火栓,南消防署,福井市下馬２丁目７１１番,36.04314452222222,136.23587119722222,150,
1305,公設消火栓,南消防署,福井市下馬２丁目５０８番,36.042147666666665,136.23686019166664,150,
1306,公設消火栓,南消防署,福井市下馬２丁目７０７番,36.042775588888894,136.23700414722222,100,
1307,公設消火栓,南消防署,福井市下馬２丁目１１７番,36.04371945277778,136.23614614444443,100,
1308,公設消火栓,南消防署,福井市下馬２丁目９１５番,36.04352549166666,136.23700409999998,100,
1309,公設消火栓,東消防署,福井市西方２丁目２０番,36.05101357499999,136.2364267388889,150,
1310,公設消火栓,東消防署,福井市西方１丁目１番９号,36.05458811666666,136.23509563611108,100,
1311,公設消火栓,東消防署,福井市西方１丁目１番５号,36.054015236111105,136.23708455000002,100,
1312,公設消火栓,東消防署,福井市西方２丁目２番１８号,36.05319940277778,136.23985142777778,100,
1313,公設消火栓,東消防署,福井市西方１丁目３番１８号,36.052121383333336,136.23418781666666,100,
1314,公設消火栓,東消防署,福井市西方１丁目１８番１号,36.05086553333334,136.23403489166662,250,
1315,公設消火栓,中消防署,福井市二の宮３丁目３６番２７号,36.08746040833333,136.21679081666665,100,
1316,公設消火栓,中消防署,福井市二の宮３丁目４２番１２号,36.08751348333333,136.21937931388888,100,
1317,公設消火栓,中消防署,福井市二の宮３丁目３３番,36.086708475,136.2166138083333,100,
1318,公設消火栓,中消防署,福井市二の宮３丁目３０番１号,36.08648558611112,136.2194822222222,100,
1319,公設消火栓,中消防署,福井市二の宮２丁目２６番３２号,36.087199633333334,136.222745725,100,
1320,公設消火栓,中消防署,福井市二の宮２丁目２８番３８号,36.08786065555556,136.22437368333334,150,
1321,公設消火栓,中消防署,福井市二の宮４丁目４５番１号,36.08791024444444,136.2129255888889,150,
1322,公設消火栓,中消防署,福井市二の宮４丁目３９番３０号,36.0865914,136.21379736111112,100,
1323,公設消火栓,中消防署,福井市二の宮４丁目４２番１０号,36.08666329166666,136.21046202777774,100,
1324,公設消火栓,中消防署,福井市二の宮４丁目３２番６号,36.0857914,136.21077593888887,100,
1325,公設消火栓,中消防署,福井市二の宮４丁目２７番１８号,36.08579945,136.2124336166667,100,
1326,公設消火栓,中消防署,福井市二の宮４丁目３５番７号,36.08583549444444,136.2139783138889,100,
1327,公設消火栓,中消防署,福井市二の宮４丁目１６番３１号,36.08471054166667,136.21110385,100,
1328,公設消火栓,中消防署,福井市里別所新町６１０－２,36.08862367777778,136.1979503611111,200,
1329,公設消火栓,西分署,福井市里別所町１１番９号,36.08820784166667,136.1926616527778,200,
1330,公設消火栓,西分署,福井市里別所町,36.08840972222223,136.19546156944443,200,
1331,公設消火栓,南消防署,福井市左内町２番４１号,36.05960786388889,136.21390507499999,100,
1332,公設消火栓,南消防署,福井市左内町５番２３号,36.060742705555555,136.2135790944444,100,
1333,公設消火栓,社分署,福井市西谷３丁目,36.03928007777777,136.1983096611111,100,
1334,公設消火栓,社分署,福井市西谷２丁目１３０９番１号,36.037466511111106,136.20486729722225,100,
1335,公設消火栓,社分署,福井市西谷３丁目２００２番,36.041621763888884,136.1975516027778,100,
1336,公設消火栓,社分署,福井市西谷３丁目１６０３－１,36.040196961111114,136.1981876277778,200,
1337,公設消火栓,社分署,福井市西谷３丁目１６１２－１,36.040099930555556,136.19684073333332,100,
1338,公設消火栓,社分署,福井市西谷３丁目１７１１番,36.04109680277777,136.19662370833336,100,
1339,公設消火栓,社分署,福井市西谷３丁目,36.040574888888884,136.19741266111112,100,
1340,公設消火栓,社分署,福井市西谷３丁目３０８番,36.04130182777777,136.19841755833335,200,
1341,公設消火栓,社分署,福井市西谷３丁目,36.04113888333333,136.19954848888887,100,
1342,公設消火栓,社分署,福井市西谷３丁目５０２,36.040227013888895,136.20014249166667,100,
1343,公設消火栓,社分署,福井市西谷３丁目５１６－１,36.04026896666666,136.19873458611113,100,
1344,公設消火栓,社分署,福井市西谷２丁目,36.040632980555564,136.2006844361111,100,
1345,公設消火栓,南消防署,福井市西谷１丁目１２０１番,36.03828648333332,136.2073760888889,100,
1346,公設消火栓,社分署,福井市西谷２丁目２３０６番２号,36.03986113888889,136.20277933055556,100,
1347,公設消火栓,越廼分署,福井市大味町,36.04943055,136.0172071888889,75,
1348,公設消火栓,北分署,福井市東森田１丁目２３０９番,36.11518088055556,136.25281039166666,100,
1349,公設消火栓,北分署,福井市東森田１丁目２００３番,36.11546987777778,136.25342831666666,150,
1350,公設消火栓,北分署,福井市東森田２丁目３０９番,36.117643363888895,136.24881380000002,100,
1351,公設消火栓,北分署,福井市東森田２丁目７１１番,36.11708445555556,136.2492317638889,100,
1352,公設消火栓,北分署,福井市東森田２丁目８１０番,36.11662250277777,136.24900179722223,150,
1353,公設消火栓,北分署,福井市東森田３丁目２１０４番,36.116844736111105,136.2540942138889,100,
1354,公設防火水槽,北分署,福井市東森田１丁目,36.11603180833334,136.2534992972222,,
1355,公設防火水槽,北分署,福井市河合寄安町６０３番,36.119608111111106,136.2487657722222,,
1356,受水槽,北分署,福井市河合寄安町６０３番,36.119369111111105,136.24817184444447,,
1357,公設消火栓,社分署,福井市運動公園２丁目１０７番,36.04870650555555,136.18068132777776,100,
1358,公設消火栓,社分署,福井市運動公園２丁目８０５番,36.04855949722222,136.17933649166667,100,
1359,公設消火栓,社分署,福井市運動公園２丁目１８０７番,36.04756464444445,136.1810392861111,100,
1360,公設消火栓,社分署,福井市運動公園１丁目４２１０番,36.05048428333334,136.1797424388889,150,
1361,公設消火栓,社分署,福井市運動公園２丁目１８０１番,36.04771464444445,136.1819191777778,100,
1362,公設消火栓,社分署,福井市運動公園２丁目１５１３番,36.04797558888888,136.18050334999998,150,
1363,公設消火栓,社分署,福井市運動公園２丁目３０１番,36.049428408333334,136.1798864222222,100,
1364,公設消火栓,社分署,福井市運動公園１丁目２６０３番,36.05079826388889,136.18054733888886,150,
1365,公設消火栓,社分署,福井市運動公園１丁目４２０５番,36.05017033055556,136.18029237222223,100,
1366,公設消火栓,南消防署,福井市下馬２丁目１１１番１号,36.044447375000004,136.23697704722224,100,
1367,公設消火栓,南消防署,福井市下馬１丁目１３０１番,36.043652486111114,136.23768805,100,
1368,公設消火栓,南消防署,福井市下馬１丁目１４０３番,36.04293959166667,136.23848204166669,100,
1369,公設消火栓,南消防署,福井市下馬１丁目１８０１番,36.04217569722221,136.23920404166668,100,
1370,公設消火栓,南消防署,福井市下馬１丁目１２０５番２号,36.044205419444445,136.23782100833333,100,
1371,公設消火栓,南消防署,福井市下馬２丁目１０１７番,36.042611625000006,136.23792909722218,150,
1372,公設消火栓,西分署,福井市光陽２丁目２番１３号,36.06808739444445,136.19856784444445,100,
1373,公設消火栓,西分署,福井市光陽２丁目３番３６号,36.06803542222223,136.19973770833334,100,
1374,公設消火栓,西分署,福井市光陽２丁目５番２３号,36.067490513888885,136.20073456666665,100,
1375,公設消火栓,中消防署,福井市二の宮５丁目１４番２号,36.08582133333333,136.20890630555553,200,
1376,公設消火栓,中消防署,福井市二の宮５丁目８番３６号,36.08457848611111,136.20897124722225,200,
1377,公設消火栓,中消防署,福井市二の宮４丁目１６番９号,36.08431955833334,136.2102010111111,100,
1378,公設消火栓,中消防署,福井市二の宮３丁目９番３５号,36.083946861111116,136.21815453055555,100,
1379,公設消火栓,中消防署,福井市二の宮３丁目９番２１号,36.08490574166667,136.21817450833333,100,
1380,公設消火栓,中消防署,福井市二の宮３丁目３２番２１号,36.086699525,136.2181994916667,100,
1381,公設消火栓,中消防署,福井市二の宮３丁目３１番１０号,36.085891624999995,136.21840244444442,100,
1382,公設消火栓,東分署,福井市丸山１丁目１２１０番,36.07709708055555,136.24555068333336,100,
1383,公設消火栓,東分署,福井市丸山１丁目１２１６番,36.07762707500001,136.24641164722226,100,
1384,公設消火栓,東分署,福井市丸山２丁目１８３３番,36.07773309166666,136.24691362500002,100,
1385,公設消火栓,東分署,福井市丸山２丁目２００３番,36.07815811388888,136.2480585361111,100,
1386,公設消火栓,東分署,福井市丸山１丁目１２０１番,36.076658091666665,136.2449477111111,100,
1387,公設消火栓,東分署,福井市丸山２丁目１１１６番,36.07606323333333,136.24639464722222,100,
1388,公設消火栓,東消防署,福井市丸山２丁目２０２番,36.07176957222222,136.2442947527778,100,
1389,公設消火栓,東分署,福井市丸山２丁目３０１番１号,36.07183859166667,136.24481172777777,100,
1390,公設消火栓,東分署,福井市丸山１丁目２０４番,36.073502369444455,136.24392776388888,100,
1391,公設消火栓,東分署,福井市丸山１丁目１０１番,36.07206650555556,136.24359478611112,100,
1392,公設消火栓,東分署,福井市間山町３番５８号,36.08342070277777,136.28297916944442,100,
1393,公設防火水槽,東分署,福井市間山町,36.08340361388888,136.28142733333334,,
1394,公設消火栓,足羽分遣所,福井市西新町１１番２０号,35.99008864444444,136.28719907777779,150,
1395,公設消火栓,足羽分遣所,福井市西新町１番２１号,35.99448525277778,136.289379,100,
1396,プール,足羽分遣所,福井市西新町１３－２４０,35.994244297222224,136.29052881388887,,
1397,公設消火栓,南消防署,福井市西谷１丁目１１２６番,36.03599483055556,136.20871210277778,100,
1398,公設消火栓,南消防署,福井市西谷１丁目１６２５番,36.0363397388889,136.207401175,100,
1399,公設消火栓,南消防署,福井市西谷１丁目１１２１番,36.03682571111111,136.208526075,100,
1400,公設消火栓,中消防署,福井市春山２丁目８番５号,36.068282697222216,136.2132032111111,100,
1401,公設消火栓,中消防署,福井市春山２丁目１８番２３号,36.069712530555556,136.21390015,200,
1402,公設消火栓,中消防署,福井市春山２丁目１５－１０,36.06971656111111,136.21482504444444,100,
1403,公設消火栓,中消防署,福井市春山２丁目１４番２３号,36.069666608333335,136.21603990555553,100,
1404,公設消火栓,中消防署,福井市春山１丁目８番１号,36.06963465,136.21723577222224,150,
1405,公設消火栓,中消防署,福井市春山１丁目８番２５号,36.07018757777779,136.21720277500003,100,
1406,公設消火栓,中消防署,福井市春山２丁目１５番２６号,36.07021254166666,136.21616889444445,350,
1407,公設消火栓,中消防署,福井市春山２丁目１５－２０,36.07018951944444,136.21541898055557,200,
1408,公設消火栓,中消防署,福井市春山２丁目１６番１９号,36.070194497222225,136.21476205833335,200,
1409,公設消火栓,東分署,福井市原目町６番１７号,36.07512360555555,136.2687148611111,250,
1410,公設消火栓,東分署,福井市原目町３番４２号,36.07908940277777,136.27103154444447,300,
1411,公設消火栓,東分署,福井市原目町３番３７号,36.07862337499999,136.26987565833332,300,
1412,公設消火栓,東分署,福井市原目町１６番１６号,36.078414294444435,136.26825680833335,250,
1413,公設消火栓,社分署,福井市運動公園１丁目２１０１番,36.05211410555555,136.18031436666666,100,
1414,公設消火栓,社分署,福井市運動公園１丁目１９０７番,36.05203709722222,136.17927549722222,150,
1415,公設消火栓,東分署,福井市開発１丁目８０５番,36.07567398333333,136.24105888611112,100,
1416,公設防火水槽,東分署,福井市開発１丁目１６０７番,36.07716291944445,136.2428448,,
1417,公設防火水槽,東分署,福井市開発２丁目１２０３番,36.078476724999994,136.24193082777776,,
1418,公設防火水槽,東分署,福井市開発４丁目７０１番,36.08108524166667,136.23879792500003,,
1419,河川,東分署,福井市開発３丁目２５２０番,36.081007575,136.24435966388893,,
1420,プール,東分署,福井市開発１丁目１００８番,36.07714675277777,136.23981793333337,,
1421,公設消火栓,東分署,福井市開発５丁目１３０４番,36.08609993611112,136.24332159999997,100,
1422,公設消火栓,東分署,福井市開発５丁目１６０１番,36.08722280833334,136.24338458333332,100,
1423,公設消火栓,東分署,福井市開発町１６番１５号,36.084876069444455,136.24322363333332,100,
1424,公設消火栓,東分署,福井市開発町８番１号,36.085006925,136.2410337472222,150,
1425,公設消火栓,東分署,福井市開発町９番４号１,36.08491486388889,136.2398558111111,150,
1426,公設消火栓,東分署,福井市開発町７番１２号１,36.08534022777778,136.24676143055555,150,
1427,公設消火栓,東分署,福井市開発町７番１５号１,36.08524614166667,136.24517751944447,150,
1428,公設消火栓,東分署,福井市開発５丁目１８２２番,36.088053872222225,136.24608841666668,100,
1429,公設消火栓,東分署,福井市開発町８番３号,36.08509798888888,136.24230067777776,150,
1430,公設消火栓,東分署,福井市開発町６番１５号,36.08518208055555,136.24398858333336,150,
1431,公設消火栓,東分署,福井市開発５丁目２０１１番,36.08715804444445,136.2472093611111,100,
1432,公設防火水槽,臨海消防署,福井市高須町６４番５号,36.11439035,136.10588676666666,,
1433,公設防火水槽,臨海消防署,福井市高須町７２番４号,36.11325149444444,136.10642476388887,,
1434,公設防火水槽,臨海消防署,福井市高須町７４番,36.11393938333333,136.10798659999998,,
1435,プール,臨海消防署,福井市高須町７１番３号,36.11454131944445,136.10677268333333,,
1436,公設消火栓,中消防署,福井市高木中央３丁目３０５番,36.088309413888894,136.23886184999998,100,
1437,公設消火栓,中消防署,福井市高木中央３丁目２０１番,36.08788954999999,136.24034776111114,100,
1438,公設消火栓,中消防署,福井市高木中央３丁目４０６番,36.08819856944444,136.24125070555556,100,
1439,公設消火栓,中消防署,福井市高木北４丁目４０５番１号　,36.09673329166667,136.23622310833332,150,
1440,公設消火栓,中消防署,福井市高木北３丁目４０５番,36.09714718611111,136.2352161972222,200,
1441,公設消火栓,中消防署,福井市高木北３丁目４０１番１号,36.097251116666676,136.23410729999998,100,
1442,公設消火栓,西分署,福井市日光２丁目９番,36.07284579444444,136.2005819111111,150,
1443,公設消火栓,西分署,福井市日光１丁目４番３号,36.07185099166666,136.20379044166668,100,
1444,公設消火栓,西分署,福井市日光１丁目９番６号,36.07329878611112,136.20320059999997,100,
1445,公設消火栓,西分署,福井市日光２丁目１番８号,36.071098058333334,136.20196262500002,100,
1446,公設消火栓,西分署,福井市日光２丁目２５番３号,36.07103503333334,136.20035681944444,100,
1447,河川,東分署,福井市間山町１番２５号,36.081725355555555,136.27426414166666,,
1448,公設消火栓,東分署,福井市丸山２丁目１１２４番,36.07532729444445,136.2461256611111,150,
1449,公設消火栓,東分署,福井市丸山２丁目１７２６番,36.0753724,136.2481385361111,150,
1450,公設消火栓,東分署,福井市丸山２丁目１６０２番,36.07483838888889,136.24689762499997,100,
1451,公設消火栓,東分署,福井市丸山３丁目２１３番１３号,36.07555246388889,136.24961641944446,100,
1452,公設消火栓,東分署,福井市丸山３丁目５０２番２号,36.076936316666675,136.24945242777778,100,
1453,公設消火栓,東分署,福井市丸山２丁目４１３番,36.07252256388889,136.24570268333332,100,
1454,公設消火栓,東分署,福井市丸山１丁目１０７番,36.07308843888889,136.24441174444445,100,
1455,公設消火栓,北分署,福井市栄町１２番１号,36.109572308333334,136.22379366111113,100,
1456,公設消火栓,北分署,福井市栄町１３番１号,36.109125402777785,136.22502751944444,150,
1457,公設消火栓,北分署,福井市栄町１６番１０号,36.10845046388889,136.22457755833335,150,
1458,公設消火栓,北分署,福井市栄町１０番１号,36.11030521944445,136.22370668055555,100,
1459,公設消火栓,北分署,福井市栄町１２番６号,36.10920336388889,136.22418261111113,100,
1460,公設消火栓,北分署,福井市栄町３番１４号,36.108500433333326,136.2238856361111,100,
1461,公設消火栓,北分署,福井市栄町１４番３号,36.1086094638889,136.22505850833338,100,
1462,公設消火栓,北分署,福井市栄町３番３号,36.1082474138889,136.22250478333333,100,
1463,公設消火栓,北分署,福井市栄町１４番６号,36.10882842777777,136.22480453888886,100,
1464,公設防火水槽,北分署,福井市栄町１５番３号,36.10779755555556,136.22504349722223,,
1465,公設防火水槽,北分署,福井市栄町１番８号,36.10796444166667,136.22235279722224,,
1466,公設消火栓,東分署,福井市原目町１６番４８号,36.07754536388888,136.26813684444448,250,
1467,公設消火栓,東分署,福井市原目町２番３号,36.07897330000001,136.2692317083333,100,
1468,公設消火栓,東分署,福井市原目町１４番２６号,36.076070513888894,136.26852585,250,
1469,公設消火栓,南消防署,福井市花堂東１丁目３番１１号,36.043122197222225,136.2204001166667,100,
1470,公設消火栓,南消防署,福井市花堂東１丁目６－３１,36.04211633333333,136.2204861583333,100,
1471,公設消火栓,南消防署,福井市花堂東１丁目２０番２５号,36.039922625,136.22064125,100,
1472,公設消火栓,東消防署,福井市花野谷町３７－１,36.04376089722222,136.2865783722222,100,
1473,公設防火水槽,麻生津分遣所,福井市半田町２８番４号,36.00660026111111,136.21950751666665,,
1474,公設防火水槽,美山分署,福井市東天田町６番８号,35.9758639861111,136.37252642500002,,
1475,公設防火水槽,美山分署,福井市東天田町１３番１３９号,35.977279902777774,136.37397625277777,,
1476,公設防火水槽,美山分署,福井市東天田町１１番２１号,35.976552966666674,136.37412826666667,,
1477,公設消火栓,東消防署,福井市東今泉町１３番５号,36.06849267222222,136.25988777777775,100,
1478,公設消火栓,東消防署,福井市東今泉町４番１号,36.065784638888886,136.25412722222222,100,
1479,公設消火栓,東消防署,福井市東今泉町２１番８号,36.06652354722222,136.25361324166667,100,
1480,公設消火栓,東消防署,福井市東今泉町９番６号,36.06658159166667,136.25470016944442,100,
1481,公設消火栓,東消防署,福井市東今泉町５番１３号,36.068006458333336,136.25464114166667,100,
1482,公設消火栓,中消防署,福井市春山２丁目１６番１２号,36.070198466666675,136.21388315833335,200,
1483,公設消火栓,中消防署,福井市春山２丁目６番９号,36.06768575277778,136.2124272861111,100,
1484,公設消火栓,中消防署,福井市春山２丁目２５番１１号,36.07068046666667,136.2157969416667,100,
1485,公設消火栓,東分署,福井市開発５丁目１８０７番,36.08749695555556,136.2463684055556,100,
1486,公設消火栓,東分署,福井市開発５丁目１８１１番,36.08801195277778,136.24731633888888,100,
1487,公設消火栓,東分署,福井市開発５丁目２００２番,36.08668500277778,136.24555846388893,100,
1488,公設消火栓,南消防署,福井市大町９番１０号,36.033278550000006,136.22168350555552,100,
1489,公設消火栓,南消防署,福井市大町２丁目１００５番,36.03647606944444,136.22020043611113,200,
1490,公設消火栓,南消防署,福井市大町１丁目４１１番,36.03511525833334,136.22025849722223,200,
1491,公設消火栓,南消防署,福井市大町供江１４ー１０４,36.03322841666667,136.2163728,150,
1492,公設消火栓,南消防署,福井市大町清水畑１０１号,36.033203461111114,136.21795871666666,150,
1493,公設消火栓,南消防署,福井市大町清水畑１５－２２０号,36.03274849444445,136.2168417972222,100,
1494,公設消火栓,南消防署,福井市大町１８番３号,36.03280665555555,136.22365343055557,200,
1495,公設消火栓,南消防署,福井市大町２１番２号,36.03372350833333,136.22261643611108,200,
1496,公設消火栓,南消防署,福井市大町１０－２－２,36.034295400000005,136.22135347777777,200,
1497,公設消火栓,南消防署,福井市大町２丁目１００９番,36.03716697777778,136.22011940833337,200,
1498,公設消火栓,南消防署,福井市大町１４－１０８,36.03330638055555,136.21541985,250,
1499,公設消火栓,南消防署,福井市大町２２番１６号,36.03253165833333,136.22194152777774,100,
1500,公設消火栓,南消防署,福井市大町１丁目３１２番,36.03579815277778,136.21979449166665,100,
1501,公設消火栓,南消防署,福井市大町１丁目３１２番,36.03530121666667,136.2196615222222,100,
1502,公設消火栓,南消防署,福井市大町１丁目,36.03470130555555,136.2199085361111,100,
1503,公設消火栓,南消防署,福井市大町１丁目,36.03473126388889,136.21843661666668,100,
1504,公設消火栓,西分署,福井市日光２丁目２６番２号,36.07098001666666,136.19908297222224,100,
1505,公設消火栓,西分署,福井市日光１丁目６番１５号,36.072936819444436,136.2023906833333,100,
1506,公設消火栓,西分署,福井市日光２丁目１２番１号,36.073681675,136.2002350138889,100,
1507,公設消火栓,西分署,福井市日光２丁目１３番２７号,36.0733147,136.1991271333333,100,
1508,公設消火栓,西分署,福井市日光２丁目１１番,36.07421463333334,136.20166285833332,150,
1509,公設消火栓,川西分署,福井市波寄町１２番２号,36.15027425555556,136.1456485,150,
1510,公設消火栓,川西分署,福井市波寄町１２番５号,36.15075719444445,136.14526048888885,100,
1511,公設消火栓,川西分署,福井市波寄町１１番２１号,36.151049191666665,136.14615931666668,100,
1512,公設消火栓,川西分署,福井市波寄町９番２３号,36.150954227777774,136.14706020000003,100,
1513,公設消火栓,川西分署,福井市波寄町９番２６号,36.15085725,136.14783315000003,100,
1514,公設消火栓,川西分署,福井市波寄町１５番２４号,36.151643144444435,136.14664116111112,150,
1515,公設消火栓,川西分署,福井市波寄町９番４４号,36.152718047222216,136.1471189388889,150,
1516,公設消火栓,川西分署,福井市波寄町９－３９－３,36.152012130555555,136.1478489861111,100,
1517,公設消火栓,川西分署,福井市波寄町１６番２４号,36.15332099444445,136.14812079999996,100,
1518,公設消火栓,川西分署,福井市波寄町１６番１２号,36.15398690833334,136.14793577777778,150,
1519,公設消火栓,臨海消防署,福井市浜別所町４番３５号,36.14376628888889,136.10500043888888,100,
1520,公設消火栓,臨海消防署,福井市浜別所町１０番９号,36.14321438888888,136.1039915277778,100,
1521,公設消火栓,臨海消防署,福井市浜別所町４番２０号,36.14466816944444,136.10488539166664,300,
1522,公設消火栓,臨海消防署,福井市浜別所町１２番６号,36.14434326666666,136.10269953888886,100,
1523,公設防火水槽,北分署,福井市栄町４番６号,36.10914335555555,136.22374865833334,,
1524,私設防火水槽,北分署,福井市栄町１０番１号,36.110231233333344,136.2238186666667,,
1525,公設消火栓,東消防署,福井市坂下町４番１号,36.070290497222224,136.277503175,150,
1526,公設消火栓,東消防署,福井市坂下町７番１０号,36.06907656111111,136.27720624999998,150,
1527,公設消火栓,東消防署,福井市坂下町７番１０号,36.067532633333336,136.2766583638889,150,
1528,公設消火栓,東消防署,福井市坂下町,36.07077439166667,136.2761892888889,150,
1529,その他,社分署,福井市合谷町９番３号,36.02046591111111,136.1856585527778,,
1530,公設消火栓,川西分署,福井市御所垣内町１６番４４号,36.12746550555556,136.16583351944445,200,
1531,公設消火栓,川西分署,福井市御所垣内町１６番１号,36.127065650000006,136.16796327222224,100,
1532,公設消火栓,東消防署,福井市西方１丁目２１番２８号,36.04993271388889,136.23688476666666,100,
1533,公設消火栓,東消防署,福井市西方２丁目２番３８号,36.053526325,136.23828150277777,100,
1534,公設消火栓,東消防署,福井市西方２丁目１番８号,36.05343830277778,136.23712057499998,100,
1535,公設防火水槽,東消防署,福井市西方２丁目２３番,36.050290733333334,136.23948459166664,,
1536,公設消火栓,西安居分遣所,福井市西学園１丁目５０３番,36.06722341944444,136.18614410833334,100,
1537,公設消火栓,西安居分遣所,福井市西学園１丁目３０２番,36.06783235,136.18708103611107,100,
1538,公設消火栓,西安居分遣所,福井市西学園２丁目９０１番,36.06878223611111,136.18716707222222,100,
1539,公設消火栓,西安居分遣所,福井市西学園１丁目８番,36.06806831944444,136.18626713333333,150,
1540,公設消火栓,西安居分遣所,福井市西学園３丁目２０７番,36.069132191666675,136.1863611722222,100,
1541,公設消火栓,中消防署,福井市春山２丁目１９番１３号,36.07018745277777,136.21336621944442,100,
1542,公設消火栓,中消防署,福井市春山２丁目２０番１号,36.06932854722221,136.21280626944448,100,
1543,公設消火栓,中消防署,福井市春山２丁目２２番８号,36.07064739722222,136.2135312083333,350,
1544,公設消火栓,中消防署,福井市春山２丁目２０番１１号,36.069740483333334,136.21254130555556,100,
1545,公設消火栓,中消防署,福井市春山１丁目１－１,36.06762692777778,136.21771371944445,100,
1546,公設防火水槽,中消防署,福井市春山１丁目４番１３号,36.06924066111111,136.21592791666666,,
1547,公設消火栓,川西分署,福井市小野町１１番１４号,36.14032687222223,136.12665401388892,350,
1548,公設消火栓,川西分署,福井市小野町１１番１５号,36.14225165555556,136.12698878888887,100,
1549,公設消火栓,川西分署,福井市小野町１５番６４号,36.14006095277778,136.13109970555556,100,
1550,公設消火栓,川西分署,福井市小野町１１番１４号,36.14072683055555,136.1270029472222,100,
1551,公設消火栓,川西分署,福井市小野町,36.14111580555555,136.12840879166666,100,
1552,公設消火栓,川西分署,福井市小野町,36.139022033333326,136.1277920694444,100,
1553,公設消火栓,川西分署,福井市小野町,36.13913600555555,136.1263371611111,100,
1554,公設防火水槽,川西分署,福井市小野町２４番６１号,36.140546863888886,136.12808688055557,,
1555,公設防火水槽,川西分署,福井市小野町,36.139002027777785,136.1268641361111,,
1556,その他,川西分署,福井市小野町　ため池,36.13800516111112,136.12925308055554,,
1557,私設防火水槽,美山分署,福井市小和清水町地係,36.01643408888889,136.35152420833333,,
1558,公設消火栓,南消防署,福井市大町１丁目３１１番,36.035826127777774,136.2189475361111,100,
1559,公設消火栓,南消防署,福井市大町１丁目,36.03607408333334,136.21856154444447,100,
1560,公設消火栓,南消防署,福井市大町１丁目６０４番,36.03656504166667,136.21957846666666,100,
1561,公設消火栓,南消防署,福井市大町１丁目７０１番,36.03659500833334,136.2184305277778,100,
1562,公設消火栓,南消防署,福井市大町２丁目１００７番,36.03673403888889,136.22028641944448,100,
1563,公設消火栓,足羽分遣所,福井市円成寺町８番１２号,36.01974305555556,136.25749919999998,100,
1564,公設消火栓,臨海消防署,福井市大窪町５番１３号,36.13635082500001,136.08265612500003,100,
1565,公設消火栓,臨海消防署,福井市大窪町４１番１号２５,36.13868456388889,136.08125411111112,250,
1566,公設消火栓,臨海消防署,福井市大窪町４３番１号,36.13771273333334,136.07998223888887,250,
1567,公設防火水槽,臨海消防署,福井市大窪町,36.13723072777777,136.08210912222225,,
1568,公設防火水槽,美山分署,福井市大久保町１３番６６号　,36.01597289444444,136.34063322500003,,
1569,公設防火水槽,美山分署,福井市大久保町６番１号,36.016577769444446,136.33909735,,
1570,公設防火水槽,美山分署,福井市大久保町１３番１８号　,36.01567791944444,136.3400862861111,,
1571,公設消火栓,南消防署,福井市大島町８０２番,36.03070356944445,136.20926731666665,250,
1572,公設消火栓,南消防署,福井市大島町３０４番,36.032826252777774,136.20849026944444,250,
1573,公設消火栓,南消防署,福井市大島町１１２番,36.034725977777775,136.2080012111111,250,
1574,公設消火栓,南消防署,福井市大島町２０２番１６,36.03264831944445,136.2096482,100,
1575,公設消火栓,南消防署,福井市大島町５０４番,36.03385107777778,136.2074512916667,100,
1576,公設消火栓,臨海消防署,福井市石橋町４３番１３２号,36.144069325000004,136.10177760833332,100,
1577,公設消火栓,臨海消防署,福井市浜別所町１１番１１号,36.143703336111116,136.10339053333337,100,
1578,公設消火栓,東分署,福井市林町３５番１６号,36.08923831111111,136.27006735000003,100,
1579,公設消火栓,東分署,福井市林町,36.08855830555555,136.26886447777778,100,
1580,公設消火栓,東分署,福井市林町１９番１５号,36.089216166666674,136.2678985527778,100,
1581,公設防火水槽,越廼分署,福井市浜北山町９番８号,36.01498806666667,135.99537996388887,,
1582,公設消火栓,臨海消防署,福井市浜島町１４番３４号,36.148578702777776,136.11226952500002,100,
1583,公設消火栓,臨海消防署,福井市浜島町７番２３号,36.149620605555555,136.11273538611113,100,
1584,公設消火栓,臨海消防署,福井市浜島町７番９号,36.15059450277777,136.11261430833335,100,
1585,公設消火栓,臨海消防署,福井市浜島町８番６０号,36.15098048055556,136.11372716944445,100,
1586,公設消火栓,臨海消防署,福井市浜島町８番３６号,36.14916166111111,136.11340636666662,100,
1587,公設消火栓,臨海消防署,福井市浜島町,36.147033847222225,136.11142974444445,100,
1588,公設防火水槽,臨海消防署,福井市浜島町７番８号,36.14952262222222,136.11324735,,
1589,その他,臨海消防署,福井市浜島町１４番５５号　溜池,36.14748179444445,136.11113173055554,,
1590,公設消火栓,臨海消防署,福井市浜住町２番５号,36.13450145,136.0725408611111,150,
1591,公設消火栓,臨海消防署,福井市浜住町２番４９号,36.1335016,136.07252890277778,100,
1592,公設消火栓,西分署,福井市光陽２丁目３番３６号,36.06727652222222,136.19957668333333,150,
1593,公設消火栓,西分署,福井市光陽１丁目１３番,36.06647666666667,136.201566425,100,
1594,公設消火栓,西安居分遣所,福井市西学園１丁目１００８番,36.06801531944445,136.1853222277778,150,
1595,公設消火栓,西安居分遣所,福井市西学園２丁目１１０８番,36.06900720277778,136.18542226111109,100,
1596,公設消火栓,西安居分遣所,福井市西学園１丁目１０４番,36.06796233888888,136.18793095555557,100,
1597,公設消火栓,東消防署,福井市西方２丁目２番１号,36.05204654166668,136.2400644722222,200,
1598,公設消火栓,東消防署,福井市西方２丁目２３番,36.05039073333333,136.24007655277777,200,
1599,公設消火栓,東消防署,福井市西方１丁目２番１１号,36.0531242638889,136.23422676111113,100,
1600,公設消火栓,東消防署,福井市西方１丁目２番１１号,36.0541991388889,136.23426770555554,100,
1601,公設消火栓,東消防署,福井市西方１丁目１０番１９号,36.05271834722222,136.2355147027778,100,
1602,公設消火栓,東消防署,福井市西方１丁目１番１１号,36.05400419166667,136.23541464722223,100,
1603,公設消火栓,東消防署,福井市西方１丁目２番１１号,36.05287930555556,136.23472374166667,100,
1604,公設消火栓,中消防署,福井市二の宮３丁目２８番７号,36.08590866388889,136.21971518611107,100,
1605,公設消火栓,中消防署,福井市二の宮４丁目４４番１号,36.08712721111111,136.20936225555553,100,
1606,公設消火栓,中消防署,福井市二の宮４丁目４５番１号,36.087819177777774,136.21040107500002,100,
1607,公設消火栓,中消防署,福井市二の宮２丁目８番５号,36.08488112777777,136.22678751111107,200,
1608,公設消火栓,中消防署,福井市二の宮３丁目６番７号,36.0835888611111,136.21684077777778,100,
1609,公設消火栓,中消防署,福井市二の宮４丁目１１番１号,36.08356081944444,136.21545503055555,150,
1610,公設消火栓,中消防署,福井市二の宮４丁目２５番２７号,36.08506163611111,136.21543203055555,150,
1611,公設消火栓,中消防署,福井市二の宮４丁目３６番１号,36.08612950277778,136.21543502777777,150,
1612,公設消火栓,中消防署,福井市二の宮４丁目４７番１号,36.08748836388889,136.21546907500002,150,
1613,公設消火栓,臨海消防署,福井市小幡町３番８号,36.14071978888888,136.1236122138889,350,
1614,公設消火栓,臨海消防署,福井市小幡町２番２号,36.141127755555566,136.12473408888889,350,
1615,公設消火栓,臨海消防署,福井市小幡町１番４号,36.14126675,136.1255240111111,350,
1616,公設消火栓,臨海消防署,福井市小幡町１番４号,36.14143173055555,136.1256189861111,100,
1617,公設消火栓,臨海消防署,福井市小幡町３番６号,36.14292455555556,136.12565983888888,100,
1618,公設消火栓,臨海消防署,福井市小幡町７番１号,36.14369846666667,136.12560876666666,100,
1619,公設消火栓,清水分署,福井市甑谷町２８番１号,35.998021675000004,136.1544439527778,100,
1620,公設消火栓,清水分署,福井市甑谷町２９番２２号,35.998856575000005,136.15604070555554,100,
1621,公設消火栓,清水分署,福井市甑谷町２８番１号,35.99685486111111,136.15588586111113,100,
1622,公設防火水槽,清水分署,福井市甑谷町１３番２号,36.00195601111111,136.1454367916667,,
1623,公設消火栓,中消防署,福井市高木中央２丁目１５１０番,36.09405948333334,136.23412823055554,300,
1624,公設消火栓,中消防署,福井市高木中央２丁目３２０３番,36.092310705555555,136.23460616388888,300,
1625,公設消火栓,中消防署,福井市高木中央２丁目３３１５番,36.091149830555565,136.23447815555556,300,
1626,公設消火栓,中消防署,福井市高木中央１丁目２１０９番,36.09054483611111,136.2332312361111,300,
1627,公設消火栓,中消防署,福井市高木中央１丁目２８１４番,36.088197144444436,136.2340341388889,300,
1628,公設消火栓,中消防署,福井市高木中央１丁目２６０３番,36.08752833333334,136.2359700166667,100,
1629,公設消火栓,中消防署,福井市高木中央２丁目３８０３番,36.089117272222225,136.23803090555555,150,
1630,公設消火栓,中消防署,福井市高木中央２丁目３８１０番,36.08911119444444,136.2366809888889,150,
1631,公設消火栓,南消防署,福井市大島町２０７番,36.033295175,136.2081342722222,100,
1632,公設消火栓,南消防署,福井市大島町６０２番２号,36.032942161111116,136.20643740555556,100,
1633,公設消火栓,南消防署,福井市大島町４０４番２号,36.03248127777778,136.20788432777775,100,
1634,公設消火栓,南消防署,福井市大島町２０４番,36.032253286111114,136.20731537777775,100,
1635,公設消火栓,南消防署,福井市大島町２０７番,36.031526416666665,136.20819535277778,100,
1636,公設消火栓,南消防署,福井市大島町８１７番,36.030881513888886,136.20841536666669,100,
1637,公設消火栓,北分署,福井市東森田２丁目３１５番,36.11796229722223,136.24830185277776,100,
1638,公設消火栓,北分署,福井市東森田３丁目１４１７番,36.11787657222222,136.25345226944444,100,
1639,公設防火水槽,美山分署,福井市中手町２８番３５号,35.95946785277778,136.41944109166667,,
1640,公設防火水槽,美山分署,福井市中手町２８番５９号,35.95862993888888,136.41924714166666,,
1641,公設防火水槽,美山分署,福井市中手町２４番２号,35.96259252499999,136.41876308611108,,
1642,河川,美山分署,福井市中手町,35.96151264444445,136.41828018055557,,
1643,公設消火栓,臨海消防署,福井市長橋町８番３１号,36.11563151111112,136.0497145361111,200,
1644,公設消火栓,臨海消防署,福井市長橋町８番３８号,36.11470164166666,136.04986257222222,200,
1645,公設消火栓,臨海消防署,福井市長橋町１８番２０号,36.114048736111116,136.04972761388888,200,
1646,公設消火栓,臨海消防署,福井市長橋町１９番３号,36.113462822222225,136.04931567500003,200,
1647,公設消火栓,臨海消防署,福井市長橋町１８番４８号,36.11064622222223,136.0487878611111,200,
1648,公設消火栓,臨海消防署,福井市長橋町１７番１０号,36.11436568888889,136.05026255555555,100,
1649,公設消火栓,西分署,福井市光陽１丁目１１番７号,36.06648269722222,136.20318425,100,
1650,公設消火栓,西分署,福井市光陽１丁目８番３３号,36.06744856111112,136.20282333333336,150,
1651,公設消火栓,西分署,福井市光陽１丁目８番１１号,36.067323552777786,136.20150147500001,150,
1652,公設消火栓,西分署,福井市光陽１丁目７番２４号,36.06822643611111,136.20170149722222,100,
1653,公設消火栓,西分署,福井市光陽１丁目２番１３号,36.06844043888889,136.20334831944447,150,
1654,公設消火栓,西分署,福井市光陽４丁目４番１６号,36.06731844722222,136.19364332222224,150,
1655,公設消火栓,西分署,福井市光陽４丁目１０番２２号,36.06676251388889,136.19284137499997,100,
1656,公設消火栓,西分署,福井市光陽４丁目５番２８号,36.06661254166666,136.1940212416667,100,
1657,公設消火栓,西分署,福井市光陽４丁目１０番２３号,36.065630663888896,136.19356223055556,100,
1658,公設消火栓,西分署,福井市光陽４丁目７番１号,36.06554368333333,136.19458211666665,100,
1659,公設消火栓,西分署,福井市光陽１丁目２４番３号,36.0646359361111,136.2028312027778,100,
1660,公設消火栓,西分署,福井市光陽１丁目２２番１１号,36.06525485555556,136.202890225,100,
1661,公設消火栓,西分署,福井市光陽１丁目１７番１１号,36.06577378888889,136.20304023333333,150,
1662,公設消火栓,西分署,福井市光陽１丁目１８番１２号,36.0657517611111,136.20151439166668,150,
1663,公設消火栓,東消防署,福井市河増町３１番２７号,36.058676322222226,136.25483335277778,100,
1664,公設消火栓,東消防署,福井市河増町２１番１号,36.060024138888885,136.25321341111112,100,
1665,公設消火栓,東消防署,福井市河増町２１番２号,36.060965055555556,136.2533693722222,100,
1666,公設消火栓,東消防署,福井市河増町２６番３７号,36.05850144722223,136.25777517499998,100,
1667,公設消火栓,中消防署,福井市高木北３丁目７１３番,36.09821901666667,136.2343422972222,100,
1668,公設消火栓,中消防署,福井市二の宮３丁目７番７号,36.08429676666667,136.2166188111111,100,
1669,公設消火栓,中消防署,福井市二の宮３丁目１９番３号,36.085208655555554,136.21661080277778,100,
1670,公設消火栓,中消防署,福井市二の宮３丁目３３番,36.085888575000006,136.21678276388886,100,
1671,公設消火栓,中消防署,福井市二の宮３丁目１２番８号,36.0839419138889,136.21975723333333,100,
1672,公設消火栓,中消防署,福井市二の宮１丁目１２番１７号,36.08828081111112,136.22806249444443,100,
1673,公設消火栓,中消防署,福井市二の宮１丁目１５番,36.087783908333336,136.22885142500002,100,
1674,公設消火栓,中消防署,福井市二の宮１丁目１１番,36.086070033333336,136.22774543055553,100,
1675,公設消火栓,中消防署,福井市二の宮１丁目９番１４号,36.086122102777786,136.2290733611111,100,
1676,公設消火栓,中消防署,福井市二の宮１丁目８番２６号,36.08616416388888,136.2302393027778,100,
1677,公設消火栓,中消防署,福井市二の宮１丁目１番３５号,36.08481417777778,136.22757347222225,100,
1678,公設消火栓,中消防署,福井市二の宮１丁目５番２１号,36.085234222222226,136.2292923694444,100,
1679,公設消火栓,東分署,福井市丸山１丁目１２１４番,36.07782203333333,136.24603366111114,100,
1680,公設消火栓,東分署,福井市丸山１丁目１００８番,36.07480820277779,136.24341378333332,150,
1681,公設消火栓,東分署,福井市丸山１丁目１１５番,36.07224751944445,136.24423375555554,100,
1682,公設消火栓,東消防署,福井市丸山２丁目１０８番,36.07069169722222,136.24453374444442,100,
1683,公設消火栓,東分署,福井市丸山１丁目１１１９番,36.07680813055555,136.24590266944446,100,
1684,公設消火栓,東分署,福井市丸山１丁目１１２３番,36.07627715833333,136.24543868888887,100,
1685,公設消火栓,東分署,福井市丸山１丁目１１３２番,36.07536122222223,136.24483071944442,100,
1686,公設消火栓,東分署,福井市丸山２丁目５１２番,36.07306951666666,136.245886675,100,
1687,公設消火栓,中消防署,福井市高木中央２丁目４００８番,36.08909512500001,136.2354840638889,200,
1688,公設消火栓,中消防署,福井市高木中央１丁目２５０１番,36.08850618888889,136.23545105833333,100,
1689,公設消火栓,中消防署,福井市高木中央１丁目２４０９番,36.08898897500001,136.2325512472222,150,
1690,公設消火栓,中消防署,福井市高木中央１丁目１３０８番,36.08873590833333,136.23075934999997,150,
1691,公設消火栓,中消防署,福井市高木中央２丁目５２１番,36.09426333055555,136.23130648888886,200,
1692,公設消火栓,中消防署,福井市高木中央２丁目６０３番　,36.09386844166666,136.23278534722223,100,
1693,公設消火栓,中消防署,福井市高木中央２丁目７１６番　平成電工北側,36.09342753333334,136.2336552611111,100,
1694,公設消火栓,中消防署,福井市高木北５丁目３０９番,36.09638344999999,136.2383039361111,100,
1695,公設消火栓,中消防署,福井市高木北５丁目３０５番,36.09647437499999,136.23716902777778,100,
1696,公設消火栓,中消防署,福井市寺前町１０３番,36.09877645555555,136.24351552222222,100,
1697,公設消火栓,中消防署,福井市高柳２丁目１１０１番,36.09845855277777,136.24457443055553,150,
1698,公設消火栓,中消防署,福井市高柳２丁目１１０１番,36.09753058055555,136.2430695583333,100,
1699,公設消火栓,中消防署,福井市高柳２丁目９０８番,36.09679667222221,136.24313455277775,100,
1700,公設消火栓,中消防署,福井市高柳２丁目,36.09848068333333,136.24700022500002,250,
1701,公設消火栓,中消防署,福井市高柳２丁目１６０５番,36.09749978055555,136.24656926944445,100,
1702,公設消火栓,中消防署,福井市高柳３丁目３９０２番,36.09880322222223,136.23936687500003,250,
1703,公設消火栓,中消防署,福井市高柳２丁目１００７番,36.097477652777776,136.2442144638889,100,
1704,公設消火栓,中消防署,福井市高柳３丁目４００８番,36.1001740861111,136.23981684999998,100,
1705,公設消火栓,足羽分遣所,福井市中毘沙門町,36.02114629444445,136.27447441388892,100,
1706,公設消火栓,足羽分遣所,福井市中毘沙門町１９番１号,36.02074539444445,136.27538832500002,100,
1707,公設消火栓,足羽分遣所,福井市中毘沙門町９番１号,36.02080933888889,136.27437243611112,100,
1708,公設消火栓,足羽分遣所,福井市中毘沙門町９番１２号,36.02032038333333,136.27378151666665,100,
1709,公設消火栓,足羽分遣所,福井市中毘沙門町１９番５号,36.019888505555556,136.27511238333335,100,
1710,私設防火水槽,足羽分遣所,福井市中毘沙門町地係,36.02114830833332,136.27479738055553,,
1711,公設消火栓,中消防署,福井市新田塚２丁目７３番１号,36.09099067777778,136.20396824999997,150,
1712,公設消火栓,中消防署,福井市新田塚２丁目７６番１６号,36.090837611111105,136.20127770000002,150,
1713,公設消火栓,中消防署,福井市新田塚２丁目４２番１５号,36.08959874166667,136.20219357222223,100,
1714,公設消火栓,南消防署,福井市花堂東１丁目２６番３０号,36.03889176388889,136.22071429444443,100,
1715,公設消火栓,南消防署,福井市花堂東１丁目３５番６号,36.03771493055555,136.22113032777781,100,
1716,公設消火栓,南消防署,福井市花堂東１丁目２８番２６号,36.03829187222223,136.22183626111112,200,
1717,公設消火栓,南消防署,福井市花堂東１丁目１９番２５号,36.03934472500001,136.22144723333335,100,
1718,公設消火栓,南消防署,福井市花堂東１丁目１８番６号,36.04037258611111,136.22136419166668,100,
1719,公設消火栓,南消防署,福井市花堂東１丁目５番２３号,36.042541291666666,136.2211251027778,100,
1720,公設消火栓,南消防署,福井市花堂東１丁目５番１３号,36.04316922777777,136.22183303333333,100,
1721,公設消火栓,南消防署,福井市花堂東１丁目７番３号,36.04186440277778,136.22192808888892,100,
1722,公設消火栓,南消防署,福井市花堂東１丁目１７番１０号,36.04072555555556,136.2220001388889,100,
1723,公設消火栓,南消防署,福井市花堂東２丁目８０１番,36.04008364166667,136.22204116666663,100,
1724,公設消火栓,中消防署,福井市高木北３丁目８０５番,36.098734997222216,136.2351172388889,150,
1725,公設消火栓,中消防署,福井市高木北３丁目５１８番,36.09763010555555,136.23478124444443,100,
1726,公設消火栓,中消防署,福井市高木北３丁目５１４番,36.098189086111105,136.2355981861111,200,
1727,公設消火栓,中消防署,福井市高木北４丁目６１０番,36.09809512777778,136.23615113888886,100,
1728,公設消火栓,中消防署,福井市高木北４丁目７１９番,36.0973082,136.23579215555554,100,
1729,公設消火栓,中消防署,福井市高木北４丁目６１１番１号,36.09758121388889,136.23659409444443,150,
1730,公設消火栓,中消防署,福井市高木北４丁目５０９番２号,36.097030305555556,136.23709504444443,100,
1731,公設消火栓,中消防署,福井市高木北４丁目１００１番１号,36.09769621666666,136.23693206666664,150,
1732,公設消火栓,中消防署,福井市高木北４丁目９２０番,36.09851011944445,136.23687808333332,100,
1733,公設消火栓,中消防署,福井市高木北４丁目８１２番,36.098586080555556,136.23634413055558,100,
1734,公設消火栓,中消防署,福井市高木北４丁目１２１５番,36.09922603888888,136.23692109166663,100,
1735,公設消火栓,中消防署,福井市高木北４丁目１３１１番２号,36.09960502222222,136.23743705277778,100,
1736,公設消火栓,中消防署,福井市高木北２丁目８０６番,36.09912785277778,136.23296745833332,150,
1737,公設消火栓,中消防署,福井市高木北２丁目１１０５番１７号,36.09970978888888,136.23302446666665,100,
1738,公設消火栓,中消防署,福井市高木北１丁目１００１番,36.09900678611111,136.23101065555556,150,
1739,公設消火栓,中消防署,福井市高木北１丁目１１０６番２号,36.09918773333334,136.23026473611108,100,
1740,公設消火栓,中消防署,福井市高木北１丁目１１０８番,36.09954866944445,136.22970180555558,100,
1741,公設消火栓,中消防署,福井市舟橋２丁目３１６番１号,36.10005963611111,136.2302487666667,100,
1742,公設消火栓,東分署,福井市丸山２丁目８１０番,36.075099308333336,136.24590066944444,100,
1743,公設消火栓,東分署,福井市丸山２丁目２１０２番,36.077619197222226,136.24857749444445,200,
1744,公設消火栓,東分署,福井市丸山３丁目３０７番,36.077069263888895,136.24878648055557,100,
1745,公設防火水槽,中消防署,福井市松本４丁目９番,36.07228246388889,136.22184619722222,,
1746,プール,中消防署,福井市松本１丁目２４番　北部プール,36.073826597222215,136.22917060555554,,
1747,プール,中消防署,福井市松本１丁目３４番１５号　福井スイミングスクール,36.07579053333333,136.23283130555555,,
1748,プール,中消防署,福井市松本３丁目１５番１号　宝永小学校プール,36.073137366666664,136.2221741444444,,
1749,受水槽,中消防署,福井市松本１丁目　４４－１１　町屋県住Ｂ棟,36.075704388888894,136.22959854444443,,
1750,受水槽,中消防署,福井市松本１丁目４３番７号　町屋県住Ａ棟,36.076054299999996,136.22860661111113,,
1751,公設防火水槽,美山分署,福井市間戸町２３番２８,35.988353805555555,136.3923382361111,,
1752,公設消火栓,川西分署,福井市御所垣内町１１番１０号,36.13173210555555,136.16875190555558,100,
1753,公設消火栓,川西分署,福井市御所垣内町１１番１７号,36.131663141666664,136.16943483055556,100,
1754,公設消火栓,川西分署,福井市御所垣内町１２番２１号,36.13152118055556,136.1699127833333,100,
1755,公設消火栓,川西分署,福井市御所垣内町８番３１号,36.131932125000006,136.16985176666665,100,
1756,公設消火栓,川西分署,福井市御所垣内町８番２９号,36.132543044444446,136.16970774444448,100,
1757,公設防火水槽,川西分署,福井市御所垣内町１１番１９号,36.131232191666676,136.16932986944443,,
1758,公設消火栓,清水分署,福井市御油町１６番１８号,36.01946787222222,136.14704078055556,150,
1759,公設消火栓,中消防署,福井市高柳３丁目３１０６番,36.09861936944445,136.24160868333337,100,
1760,公設消火栓,中消防署,福井市高柳３丁目２９０１番４号,36.09807643333333,136.24160168333336,100,
1761,公設消火栓,中消防署,福井市高柳３丁目２８１５番,36.09803251388889,136.24294956944442,100,
1762,公設消火栓,中消防署,福井市高柳３丁目２９０４番,36.09768053333333,136.24253460277777,100,
1763,公設消火栓,中消防署,福井市高柳３丁目４６０２番,36.09935224444444,136.2409207472222,250,
1764,公設消火栓,中消防署,福井市高柳３丁目４５１０番,36.09869034999999,136.2414177,250,
1765,公設消火栓,中消防署,福井市高柳２丁目１５０３番,36.097038780555565,136.24557735555553,100,
1766,公設消火栓,中消防署,福井市高柳２丁目８１８番,36.095170902777774,136.2437175083333,100,
1767,公設消火栓,中消防署,福井市高柳１丁目１３０２番,36.09024246666666,136.24353355277776,100,
1768,公設消火栓,中消防署,福井市高柳２丁目１８０１番,36.094622066666666,136.24539538333335,100,
1769,公設消火栓,中消防署,福井市寺前町１０３番,36.09928043055555,136.2441774638889,150,
1770,公設消火栓,中消防署,福井市高柳町６番５号１６,36.098819205555564,136.23906990277774,100,
1771,公設消火栓,中消防署,福井市高柳１丁目６０９番,36.09272702777778,136.2409207222222,100,
1772,公設消火栓,中消防署,福井市高柳３丁目２２０３番,36.09278407499999,136.24184965555557,100,
1773,公設消火栓,中消防署,福井市高柳１丁目９１１番,36.09261918333333,136.2433835472222,100,
1774,公設消火栓,中消防署,福井市高柳１丁目８０１番,36.09205315277777,136.24173066666665,100,
1775,公設消火栓,中消防署,福井市高柳１丁目９０９番,36.09207222777778,136.24304757500002,100,
1776,公設消火栓,中消防署,福井市高柳１丁目７１０番,36.09136728888888,136.24272259999998,100,
1777,公設消火栓,南消防署,福井市花堂中２丁目２番地２,36.03956448611111,136.21342266666665,100,
1778,私設消火栓,南消防署,福井市花堂中１丁目１６番４５号　サカイオーベックス,36.03541711388888,136.21633969722225,100,
1779,私設消火栓,南消防署,福井市花堂中１丁目１６番４５号,36.03502616666666,136.2163257166667,65,
1780,私設消火栓,南消防署,福井市花堂中１丁目１６番４５号,36.036273022222225,136.21728060555554,65,
1781,公設防火水槽,南消防署,福井市花堂中２丁目３１番３号,36.03614185277778,136.21012000555555,,
1782,公設防火水槽,南消防署,福井市花堂中２丁目１１番１０号,36.03838954444444,136.20975392222223,,
1783,公設防火水槽,南消防署,福井市花堂中２丁目１５番３３号,36.037333716666666,136.21103689999998,,
1784,公設防火水槽,南消防署,福井市花堂南１丁目地係,36.03380931666668,136.21564481388887,,
1785,私設防火水槽,南消防署,福井市花堂中２丁目５番１号,36.03691175277778,136.21024496111113,,
1786,公設防火水槽,中消防署,福井市春山２丁目１８番１号,36.069326575,136.21368916944445,,
1787,公設防火水槽,中消防署,福井市春山２丁目７番,36.068362677777785,136.21292524166665,,
1788,私設防火水槽,中消防署,福井市春山１丁目１番５号,36.068337830555556,136.21760273055554,,
1789,公設消火栓,麻生津分遣所,福井市半田町３１番７号,36.00714410277777,136.21702368055554,100,
1790,公設消火栓,麻生津分遣所,福井市半田町２９番４４号,36.00644221388888,136.21728067777778,100,
1791,公設消火栓,麻生津分遣所,福井市半田町２９番２５号,36.006485247222216,136.2184695916667,100,
1792,公設消火栓,麻生津分遣所,福井市半田町３０番１４号,36.005635377777786,136.2186915916667,100,
1793,公設消火栓,麻生津分遣所,福井市半田町２８番２２号,36.00660926388889,136.21958751111111,100,
1794,公設消火栓,中消防署,福井市高木北１丁目１３０４番,36.09989468333334,136.2309496888889,150,
1795,公設消火栓,川西分署,福井市波寄町１８番１１６号,36.15451585277778,136.14856670277774,100,
1796,公設消火栓,川西分署,福井市波寄町１８番７１号,36.155588724999994,136.14894861388888,100,
1797,公設消火栓,川西分署,福井市波寄町１７番４４号,36.155759700000004,136.14873461944447,150,
1798,公設消火栓,川西分署,福井市波寄町１９番６号,36.15498978611111,136.147934725,150,
1799,公設消火栓,川西分署,福井市波寄町１７番１号,36.155464699999996,136.14643785555555,100,
1800,公設消火栓,川西分署,福井市波寄町３７番７２号,36.15573663611111,136.14515801944447,100,
1801,公設消火栓,川西分署,福井市波寄町１５番４１号,36.154673744444445,136.14454116944444,100,
1802,公設消火栓,川西分署,福井市波寄町３７番６４号,36.15463478055556,136.14563401666663,100,
1803,公設消火栓,川西分署,福井市波寄町１７番６４号,36.15402589166666,136.1469708555556,100,
1804,公設消火栓,川西分署,福井市波寄町５番６号,36.15692557222223,136.15007344999998,100,
1805,公設消火栓,社分署,福井市南居町８１番３３号,36.013294638888894,136.17078226944446,150,
1806,公設消火栓,社分署,福井市南居町８１番１号,36.012294769444445,136.17035335000003,150,
1807,公設消火栓,社分署,福井市南居町８１番１号,36.010650008333336,136.17036143888888,150,
1808,公設消火栓,社分署,福井市南居町８１番１号１０,36.012491716666666,136.16742761111112,150,
1809,公設消火栓,社分署,福井市南居町８１番１号,36.01247473055555,136.16871649444445,150,
1810,公設消火栓,社分署,福井市南居町,36.01964883333334,136.17534555,200,
1811,公設消火栓,社分署,福井市南居町１９番１号,36.02228755277777,136.17798720833335,200,
1812,公設消火栓,社分署,福井市南居町１９番１号,36.02331144444444,136.17895907777776,200,
1813,公設消火栓,清水分署,福井市御油町１５番３１号,36.01883094444444,136.1468458277778,150,
1814,公設消火栓,清水分署,福井市御油町１５番９号,36.01874095,136.14816166388886,100,
1815,公設消火栓,清水分署,福井市御油町１４番１４号,36.01842399166667,136.14685484166665,150,
1816,公設消火栓,清水分署,福井市御油町１３番８号,36.01804603611111,136.14748377777778,100,
1817,公設消火栓,清水分署,福井市御油町１３番２０号,36.01790705277779,136.14686886111113,150,
1818,公設消火栓,清水分署,福井市御油町１３番８号,36.017627080555556,136.1479217361111,100,
1819,公設消火栓,清水分署,福井市御油町１２番５４号,36.01722713333333,136.14730783055555,150,
1820,公設消火栓,清水分署,福井市御油町１２番４４号,36.01666619444444,136.14754981944446,150,
1821,公設防火水槽,清水分署,福井市御油町１４番１４号,36.01833799999999,136.14684384722224,,
1822,私設防火水槽,清水分署,福井市御油町１２番６２号,36.01694916388888,136.14734383611113,,
1823,公設消火栓,臨海消防署,福井市小幡町９番２３号,36.14430239722222,136.12572069722222,100,
1824,公設消火栓,西分署,福井市三郎丸２丁目２３１０番,36.07961988055556,136.19225824999998,200,
1825,公設消火栓,西分署,福井市三郎丸２丁目１８０１番,36.077834149999994,136.1890363722222,100,
1826,公設防火水槽,美山分署,福井市西中町１０番１３号　,36.0280046861111,136.40693555,,
1827,公設消火栓,川西分署,福井市西中野町５番６１号,36.145835911111114,136.15348029722222,150,
1828,公設消火栓,川西分署,福井市西中野町２番３０号,36.14636588333333,136.15488509722223,100,
1829,公設消火栓,川西分署,福井市西中野町３番４４号,36.145910944444445,136.15522711388888,100,
1830,公設消火栓,川西分署,福井市西中野町５番１９号,36.14636282777778,136.1524353361111,100,
1831,公設消火栓,川西分署,福井市西中野町５番３号,36.14662481944444,136.15345520555553,100,
1832,公設消火栓,中消防署,福井市高柳１丁目６０２番,36.091117238888884,136.24137769166666,100,
1833,公設消火栓,中消防署,福井市高柳３丁目１０１番,36.094745525,136.23629206944446,100,
1834,公設消火栓,中消防署,福井市高柳１丁目１２０５番,36.092575294444444,136.24523041666666,100,
1835,公設消火栓,中消防署,福井市高柳１丁目９０２番,36.09119735833333,136.24356654444443,100,
1836,公設消火栓,中消防署,福井市高柳３丁目８０７番,36.09567754444445,136.2385309111111,100,
1837,公設消火栓,中消防署,福井市高柳３丁目３７０２番,36.098183319444445,136.2397808361111,100,
1838,公設消火栓,中消防署,福井市高柳３丁目４４０３番,36.099113233333334,136.24021780555557,100,
1839,公設消火栓,中消防署,福井市高柳３丁目８０１番,36.096152494444446,136.23864190833334,100,
1840,公設消火栓,中消防署,福井市高柳３丁目３６０１番,36.09613654722222,136.2395018388889,100,
1841,公設消火栓,中消防署,福井市高柳３丁目３３０４番７号,36.097041475000005,136.24013779722225,100,
1842,公設消火栓,中消防署,福井市高柳３丁目,36.09668041944444,136.23839793333332,150,
1843,公設消火栓,中消防署,福井市高柳１丁目２０１番,36.08892551666667,136.24180266944447,200,
1844,公設消火栓,中消防署,福井市高柳３丁目２６０４番,36.09622070555556,136.24247860555556,200,
1845,公設消火栓,中消防署,福井市高柳１丁目２４０８番,36.088830638888886,136.24366155555555,200,
1846,公設消火栓,中消防署,福井市高柳１丁目２４０８番,36.08817071111111,136.24358856388892,150,
1847,公設消火栓,中消防署,福井市高柳１丁目２４０７番,36.08812279722222,136.24495848333333,150,
1848,公設消火栓,中消防署,福井市高柳１丁目２４０８番,36.08871965833333,136.24379355000002,100,
1849,公設消火栓,中消防署,福井市高柳１丁目２１０２番,36.0887787138889,136.24484148333335,200,
1850,公設消火栓,中消防署,福井市高柳１丁目２１０１番,36.08891165833333,136.244130525,100,
1851,公設消火栓,中消防署,福井市春山１丁目９番２号,36.07037857777777,136.2179146916667,100,
1852,公設消火栓,中消防署,福井市春山２丁目４番８号,36.06740483611111,136.21391612499997,100,
1853,公設消火栓,中消防署,福井市春山２丁目１番１号,36.067157916666666,136.21545795833336,100,
1854,公設消火栓,中消防署,福井市春山１丁目１番１号,36.067060975,136.21688280833337,100,
1855,公設消火栓,中消防署,福井市春山２丁目８番２６号,36.06875765555556,136.21385814444446,100,
1856,公設消火栓,中消防署,福井市春山２丁目１１番９号,36.06880168055556,136.2147550472222,100,
1857,公設消火栓,中消防署,福井市春山２丁目１１番６号,36.068671708333326,136.2151470027778,100,
1858,公設消火栓,中消防署,福井市春山２丁目１１番１号,36.06862973611111,136.2158099277778,100,
1859,公設消火栓,西分署,福井市光陽２丁目１６番２６号,36.065337802777776,136.20077644722218,100,
1860,公設消火栓,西分署,福井市光陽１丁目２０番１０号,36.06472189444444,136.20129536111108,100,
1861,公設消火栓,西分署,福井市光陽２丁目２３番９号,36.06418595833333,136.200901375,100,
1862,受水槽,清水分署,福井市甑谷町２９番２２号,35.99852361944444,136.15559878055555,,
1863,公設消火栓,川西分署,福井市小尉町９番２９号,36.15893438055555,136.1562148138889,100,
1864,公設消火栓,川西分署,福井市小尉町９番３０号,36.15853142777778,136.15591486944442,100,
1865,公設消火栓,川西分署,福井市小尉町１１番１５号,36.15732558055556,136.15593395277781,100,
1866,公設消火栓,川西分署,福井市小尉町１１番２０号,36.15747856666667,136.1564719,100,
1867,公設消火栓,川西分署,福井市小尉町１０番４号,36.15802050277778,136.15673383888893,100,
1868,公設消火栓,川西分署,福井市小尉町１８番２３号,36.158056486111114,136.15557293055554,100,
1869,公設防火水槽,川西分署,福井市小尉町１０番１１号,36.15749157222222,136.1571718416667,,
1870,公設防火水槽,社分署,福井市南居町５５－２０,36.01627127777777,136.17542369166668,,
1871,公設防火水槽,社分署,福井市南居町４８番３８号,36.01788208888889,136.1774374277778,,
1872,公設消火栓,臨海消防署,福井市浜住町２番３６号,36.133609625000005,136.0708990166667,150,
1873,公設消火栓,臨海消防署,福井市浜住町３番１７号,36.13273176111111,136.0707160638889,100,
1874,公設消火栓,臨海消防署,福井市浜住町３番３５号,36.13262079444444,136.06992413055553,150,
1875,公設消火栓,臨海消防署,福井市浜住町３番２３号,36.13220383611112,136.07106805833334,250,
1876,公設消火栓,臨海消防署,福井市浜住町８番,36.13189590277778,136.0699881527778,200,
1877,公設消火栓,臨海消防署,福井市浜住町８番１号,36.13104906944445,136.06817432500003,200,
1878,公設消火栓,臨海消防署,福井市浜住町７番２９号,36.13063515,136.06731840833336,200,
1879,公設消火栓,臨海消防署,福井市浜住町５番２２号,36.13128604444444,136.06752236666668,100,
1880,公設消火栓,臨海消防署,福井市浜住町１７番２３号,36.12914632500001,136.06990926944445,250,
1881,公設消火栓,臨海消防署,福井市浜住町３番１４号,36.133101716666665,136.07018509166664,150,
1882,公設消火栓,南消防署,福井市花堂南２丁目１３番１６号,36.03431206388889,136.20890616944442,100,
1883,公設消火栓,南消防署,福井市花堂南１丁目地係,36.03456523333333,136.21641473611112,100,
1884,公設消火栓,南消防署,福井市花堂南１丁目５番２４号,36.034601172222224,136.21428684999998,100,
1885,公設消火栓,南消防署,福井市花堂南１丁目７番,36.03375935277777,136.2167947527778,100,
1886,公設消火栓,南消防署,福井市花堂南１丁目８番５号,36.03383130833333,136.21545382222226,150,
1887,公設消火栓,南消防署,福井市花堂南１丁目１０番２２号,36.03326534722222,136.21397293055554,100,
1888,公設消火栓,南消防署,福井市花堂南１丁目２番１号,36.03476518055555,136.21539778055558,100,
1889,公設防火水槽,川西分署,福井市西中野町４番２８号,36.14591291111111,136.15392124444446,,
1890,公設消火栓,臨海消防署,福井市西畑町１５番１号１,36.14167705,136.08552069444443,250,
1891,公設消火栓,臨海消防署,福井市西畑町２番２６号,36.13466386944445,136.08906983055556,150,
1892,公設消火栓,臨海消防署,福井市西畑町２番１７号,36.134283911111105,136.08945582777778,150,
1893,公設消火栓,臨海消防署,福井市西畑町,36.13381997222221,136.08948984999998,150,
1894,公設消火栓,臨海消防署,福井市西畑町１６番４９号,36.14085219444445,136.08408382222225,250,
1895,公設消火栓,臨海消防署,福井市西畑町１６番１号２１,36.14120609444445,136.08612168055558,150,
1896,公設消火栓,社分署,福井市西谷２丁目３０６番,36.039722205555556,136.20437622777774,100,
1897,公設消火栓,南消防署,福井市西谷１丁目,36.03959426944445,136.2058921277778,100,
1898,公設消火栓,南消防署,福井市西谷１丁目８０７番１号,36.039450333333335,136.2073950333333,100,
1899,公設消火栓,南消防署,福井市西谷１丁目１２１番,36.040258249999994,136.20818994166666,100,
1900,公設消火栓,社分署,福井市西谷２丁目,36.03851823888889,136.20045954999998,150,
1901,公設消火栓,社分署,福井市西谷２丁目,36.03888919166666,136.2004455333333,100,
1902,公設消火栓,社分署,福井市西谷３丁目２９１５番,36.03903315555555,136.19981257222224,250,
1903,公設消火栓,中消防署,福井市二の宮５丁目２番１０号,36.08259967222223,136.207251475,100,
1904,公設消火栓,中消防署,福井市二の宮３丁目２番２号,36.083308988888895,136.21967926666665,150,
1905,公設消火栓,中消防署,福井市二の宮３丁目４番３号,36.083124919444444,136.21680478888888,150,
1906,公設消火栓,中消防署,福井市二の宮４丁目３番１０号,36.082888769444445,136.21140375277778,150,
1907,公設消火栓,中消防署,福井市二の宮４丁目１番４号,36.083008847222224,136.21420025555554,150,
1908,公設消火栓,中消防署,福井市高柳１丁目１８０１番,36.0893476,136.24400053055555,100,
1909,公設消火栓,中消防署,福井市高柳１丁目２１０２番,36.08922166944444,136.2449584722222,100,
1910,公設消火栓,中消防署,福井市高柳１丁目１８０１番,36.089486552777785,136.2435055611111,150,
1911,公設消火栓,中消防署,福井市高柳１丁目１３０２番,36.08992251388889,136.24369154722223,150,
1912,公設消火栓,中消防署,福井市高柳１丁目１５０１番,36.089906555555565,136.24437750277775,150,
1913,公設消火栓,中消防署,福井市高柳１丁目１６０１番,36.08967264999999,136.24550043333335,150,
1914,公設消火栓,中消防署,福井市高柳１丁目１４０１番,36.090661475000005,136.24450548611108,150,
1915,公設消火栓,中消防署,福井市高柳１丁目１４０１番,36.090428563888885,136.24553042222223,150,
1916,公設消火栓,中消防署,福井市高柳３丁目１６０１番,36.094962761111105,136.24082972777774,100,
1917,公設消火栓,中消防署,福井市高木北５丁目２１０番２号,36.095878475,136.237725975,100,
1918,公設消火栓,中消防署,福井市高柳町８番９号５,36.09850215555555,136.23752803055555,100,
1919,公設消火栓,北分署,福井市高屋町３０番５２号,36.112910088888896,136.1823649277778,100,
1920,公設消火栓,北分署,福井市高屋町３３番２３号,36.113155022222216,136.18087007222226,100,
1921,公設消火栓,北分署,福井市高屋町３３番２１号,36.114056905555564,136.18141501111114,150,
1922,公設消火栓,北分署,福井市高屋町２８番１２号,36.11581266944444,136.18180895277777,150,
1923,公設消火栓,北分署,福井市高屋町３２番３５号,36.11349894166667,136.17942621388886,100,
1924,公設消火栓,北分署,福井市高屋町３２番４７号,36.11263806111111,136.17921224166665,100,
1925,公設消火栓,北分署,福井市高屋町３０番１１号,36.1122661361111,136.1802981388889,150,
1926,公設消火栓,北分署,福井市高屋町３３番１号,36.11462377777777,136.1792872222222,100,
1927,私設防火水槽,川西分署,福井市小尉町９番３０号,36.15840644722223,136.15612886111109,,
1928,公設消火栓,国見分遣所,福井市小丹生町２番９号,36.07066200277778,136.02481413888887,100,
1929,公設消火栓,国見分遣所,福井市小丹生町２番２２号,36.06982707222222,136.02506317777778,100,
1930,公設消火栓,国見分遣所,福井市小丹生町４２番１０号,36.070002038888894,136.02410023333331,100,
1931,公設消火栓,国見分遣所,福井市小丹生町４５番１９号,36.07113392222222,136.0229222361111,100,
1932,公設消火栓,国見分遣所,福井市小丹生町地係,36.068985055555565,136.02141350555556,100,
1933,公設消火栓,国見分遣所,福井市小丹生町地係国道３０５号線上,36.06632423888889,136.02046677500002,100,
1934,公設防火水槽,国見分遣所,福井市小丹生町４番４号,36.07044101388889,136.02457516944443,,
1935,公設消火栓,西分署,福井市郡町１８番２１号,36.10593609722223,136.1933171027778,100,
1936,公設消火栓,西分署,福井市郡町２２番８号,36.10541916111111,136.19433304166668,100,
1937,公設消火栓,西分署,福井市郡町,36.10392434166667,136.19292717500002,150,
1938,公設消火栓,西分署,福井市郡町１７番５５号,36.10294245555556,136.19346915833336,100,
1939,公設消火栓,中消防署,福井市新田塚２丁目３４番１３号,36.08918774722222,136.20131073888888,100,
1940,公設消火栓,中消防署,福井市新田塚２丁目５８番３０号,36.08883471666667,136.19958905555555,100,
1941,公設消火栓,中消防署,福井市新田塚２丁目５３番１１号,36.090373738888886,136.2042242111111,100,
1942,公設消火栓,中消防署,福井市新田塚１丁目１番,36.08799807777777,136.20800153055558,150,
1943,公設消火栓,中消防署,福井市新田塚１丁目３番１３号,36.088119011111104,136.20638883055557,100,
1944,公設消火栓,中消防署,福井市新田塚２丁目６５番７号,36.09025465277777,136.2010857472222,100,
1945,公設消火栓,南消防署,福井市花堂南２丁目１５番１号,36.0338012,136.21113406111112,250,
1946,公設消火栓,南消防署,福井市花堂南２丁目１７番３号,36.03241739166666,136.21125912222223,250,
1947,公設消火栓,南消防署,福井市花堂南１丁目８番２５号,36.0341672388889,136.21458985555554,150,
1948,公設消火栓,東消防署,福井市河増町７番１７号,36.063473972222226,136.2569000944445,200,
1949,公設消火栓,東消防署,福井市河増町１８番３５号３,36.061136177777776,136.25677315833332,200,
1950,公設消火栓,東消防署,福井市河増町２８番１号,36.05979619722222,136.25416935833331,200,
1951,公設消火栓,東消防署,福井市河増町２９番１号,36.05966316111111,136.2529024416667,200,
1952,公設消火栓,東消防署,福井市河増町１５番４０号,36.06244913055555,136.25851301666665,150,
1953,公設消火栓,東消防署,福井市河増町２８番１号,36.059393211111114,136.25360840555558,200,
1954,公設消火栓,東消防署,福井市河増町,36.057657375,136.25365245833333,200,
1955,公設消火栓,東消防署,福井市河増町２０番３２号,36.06302890555555,136.25438126388892,100,
1956,公設消火栓,東消防署,福井市河増町２０番５１号,36.061921005555554,136.2543222888889,100,
1957,公設消火栓,東消防署,福井市河増町２１－５０－１,36.06103908333334,136.25421431944446,100,
1958,河川,東消防署,福井市河増町２４番３２－２,36.06109121944445,136.25775209999998,,
1959,公設消火栓,西分署,福井市光陽１丁目１９番１号,36.06521184166667,136.20199031666664,100,
1960,公設消火栓,西分署,福井市光陽１丁目２７番２３号,36.06486593055555,136.20407308611112,100,
1961,公設消火栓,西分署,福井市光陽１丁目９番２３号,36.06781052222222,136.20323430555555,100,
1962,公設消火栓,西分署,福井市光陽４丁目２番２４号,36.067623419444445,136.19581111388888,100,
1963,公設消火栓,西分署,福井市光陽１丁目４番２１号,36.06851241666667,136.20263140555556,150,
1964,公設消火栓,中消防署,福井市二の宮５丁目４番２７号,36.083802513888884,136.20693758611108,100,
1965,公設消火栓,中消防署,福井市二の宮５丁目１０番,36.084713397222224,136.20685464444446,100,
1966,公設消火栓,中消防署,福井市二の宮５丁目１１番２２号,36.0854693,136.2067676972222,100,
1967,公設消火栓,中消防署,福井市二の宮５丁目１７番２３号,36.08631618888889,136.20669075277777,100,
1968,公設消火栓,中消防署,福井市二の宮５丁目１６番３３号,36.08665821111111,136.20819546944443,100,
1969,公設消火栓,中消防署,福井市二の宮５丁目１５番５号,36.085730302777776,136.207729525,100,
1970,公設消火栓,中消防署,福井市二の宮５丁目９番３６号,36.08430649722223,136.20835435000004,100,
1971,公設消火栓,中消防署,福井市二の宮５丁目１番２１号,36.083215652777774,136.2090441861111,200,
1972,公設消火栓,麻生津分遣所,福井市西袋町１８番１６号,35.992117730555556,136.2421661388889,100,
1973,公設防火水槽,麻生津分遣所,福井市西袋町１５番９号,35.99278965555555,136.2434050611111,,
1974,公設防火水槽,麻生津分遣所,福井市西袋町１７番１３号,35.992384686111116,136.24176516944445,,
1975,その他,麻生津分遣所,福井市西袋町地係,35.99024396666667,136.24054423611113,,
1976,河川,美山分署,福井市間戸町,35.989359658333335,136.39249918055552,,
1977,公設消火栓,東分署,福井市間山町１番２５号,36.08181438888889,136.27495306666668,150,
1978,公設消火栓,東分署,福井市間山町１番７３号,36.080306541666666,136.27487011944442,150,
1979,公設消火栓,東分署,福井市間山町１番２５号,36.081712352777785,136.27421414722224,150,
1980,公設消火栓,北分署,福井市高屋町,36.11358006388888,136.1861315611111,150,
1981,公設消火栓,北分署,福井市高屋町,36.11287124444444,136.1929529777778,150,
1982,公設防火水槽,北分署,福井市高屋町３５番３５号,36.11334298611111,136.18041511666664,,
1983,公設防火水槽,北分署,福井市高屋町２２番,36.11271806111112,136.1797481888889,,
1984,公設消火栓,中消防署,福井市高柳３丁目４１８番,36.09518151944445,136.2370840166667,100,
1985,公設消火栓,中消防署,福井市灯明寺３丁目３４０３番,36.097285319444445,136.21186412222224,100,
1986,公設消火栓,中消防署,福井市高柳町８番２４号１２,36.0977273,136.23845094166663,150,
1987,公設消火栓,中消防署,福井市高柳町８番４号１０,36.09817423333333,136.23822596666668,150,
1988,公設消火栓,中消防署,福井市高柳町６番６号５,36.09953313055555,136.23924189444443,100,
1989,公設消火栓,中消防署,福井市高柳町８番２８号９,36.097358352777775,136.2386229222222,150,
1990,公設消火栓,中消防署,福井市高柳町１０番２０号５,36.09707734166667,136.23785298333334,100,
1991,公設消火栓,中消防署,福井市高柳町１０番２０号７,36.09671938333334,136.23783397777777,100,
1992,公設消火栓,社分署,福井市高塚町６１３番,36.057726474999996,136.18116335833335,100,
1993,公設消火栓,社分署,福井市高塚町２０３番,36.058672369444444,136.18124036944445,100,
1994,公設消火栓,社分署,福井市高塚町７１７番,36.057226533333335,136.18119834166666,100,
1995,公設消火栓,社分署,福井市高塚町６０８番,36.057348508333334,136.18032245277777,100,
1996,公設消火栓,社分署,福井市高塚町９０３番１号,36.057458483333335,136.1794855583333,100,
1997,公設消火栓,社分署,福井市高塚町７０２番,36.056713591666664,136.18107234722223,100,
1998,公設消火栓,北分署,福井市高屋町３４番２６号,36.114537816666676,136.18041210833334,150,
1999,公設消火栓,中消防署,福井市大宮４丁目２番１２号,36.08066394444445,136.20838120277776,100,
2000,公設消火栓,中消防署,福井市大宮２丁目１５番１号,36.081289299999995,136.2213570388889,100,
2001,公設消火栓,中消防署,福井市大宮２丁目１４番３７号,36.081231244444446,136.21955734444447,100,
2002,公設消火栓,中消防署,福井市大宮２丁目１３番１８号,36.08119219722223,136.2179716138889,100,
2003,公設消火栓,中消防署,福井市大宮２丁目１０番１号,36.08167810277777,136.21696477499998,100,
2004,公設消火栓,社分署,福井市運動公園３丁目４０３番,36.055447672222215,136.1769038388889,100,
2005,公設消火栓,社分署,福井市運動公園３丁目３１２番　,36.05468375,136.1762929,100,
2006,公設消火栓,社分署,福井市運動公園３丁目８０５番,36.054836755555556,136.17776171944448,150,
2007,公設消火栓,社分署,福井市運動公園３丁目１１０２番１号,36.053805849999996,136.17654285277777,100,
2008,公設消火栓,社分署,福井市運動公園３丁目９１３番,36.054113830555565,136.17739475277776,100,
2009,公設消火栓,社分署,福井市運動公園３丁目１０１７番,36.054177841666665,136.17848961666667,100,
2010,公設消火栓,社分署,福井市運動公園４丁目７０５番,36.052537036111104,136.17901153055556,100,
2011,公設消火栓,社分署,福井市運動公園４丁目１１０３番,36.05244503055555,136.17808664444445,100,
2012,公設消火栓,社分署,福井市運動公園４丁目９０４番１号,36.051923075000005,136.1772647472222,100,
2013,公設消火栓,社分署,福井市運動公園４丁目８０１番,36.05218106944444,136.17859158333331,100,
2014,公設消火栓,社分署,福井市運動公園２丁目１２０１番,36.04742063055556,136.17941448333332,150,
2015,公設消火栓,社分署,福井市運動公園３丁目１４０８番　,36.05328891388889,136.17682280833336,150,
2016,公設消火栓,社分署,福井市運動公園３丁目１３０８番,36.053422911111106,136.1775287222222,150,
2017,公設消火栓,社分署,福井市運動公園３丁目１０１２番１号,36.05370588888889,136.17820664166666,100,
2018,公設消火栓,北分署,福井市東森田３丁目１８１１番,36.11738364444444,136.25361925833334,100,
2019,公設消火栓,北分署,福井市東森田１丁目２１７番,36.115912550000004,136.2481899,100,
2020,公設消火栓,北分署,福井市東森田２丁目１７０７番,36.117205561111106,136.25158249444445,100,
2021,公設消火栓,北分署,福井市東森田３丁目１４１１番,36.11827954166667,136.25385721388886,100,
2022,公設消火栓,北分署,福井市東森田３丁目８０１番,36.11882946666666,136.25374521666666,150,
2023,公設消火栓,北分署,福井市東森田３丁目１００３番,36.11977241666668,136.25506205000002,100,
2024,公設消火栓,北分署,福井市東森田１丁目１１２５番,36.114902836111106,136.25125157222223,200,
2025,公設消火栓,北分署,福井市上野本町４丁目２２０７番,36.114019777777784,136.24797495833332,200,
2026,公設消火栓,北分署,福井市東森田２丁目１６０９番,36.118301430555555,136.25173745555557,200,
2027,公設消火栓,北分署,福井市東森田１丁目２１７番,36.115514625,136.24869385000002,100,
2028,公設消火栓,北分署,福井市上野本町４丁目２４２０番,36.11383182777777,136.24847790277775,100,
2029,公設消火栓,北分署,福井市東森田４丁目５１０番,36.122362027777775,136.25389410277776,100,
2030,公設消火栓,北分署,福井市東森田４丁目６２４番,36.12187902777777,136.25270025277774,100,
2031,公設消火栓,北分署,福井市東森田４丁目７１３番,36.121427141666665,136.25383113888887,100,
2032,公設消火栓,北分署,福井市東森田４丁目７１３番,36.12091720277778,136.25376516111112,150,
2033,公設消火栓,北分署,福井市東森田３丁目２０８番,36.12075323333333,136.25393114722223,100,
2034,公設消火栓,北分署,福井市東森田３丁目４０１番,36.120201275,136.2533912277778,100,
2035,公設消火栓,北分署,福井市東森田３丁目４１５番,36.11984536944444,136.25433313055552,150,
2036,公設消火栓,南消防署,福井市大島町,36.029270622222214,136.2056596333333,100,
2037,公設消火栓,南消防署,福井市大島町,36.02932064722223,136.2064455777778,100,
2038,公設消火栓,南消防署,福井市大島町１２番５号,36.03006755277778,136.20659553055555,100,
2039,公設消火栓,南消防署,福井市大島町１０９番,36.030484625,136.21005928055558,100,
2040,公設消火栓,南消防署,福井市大島町１０番１１号,36.033798108333336,136.2081672444444,250,
2041,公設消火栓,南消防署,福井市大島町１０４番,36.031995375,136.20875429166668,250,
2042,公設消火栓,南消防署,福井市大島町１５番１９号,36.02894266944445,136.20580163888891,100,
2043,公設消火栓,南消防署,福井市大島町４０２番,36.0324422,136.20562048333335,100,
2044,公設消火栓,川西分署,福井市江上町５５番１３号,36.12865735,136.16561947499997,100,
2045,公設消火栓,川西分署,福井市江上町地係,36.131606930555556,136.16407445,100,
2046,公設防火水槽,川西分署,福井市江上町３８番１８号,36.128229677777774,136.17208471944446,,
2047,私設防火水槽,川西分署,福井市江上町１３番１号,36.13020419722223,136.16644627222223,,
2048,その他,川西分署,福井市江上町４３－２０　臨海工業用水事務所,36.12647981388889,136.1698990527778,,
2049,公設消火栓,麻生津分遣所,福井市江尻ヶ丘町地係,35.994496194444444,136.18830394999998,150,
2050,公設消火栓,麻生津分遣所,福井市江尻ヶ丘町２７８番,35.99404024444444,136.18768803888887,100,
2051,公設消火栓,麻生津分遣所,福井市江尻ヶ丘町２０３番,35.99370627777777,136.18698013333332,100,
2052,公設消火栓,麻生津分遣所,福井市江尻ヶ丘町１６５番,35.99317033888889,136.1864252222222,100,
2053,公設消火栓,麻生津分遣所,福井市江尻ヶ丘町１５８番,35.99239245555556,136.1869931916667,100,
2054,公設消火栓,麻生津分遣所,福井市江尻ヶ丘町１８３番,35.99287339444445,136.18709815833336,100,
2055,公設消火栓,麻生津分遣所,福井市東大味町２４番１７号,35.99179897222221,136.2627315111111,75,
2056,公設消火栓,麻生津分遣所,福井市東大味町３１番２号,35.989509258333335,136.26319540555556,75,
2057,公設消火栓,麻生津分遣所,福井市東大味町１０番１号,35.994749558333325,136.25873392500003,150,
2058,公設消火栓,麻生津分遣所,福井市東大味町９番１５号,35.994695574999994,136.25957585833333,100,
2059,公設消火栓,麻生津分遣所,福井市東大味町２１番３６号,35.99043612222223,136.25991271944446,150,
2060,公設消火栓,南消防署,福井市下馬３丁目２１０４番,36.039079058333336,136.23682037777778,100,
2061,公設消火栓,南消防署,福井市下馬３丁目１５８０番２号,36.04090079166666,136.23448541944447,100,
2062,公設消火栓,南消防署,福井市下馬３丁目１３０３番,36.04136670833334,136.23342945000002,100,
2063,公設消火栓,南消防署,福井市下馬３丁目,36.04012586388889,136.23306054444447,100,
2064,公設消火栓,南消防署,福井市下馬２丁目２１１１番,36.03972600277778,136.23872921944448,100,
2065,公設消火栓,南消防署,福井市下馬１丁目１６１４番,36.04368951666667,136.2397649138889,200,
2066,公設消火栓,南消防署,福井市下馬１丁目８０４番,36.044775372222226,136.23933987777778,200,
2067,公設消火栓,南消防署,福井市下馬２丁目１１０番,36.04453334722222,136.23610709722226,100,
2068,公設消火栓,南消防署,福井市下馬２丁目２０８番,36.043702438888886,136.23508521388885,150,
2069,公設消火栓,南消防署,福井市下馬２丁目２０３番,36.042914522222226,136.23415431666666,150,
2070,公設消火栓,南消防署,福井市下馬３丁目１０１番,36.04201261944445,136.23312943055552,100,
2071,公設消火栓,南消防署,福井市下馬３丁目３１３番,36.040600774999994,136.23182958611113,100,
2072,公設消火栓,南消防署,福井市下馬３丁目４３２番,36.039727875000004,136.2311776722222,100,
2073,公設消火栓,南消防署,福井市下馬３丁目７０２番,36.03849002222222,136.23040478333334,100,
2074,公設消火栓,社分署,福井市運動公園４丁目１３０８番　,36.053030952777775,136.17750371944445,100,
2075,公設消火栓,社分署,福井市運動公園４丁目１２１０番,36.053127958333334,136.17837860833336,100,
2076,公設消火栓,社分署,福井市運動公園４丁目１６０８番,36.053355938888885,136.17872556944442,100,
2077,公設消火栓,社分署,福井市運動公園４丁目１３０４番,36.05269198055555,136.17685680000002,100,
2078,公設消火栓,社分署,福井市運動公園１丁目８０９番,36.05440883333334,136.17962247777774,100,
2079,公設消火栓,社分署,福井市運動公園２丁目２１１番,36.04894846944444,136.1802423805555,150,
2080,公設消火栓,東分署,福井市開発５丁目８１１番,36.08617075277777,136.2403837611111,250,
2081,公設消火栓,東分署,福井市開発５丁目６０９番,36.08612569444444,136.23936181944447,100,
2082,公設消火栓,東分署,福井市開発５丁目７１２番,36.087117686111114,136.2411257138889,250,
2083,公設消火栓,中消防署,福井市高柳１丁目２５０１番,36.08729270277777,136.2417526777778,100,
2084,公設消火栓,東分署,福井市開発５丁目１３０４番,36.0859319611111,136.24345059722222,100,
2085,公設消火栓,東分署,福井市開発５丁目１３０４番,36.08640695555556,136.24423854166668,100,
2086,公設消火栓,東分署,福井市開発５丁目１２０７番,36.08592505833333,136.24506750833334,100,
2087,公設消火栓,川西分署,福井市柿谷町,36.09691929999999,136.1521212472222,100,
2088,公設消火栓,川西分署,福井市柿谷町５番１５号,36.095056625,136.1530351083333,100,
2089,公設防火水槽,川西分署,福井市柿谷町５番１６号,36.09860823888889,136.15560680555555,,
2090,河川,川西分署,福井市柿谷町５－１７,36.09716421666667,136.1511903722222,,
2091,公設消火栓,西分署,福井市花月４丁目９番１１号,36.06964331111111,136.20496718333337,100,
2092,公設消火栓,東分署,福井市開発３丁目２３０３番,36.08194338611111,136.2429367111111,100,
2093,公設消火栓,東分署,福井市開発３丁目３２０７番,36.08214047222222,136.24478861666665,100,
2094,公設消火栓,東分署,福井市開発４丁目５０９番,36.08236509722222,136.23880890555557,100,
2095,公設消火栓,東分署,福井市開発１丁目５０２番,36.075023988888894,136.23982794722224,100,
2096,公設消火栓,東分署,福井市開発１丁目１００８番,36.0764798888889,136.2409448861111,100,
2097,公設消火栓,東分署,福井市開発１丁目１０１番,36.075923849999995,136.2391229722222,100,
2098,公設消火栓,東分署,福井市開発１丁目地係,36.07717672222223,136.2393529527778,150,
2099,公設消火栓,東分署,福井市開発２丁目８０７番,36.07740776388888,136.24056689722224,100,
2100,公設消火栓,東分署,福井市開発２丁目５１１番,36.078265594444446,136.2392479472222,250,
2101,公設消火栓,東分署,福井市開発３丁目１１１番１号,36.07984031111112,136.23750100277778,100,
2102,公設消火栓,東分署,福井市開発３丁目４２６番,36.079418486111116,136.23969191111112,100,
2103,公設消火栓,東分署,福井市開発４丁目２０９番,36.08233499722222,136.2370699916667,100,
2104,公設消火栓,東分署,福井市開発５丁目１０３番１号,36.084932669444434,136.23662298611114,200,
2105,公設消火栓,東分署,福井市開発１丁目４０４番,36.075733938888895,136.24038091666668,100,
2106,公設消火栓,東分署,福井市開発２丁目６０８番,36.077742666666666,136.23947694166668,100,
2107,公設消火栓,東分署,福井市開発３丁目３０８番,36.08042130555555,136.23857894444444,100,
2108,公設消火栓,東分署,福井市開発３丁目２０１番,36.081026255555564,136.23889292222222,100,
2109,公設消火栓,東分署,福井市開発４丁目１０２番,36.081818130555554,136.23832493888887,100,
2110,公設消火栓,東分署,福井市開発１丁目１２１番５号,36.075676825,136.23818801666667,100,
2111,公設消火栓,麻生津分遣所,福井市江尻ヶ丘町２１１番,35.992913397222225,136.18754410555553,100,
2112,公設消火栓,麻生津分遣所,福井市江尻ヶ丘町２２９番,35.99341333055555,136.1876830694444,100,
2113,公設消火栓,麻生津分遣所,福井市江尻ヶ丘町２４１番,35.993216374999996,136.18849098611113,150,
2114,公設消火栓,麻生津分遣所,福井市江尻ヶ丘町１１５番,35.99262645,136.18825003888892,100,
2115,公設消火栓,麻生津分遣所,福井市江尻ヶ丘町１５４番,35.99187552777777,136.18695421944443,150,
2116,公設消火栓,麻生津分遣所,福井市江尻ヶ丘町９番,35.99119863888889,136.1879001416667,100,
2117,公設消火栓,麻生津分遣所,福井市江尻ヶ丘町２３番,35.991704572222226,136.18795311388888,100,
2118,公設消火栓,麻生津分遣所,福井市江尻ヶ丘町４４番,35.992071525,136.188162075,150,
2119,公設消火栓,麻生津分遣所,福井市江尻ヶ丘町８６番,35.99238749999999,136.18911395277777,100,
2120,公設消火栓,東分署,福井市開発１丁目１８０１番,36.0773939361111,136.24357276944443,100,
2121,公設消火栓,東分署,福井市開発１丁目１８０８番,36.07787191388889,136.24405874722223,150,
2122,公設消火栓,東分署,福井市開発５丁目４２０２番,36.08700355,136.23860886111112,100,
2123,公設消火栓,東分署,福井市開発５丁目２０４番,36.08628563333333,136.2386358583333,100,
2124,公設消火栓,東分署,福井市開発５丁目２０８番,36.08578761666667,136.23737693611113,100,
2125,公設消火栓,東分署,福井市開発４丁目３１４番１号,36.08475074166667,136.23746994166666,100,
2126,公設消火栓,東分署,福井市開発５丁目３１５番,36.08499278055556,136.23861387777777,250,
2127,公設消火栓,東分署,福井市開発３丁目４０７番,36.08007940277778,136.23956990555556,100,
2128,公設消火栓,東分署,福井市開発１丁目１５０５番,36.076957919444446,136.24241681944443,100,
2129,公設消火栓,東分署,福井市開発１丁目２５０２番,36.0779469861111,136.2454366861111,300,
2130,公設消火栓,南消防署,福井市下馬１丁目９１１番,36.04429441944444,136.2384929611111,100,
2131,公設消火栓,南消防署,福井市下馬３丁目７０２番,36.037776147222225,136.23199673888888,150,
2132,公設消火栓,南消防署,福井市下馬３丁目６０６番３号,36.03784816666666,136.23340065833335,100,
2133,公設消火栓,南消防署,福井市下馬２丁目１７１２番,36.04100583611111,136.23853215555556,200,
2134,公設消火栓,南消防署,福井市下馬２丁目２０１３番,36.040444908333335,136.2385741861111,150,
2135,公設消火栓,南消防署,福井市下馬２丁目２１１２番,36.040096947222224,136.23814623333334,100,
2136,公設消火栓,中消防署,福井市高木中央２丁目３７０１番５３号,36.09058608055556,136.23763693888893,100,
2137,公設消火栓,中消防署,福井市高木中央２丁目３７０１番３２号,36.09006710833333,136.23709497222225,100,
2138,公設消火栓,中消防署,福井市高木中央１丁目１７０９番,36.09005878611111,136.23119836666666,100,
2139,公設消火栓,中消防署,福井市高木中央１丁目２４０２番,36.08908602222223,136.23364818055558,150,
2140,公設消火栓,中消防署,福井市高木中央２丁目２４０１番２号,36.09363676388889,136.2382149166667,150,
2141,公設消火栓,中消防署,福井市高木中央２丁目４０２番,36.09444734444444,136.23205442777777,100,
2142,公設防火水槽,中消防署,福井市高木中央１丁目６０１番,36.09193556944445,136.23098444166664,,
2143,私設防火水槽,中消防署,福井市高木中央２丁目４２０２番,36.086307541666656,136.23712294166668,,
2144,私設防火水槽,中消防署,福井市高木中央２丁目４２０１番,36.087970347222225,136.23705895833334,,
2145,河川,中消防署,福井市高木中央１丁目９０２番,36.09102160277778,136.22968750833334,,
2146,公設消火栓,中消防署,福井市高木町２４番２４号,36.09117458888889,136.22973151111108,150,
2147,公設消火栓,東分署,福井市開発２丁目２０４番,36.07905347777778,136.23881095555552,100,
2148,公設消火栓,東分署,福井市開発２丁目４１４番,36.07873657499999,136.23986891388887,100,
2149,公設消火栓,東分署,福井市開発４丁目２０４番,36.083031977777786,136.2381009333333,100,
2150,公設消火栓,中消防署,福井市大手１丁目８番１３号,36.06698738055556,136.22789180277775,250,
2151,公設消火栓,南消防署,福井市大島町２０１－１２,36.03327822222222,136.20937718611114,100,
2152,公設消火栓,南消防署,福井市大島町９番７０号,36.027926916666665,136.20848750277779,100,
2153,公設防火水槽,南消防署,福井市大島町４番２０２号,36.03351720277778,136.20979215,,
2154,私設防火水槽,南消防署,福井市大島町１６－４０,36.02825668055556,136.20384280555558,,
2155,公設消火栓,西安居分遣所,福井市大瀬町２０番１８号,36.070861988888886,136.18495838888887,150,
2156,公設消火栓,西安居分遣所,福井市大瀬町３４番１９号,36.071817874999994,136.18093382777775,100,
2157,公設消火栓,西安居分遣所,福井市大瀬町３５番２３号,36.07181187777778,136.18238968333333,150,
2158,公設消火栓,西安居分遣所,福井市大瀬町１０番４号,36.07180988333334,136.18440648055557,150,
2159,公設消火栓,西安居分遣所,福井市大瀬町３７番３０号,36.072192838888895,136.18343359444447,100,
2160,公設消火栓,西分署,福井市大瀬町６番３８号,36.0724648,136.18806416944446,100,
2161,公設消火栓,西分署,福井市大瀬町５番３２号,36.073759652777774,136.18695033333336,100,
2162,公設消火栓,西分署,福井市大瀬町５番３０号,36.07498951944445,136.18570849999998,100,
2163,公設消火栓,西安居分遣所,福井市大瀬町１９番１０５号,36.07056702500001,136.18643623055553,100,
2164,公設消火栓,西安居分遣所,福井市大瀬町１９番１２７号,36.07066001111111,136.1856923083333,150,
2165,公設消火栓,西安居分遣所,福井市大瀬町１９番１３５号,36.070135072222214,136.18567528611115,100,
2166,公設消火栓,中消防署,福井市大手２丁目４番１８号,36.0643885361111,136.22345219444443,300,
2167,公設消火栓,中消防署,福井市大手３丁目４番７号,36.06272461388889,136.21923558888886,300,
2168,公設消火栓,中消防署,福井市大手２丁目１８番８号,36.06650525555556,136.22317918333334,100,
2169,公設消火栓,中消防署,福井市大手２丁目７番１５号,36.063572577777784,136.22172935,100,
2170,公設消火栓,中消防署,福井市大手３丁目１５番１６号,36.066594099999996,136.21886860277775,100,
2171,公設消火栓,中消防署,福井市大手３丁目１２番２０号,36.06506929166667,136.218717625,150,
2172,公設消火栓,中消防署,福井市大手３丁目７番１号,36.063463472222224,136.217749725,100,
2173,公設消火栓,中消防署,福井市大手２丁目１５番２１号,36.066841302777775,136.22548499722222,200,
2174,公設消火栓,中消防署,福井市大手２丁目２２番２４号,36.06683323055556,136.22365214166666,200,
2175,公設消火栓,南消防署,福井市江端町３６番１８号,36.02605424444445,136.21082643611112,150,
2176,公設消火栓,南消防署,福井市江端町７－１７－１,36.027777138888894,136.21543211111114,100,
2177,公設消火栓,南消防署,福井市江端町７－１０,36.027763158333336,136.21612007500002,100,
2178,公設消火栓,南消防署,福井市江端町７－２０－６,36.02679928055555,136.21575213333332,100,
2179,公設消火栓,南消防署,福井市江端町８－１５,36.02601839166667,136.21599814999996,100,
2180,公設消火栓,南消防署,福井市江端町６－３７,36.029131988888885,136.21681997222225,150,
2181,公設消火栓,南消防署,福井市江端町６－１５,36.030312813888884,136.21630894444442,150,
2182,公設消火栓,南消防署,福井市江端町２４,36.02968779722222,136.21242618888888,100,
2183,公設消火栓,南消防署,福井市江端町１０,36.028998941666664,136.2143651138889,100,
2184,公設消火栓,南消防署,福井市江端町,36.02842104722222,136.21530908888892,150,
2185,公設消火栓,東分署,福井市開発１丁目１５０１番,36.076374,136.24276380833336,100,
2186,公設消火栓,東分署,福井市開発３丁目１５１２番,36.08030748333334,136.24138681666668,100,
2187,公設消火栓,東分署,福井市開発３丁目３００１番１号,36.07915778611111,136.2443527083333,150,
2188,公設消火栓,東分署,福井市開発３丁目２６２３番,36.08081460555556,136.24448166388888,150,
2189,公設消火栓,東分署,福井市開発３丁目３５０３番,36.07910786944445,136.24568665,250,
2190,公設消火栓,東分署,福井市開発３丁目７０９番,36.08113330277778,136.23994086944447,100,
2191,公設消火栓,東分署,福井市開発３丁目２２０７番,36.08159842500001,136.24289971944444,100,
2192,公設消火栓,東分署,福井市開発３丁目１７０８番,36.07950168055555,136.24319775277775,100,
2193,公設消火栓,東分署,福井市開発１丁目１１１２番,36.07731286944445,136.24224782500002,100,
2194,公設防火水槽,川西分署,福井市大谷町,36.130823183333334,136.13688175555558,,
2195,河川,川西分署,福井市大谷町,36.12924233333334,136.1342421,,
2196,その他,川西分署,福井市大谷町,36.13155915000001,136.1391774361111,,
2197,公設消火栓,中消防署,福井市大手３丁目２番１６号,36.06361152777778,136.22023249166668,300,
2198,公設消火栓,中消防署,福井市大手３丁目１０番８号,36.06361349722222,136.21926358055555,150,
2199,公設消火栓,中消防署,福井市大手３丁目７番１号,36.06273857777778,136.21811569166667,300,
2200,公設消火栓,中消防署,福井市大手３丁目１２番２０号,36.065199250000006,136.2178467111111,100,
2201,公設消火栓,中消防署,福井市大手２丁目４番２６号,36.063630647222226,136.22390416944444,100,
2202,公設消火栓,中消防署,福井市高木町１４番１３号２,36.093033394444454,136.22986457222225,150,
2203,公設消火栓,中消防署,福井市高木中央１丁目１７０１番,36.090527788888885,136.23227330555557,150,
2204,公設消火栓,中消防署,福井市高木中央１丁目１６０１番,36.090555697222214,136.23051443055556,100,
2205,公設消火栓,中消防署,福井市高木中央１丁目１４１４番　パブリックパレス南東側,36.08954682777778,136.23090936944445,100,
2206,公設消火栓,中消防署,福井市高木中央１丁目９０９番２号,36.090444624999996,136.22885954444445,100,
2207,公設消火栓,中消防署,福井市高木中央１丁目１０１０番,36.08949476944444,136.22967344722218,150,
2208,公設消火栓,中消防署,福井市松本２丁目１２番８号,36.072305630555555,136.2257718861111,100,
2209,公設消火栓,中消防署,福井市新田塚町９２１番,36.08883314166666,136.2124697138889,200,
2210,公設消火栓,中消防署,福井市新田塚町６０１番,36.088860036111114,136.20917633333335,200,
2211,公設消火栓,中消防署,福井市新田塚町４０８番２号,36.0884251638889,136.21191580277778,200,
2212,公設消火栓,中消防署,福井市新田塚町９３４番,36.08858520277777,136.21373046388888,200,
2213,公設消火栓,中消防署,福井市新田塚町４０８番２号,36.08791920833333,136.21173481944444,150,
2214,公設消火栓,中消防署,福井市新田塚町４１８番,36.088669102777786,136.21070904166663,200,
2215,公設消火栓,中消防署,福井市新田塚町８１３番,36.089208030555554,136.2100811777778,100,
2216,公設消火栓,中消防署,福井市新田塚町３１７番,36.08873311666667,136.21138391666665,100,
2217,公設防火水槽,美山分署,福井市仁位町１５番３号,36.01283968611111,136.40134956944442,,
2218,公設防火水槽,美山分署,福井市西天田町８番１６号,35.97935865833333,136.37184336666664,,
2219,公設防火水槽,美山分署,福井市西天田町１２番１７０号,35.975118997222225,136.3711035861111,,
2220,公設消火栓,中消防署,福井市新田塚２丁目７８番９号,36.09152054166667,136.20079975833335,150,
2221,公設消火栓,西安居分遣所,福井市大瀬町１９番１３４号,36.07005108055555,136.18507834166664,150,
2222,公設消火栓,西安居分遣所,福井市大瀬町２３番１０７号,36.06894820833333,136.18476132777778,150,
2223,公設消火栓,麻生津分遣所,福井市太田町１７番１９号２,36.01038091944445,136.22830699444444,150,
2224,公設消火栓,麻生津分遣所,福井市太田町１５番２７号１,36.01085188055555,136.22954393611107,150,
2225,公設消火栓,麻生津分遣所,福井市太田町１７番２９号,36.00943008333333,136.22941094999996,100,
2226,公設消火栓,麻生津分遣所,福井市江尻ヶ丘町７７番,35.99157361388889,136.18913798888886,100,
2227,公設消火栓,麻生津分遣所,福井市江尻ヶ丘町５２番,35.99109667222223,136.18873005555554,100,
2228,公設消火栓,麻生津分遣所,福井市江尻ヶ丘町２５４番,35.993850288888886,136.18865093888888,150,
2229,公設防火水槽,麻生津分遣所,福井市江尻ヶ丘町地係,35.99432021666667,136.1881879694444,,
2230,公設防火水槽,麻生津分遣所,福井市江尻ヶ丘町１３番,35.991618575,136.18760815555552,,
2231,公設消火栓,南消防署,福井市江端町２９番１２号,36.02968776666666,136.2112592527778,250,
2232,公設消火栓,南消防署,福井市江端町１０６番,36.02975369444445,136.2091203722222,100,
2233,公設消火栓,南消防署,福井市江端町１００１番,36.02881578333333,136.20812948611112,100,
2234,公設消火栓,南消防署,福井市江端町３２番１４号,36.02867389722223,136.21090631944443,250,
2235,公設消火栓,南消防署,福井市江端町３３－１７,36.02726009166667,136.211048375,250,
2236,公設消火栓,南消防署,福井市江端町３２番２５号,36.02893484166667,136.21021234722218,100,
2237,公設消火栓,南消防署,福井市江端町２０４番,36.029062780555556,136.20894241944447,100,
2238,公設消火栓,南消防署,福井市江端町３６番１２号３,36.02693213611111,136.21115238055555,250,
2239,公設消火栓,南消防署,福井市江端町２８番５７号,36.030912580555565,136.2105422333333,100,
2240,公設消火栓,南消防署,福井市江端町１８番５１号６,36.02540748055556,136.2162171611111,100,
2241,公設消火栓,東消防署,福井市和田中町地係,36.039172233333325,136.25645189722223,100,
2242,公設消火栓,西安居分遣所,福井市更毛町地係,36.056508763888885,136.12315588611114,300,
2243,公設防火水槽,南消防署,福井市江端町４０１番,36.02895179166667,136.20881743333334,,
2244,公設防火水槽,南消防署,福井市江端町３７番,36.027377038888886,136.2096544472222,,
2245,河川,南消防署,福井市江端町４－１１－２,36.03247649166667,136.2153538944444,,
2246,河川,殿下分遣所,福井市風尾町４－３６　,36.03847243333334,136.0466472,,
2247,プール,殿下分遣所,福井市風尾町６－２４　殿下小中学校,36.03742756388889,136.04693323055554,,
2248,公設消火栓,清水分署,福井市風巻町１番１０号,36.02853053611111,136.13534985,200,
2249,公設消火栓,清水分署,福井市風巻町１番１０号,36.02853053888888,136.13585279166665,200,
2250,公設消火栓,清水分署,福井市風巻町７番２３号,36.0273977,136.13748063888886,75,
2251,公設消火栓,清水分署,福井市風巻町８番２０号,36.027805650000005,136.13809954999996,200,
2252,公設消火栓,清水分署,福井市風巻町６番２２号,36.028064625,136.13918041388885,150,
2253,公設消火栓,清水分署,福井市風巻町６番２３号,36.02750069444445,136.13880847777776,200,
2254,公設消火栓,中消防署,福井市大手２丁目３番２３号,36.06442758055556,136.2247540888889,150,
2255,公設消火栓,中消防署,福井市大手２丁目３番１６号,36.06453755,136.22438111666668,300,
2256,公設消火栓,中消防署,福井市大手１丁目１番,36.064936575,136.22631695555555,200,
2257,公設消火栓,中消防署,福井市大手１丁目５番２１号,36.06541153888889,136.2269209027778,250,
2258,公設消火栓,中消防署,福井市大手２丁目１４番１５号,36.065547474999995,136.22574599444445,100,
2259,公設消火栓,中消防署,福井市大手２丁目１６番１０号,36.06560841666667,136.2243741027778,100,
2260,公設消火栓,中消防署,福井市大手２丁目１７番１号,36.066091386111104,136.2251740305556,100,
2261,公設消火栓,中消防署,福井市大手２丁目１１番１７号,36.06565936944444,136.22335218333336,100,
2262,公設消火栓,中消防署,福井市大手２丁目２２番８号,36.06634532222222,136.2243870888889,100,
2263,公設消火栓,中消防署,福井市大手２丁目１４番８号,36.06521649722222,136.2252320388889,100,
2264,公設消火栓,中消防署,福井市大手１丁目２番１５号,36.06661635,136.22595696111114,100,
2265,公設消火栓,中消防署,福井市大手１丁目５番１１号,36.06614943333334,136.22654592222224,100,
2266,公設消火栓,中消防署,福井市大手１丁目７番１１号,36.06624745555555,136.22745185,250,
2267,公設消火栓,南消防署,福井市江端町１０番４号,36.03175165277778,136.21772279722222,100,
2268,公設消火栓,南消防署,福井市江端町４番２号,36.031773550000004,136.21390100555553,100,
2269,公設消火栓,南消防署,福井市江端町４番２２号,36.03079569444445,136.21429803055557,100,
2270,公設消火栓,南消防署,福井市江端町６番６号,36.029803844444444,136.21486104722226,100,
2271,公設消火栓,南消防署,福井市江端町２８番５８号,36.03103458333334,136.21133718333337,250,
2272,公設消火栓,南消防署,福井市江端町４番１１号,36.031898577777774,136.21563690555553,250,
2273,公設消火栓,中消防署,福井市新田塚２丁目８４番３７号,36.09137958611111,136.20193257777777,150,
2274,公設消火栓,中消防署,福井市新田塚２丁目１０６番２号,36.09286249444445,136.20306037222224,100,
2275,公設消火栓,中消防署,福井市新田塚２丁目１９番３５号,36.087251891666675,136.20098285277774,100,
2276,公設消火栓,中消防署,福井市新田塚２丁目地係アメニティタウン新田塚北東側,36.08722085833333,136.20003303333334,100,
2277,公設消火栓,中消防署,福井市新田塚２丁目地係アメニティタウン新田塚南西側,36.08638289166666,136.1990892388889,100,
2278,公設消火栓,中消防署,福井市新田塚２丁目１１７番５号,36.093965358333335,136.20124961944447,100,
2279,公設消火栓,中消防署,福井市新田塚２丁目１１８番１号,36.09420133055555,136.20090566388888,100,
2280,公設消火栓,中消防署,福井市新田塚２丁目２１００番,36.08863374999999,136.2001379638889,100,
2281,公設消火栓,麻生津分遣所,福井市東大味町１７番８号,35.99031911666667,136.25719594444445,150,
2282,公設防火水槽,麻生津分遣所,福井市東大味町３７番３号,35.98920331111111,136.26585415833333,,
2283,公設防火水槽,麻生津分遣所,福井市東大味町３６番２５号,35.98932928888889,136.2643452972222,,
2284,公設防火水槽,麻生津分遣所,福井市東大味町３３番１号,35.99053413888889,136.26436333055557,,
2285,公設防火水槽,美山分署,福井市東川上町１０番１号,35.992737183333325,136.44739772499997,,
2286,公設防火水槽,美山分署,福井市東川上町１０番２４号,35.99349211111112,136.44536490833335,,
2287,公設防火水槽,美山分署,福井市東川上町８番８号,35.99197825277777,136.4485036222222,,
2288,公設消火栓,美山分署,福井市東河原町２０番５４号,35.95801012222222,136.36696158333334,75,
2289,公設消火栓,東消防署,福井市今泉町,36.067678602777775,136.25703299166668,200,
2290,公設消火栓,東消防署,福井市今泉町,36.06597375277777,136.25697503333336,200,
2291,公設消火栓,南消防署,福井市江端町１２番２１号,36.026074363888895,136.21525418888888,100,
2292,公設消火栓,南消防署,福井市江端町１２番９号　えばたこども園南側,36.0262093138889,136.21403025,100,
2293,公設消火栓,南消防署,福井市江端町３７番１８号２,36.02739604722222,136.21012341944441,200,
2294,公設消火栓,南消防署,福井市江端町１００１,36.02920370277777,136.2074455138889,100,
2295,公設消火栓,南消防署,福井市江端町３７番６６号,36.02661011111111,136.20897652222226,150,
2296,公設消火栓,南消防署,福井市江端町１０番４６号　,36.02903392222222,136.2137231472222,100,
2297,公設消火栓,東分署,福井市開発３丁目３３０６番,36.082215508333334,136.24554457777774,100,
2298,公設消火栓,東分署,福井市開発３丁目３４１０番,36.08067268333333,136.24553561666664,100,
2299,公設消火栓,東分署,福井市開発３丁目３５０７番２号,36.079521799999995,136.24529865833335,100,
2300,公設消火栓,東分署,福井市開発２丁目１６０４番,36.078835847222216,136.24475269722222,100,
2301,公設消火栓,東分署,福井市開発３丁目３０１０番,36.08001272777778,136.2450226583333,100,
2302,公設消火栓,東分署,福井市開発３丁目３１０３番,36.080705658333336,136.24517963333332,100,
2303,公設消火栓,東分署,福井市開発３丁目８０２番,36.08152321666667,136.23923389722225,100,
2304,公設消火栓,東分署,福井市開発３丁目８１５番,36.081528277777785,136.24025084999997,100,
2305,公設消火栓,東分署,福井市開発３丁目１６２０番,36.07922959166666,136.24114784722224,100,
2306,公設消火栓,東分署,福井市開発２丁目１００３番,36.07850769444445,136.2414838472222,250,
2307,公設消火栓,東分署,福井市開発１丁目２１０５番,36.07791593888889,136.2445957222222,100,
2308,公設消火栓,東分署,福井市開発１丁目１９０２番,36.076799002777776,136.24362576944444,100,
2309,公設消火栓,東分署,福井市開発３丁目２６２７番１号,36.08011066388889,136.2440916972222,100,
2310,公設消火栓,清水分署,福井市風巻町９番２号,36.027068755555554,136.1393274333333,200,
2311,公設消火栓,清水分署,福井市風巻町６番５３号,36.02775867222223,136.14008031944448,75,
2312,公設消火栓,清水分署,福井市風巻町,36.02708076111111,136.14019433055557,200,
2313,公設消火栓,清水分署,福井市風巻町１５番２６号,36.02793665555555,136.14110219166665,150,
2314,公設消火栓,清水分署,福井市風巻町１４番３号,36.02733973333334,136.14099422500004,75,
2315,公設消火栓,清水分署,福井市風巻町１４番１号,36.02675981111111,136.14081926666665,200,
2316,公設消火栓,清水分署,福井市風巻町１０番２５号,36.02604790555556,136.14079929444446,75,
2317,公設消火栓,清水分署,福井市風巻町１０番４５号,36.0264168638889,136.14169117777777,200,
2318,公設消火栓,清水分署,福井市風巻町１４番４４号,36.02630588611111,136.14254408055555,200,
2319,公設消火栓,清水分署,福井市風巻町１４番５６号,36.026751833333336,136.14335196944444,200,
2320,公設消火栓,清水分署,福井市風巻町３６番１号,36.02504005833333,136.14263111388885,75,
2321,公設消火栓,清水分署,福井市風巻町１３番２２号,36.025697977777774,136.14350198888886,75,
2322,プール,川西分署,福井市大年町,36.11449340555555,136.14011063055557,,
2323,公設消火栓,麻生津分遣所,福井市大土呂町１番１５号,36.019324177777776,136.21184264722223,100,
2324,公設消火栓,麻生津分遣所,福井市大土呂町１７番４２号,36.008568841666666,136.21544475833335,100,
2325,公設消火栓,麻生津分遣所,福井市大土呂町２６番２３号,36.00614210555556,136.21243103333336,100,
2326,公設消火栓,麻生津分遣所,福井市大土呂町２６番１５号１,36.00709695833333,136.21226401666664,100,
2327,公設消火栓,麻生津分遣所,福井市大土呂町２１番４５号,36.007906825000006,136.2118410222222,100,
2328,公設消火栓,麻生津分遣所,福井市大土呂町１９番１５号,36.008869669444444,136.21147401944444,100,
2329,公設消火栓,南消防署,福井市江端町２番１号,36.031248675,136.215869925,150,
2330,公設消火栓,南消防署,福井市江端町５番１２号,36.03077374722222,136.21617593055558,250,
2331,公設消火栓,南消防署,福井市江端町３番８号,36.029748899999994,136.21665595277776,250,
2332,公設消火栓,南消防署,福井市江端町６番４８号,36.02830708055555,136.21597905833332,250,
2333,公設消火栓,南消防署,福井市江端町３２番１１号９,36.02836790277778,136.20959840833333,100,
2334,公設消火栓,南消防署,福井市江端町３２番６３号,36.02978772777778,136.21033429722223,200,
2335,公設消火栓,南消防署,福井市江端町３２番１１号,36.02799594722222,136.2094594333333,100,
2336,公設消火栓,南消防署,福井市江端町１３番４３号,36.03168754166666,136.21309205555556,150,
2337,公設消火栓,南消防署,福井市江端町２４番１０号,36.02988477777777,136.21269016388888,150,
2338,公設消火栓,南消防署,福井市江端町２４番１６号,36.029103877777786,136.21239621666666,150,
2339,公設消火栓,南消防署,福井市江端町２９番１９号,36.02936580555556,136.211112275,250,
2340,公設消火栓,南消防署,福井市江端町２２番２７号,36.028417958333335,136.2119262777778,100,
2341,公設消火栓,南消防署,福井市江端町２２番９号,36.02772704722222,136.21176731666665,150,
2342,公設消火栓,南消防署,福井市江端町６番３４号,36.02921796111112,136.21614500555552,100,
2343,公設消火栓,西分署,福井市花月５丁目１番８号,36.07052317777778,136.2041843222222,100,
2344,公設消火栓,西分署,福井市花月２丁目３番７号,36.0698263861111,136.20987861111112,100,
2345,公設消火栓,西分署,福井市花月２丁目８番２６号,36.06845956388889,136.2097745888889,100,
2346,公設消火栓,西分署,福井市花月３丁目９番２７号,36.068921463888884,136.2079258138889,100,
2347,公設消火栓,西分署,福井市花月２丁目５番１３号,36.070798247222214,136.20958967777779,150,
2348,公設消火栓,東消防署,福井市東今泉町１９番１３号,36.06858974166667,136.26134965555553,100,
2349,公設消火栓,東消防署,福井市東今泉町２番４号,36.06490968888889,136.25343628333331,100,
2350,公設消火栓,東消防署,福井市東今泉町１８番１号,36.06940972500001,136.26226055833337,100,
2351,公設消火栓,東消防署,福井市東今泉町１８番２１号,36.067867833333324,136.26188563055553,100,
2352,公設消火栓,東消防署,福井市東今泉町２番４号,36.06429276666667,136.25385526944444,100,
2353,公設消火栓,東消防署,福井市東今泉町１４番１０号,36.06749576944444,136.26011278333337,150,
2354,公設消火栓,東消防署,福井市東今泉町２番４号,36.06420376944445,136.25376927777776,300,
2355,公設消火栓,東消防署,福井市東今泉町５番１３号,36.06726451111112,136.25431917777777,100,
2356,公設消火栓,東消防署,福井市東今泉町５－１０－２,36.068301044444446,136.26644024444445,100,
2357,公設消火栓,南消防署,福井市下馬２丁目２２０２番,36.04031690833333,136.23743826666666,200,
2358,公設消火栓,南消防署,福井市下馬２丁目２３０７番,36.03951201944444,136.23798527777777,100,
2359,公設消火栓,南消防署,福井市下馬２丁目１５０１番,36.04098981111112,136.23656028055552,100,
2360,公設消火栓,南消防署,福井市下馬２丁目１５０４番,36.04118379444445,136.23708823611113,100,
2361,公設消火栓,南消防署,福井市下馬２丁目１２０１番,36.04183671111112,136.2371771916667,150,
2362,公設消火栓,南消防署,福井市下馬３丁目１７１１番,36.039850949999995,136.23600238611112,150,
2363,公設消火栓,南消防署,福井市下馬３丁目１７０１番,36.04068083333333,136.23525738333333,150,
2364,公設消火栓,南消防署,福井市下馬３丁目１５０４番,36.041447719444434,136.2344463888889,100,
2365,公設消火栓,南消防署,福井市下馬１丁目９０３番,36.04392747777778,136.23920693611112,150,
2366,公設消火栓,南消防署,福井市下馬１丁目２１０８番,36.04111186111111,136.2410569861111,200,
2367,公設消火栓,東分署,福井市開発３丁目２００６番２号,36.08006559444444,136.2428307555556,100,
2368,公設消火栓,東分署,福井市開発１丁目２４０１番,36.077202033333336,136.2448947111111,100,
2369,公設消火栓,東分署,福井市開発３丁目１３０４番,36.080929425,136.24161679444447,100,
2370,公設消火栓,東分署,福井市開発５丁目２１７番,36.08685343055556,136.23630599166668,200,
2371,公設消火栓,東分署,福井市開発２丁目９０６番,36.07804375277777,136.24159184999996,100,
2372,公設消火栓,東分署,福井市開発４丁目１０７番１号,36.08099020000001,136.2378529722222,100,
2373,河川,川西分署,福井市大年町,36.11395351666666,136.14178346666668,,
2374,河川,川西分署,福井市大年町４２－４,36.109715208333334,136.14648800277777,,
2375,公設消火栓,中消防署,福井市大手２丁目１８番１８号,36.06646422222223,136.22224825833337,100,
2376,公設消火栓,中消防署,福井市大手３丁目１番８号,36.062661652777784,136.2203184916667,150,
2377,公設消火栓,中消防署,福井市大手２丁目７番３号,36.062644694444444,136.2216603694444,150,
2378,公設消火栓,中消防署,福井市大手２丁目４番２６号,36.06350265,136.22352920277774,100,
2379,公設消火栓,中消防署,福井市大手２丁目６番１４号,36.06316365277778,136.2223992972222,100,
2380,公設消火栓,中消防署,福井市大手３丁目８番１１号,36.06433835833334,136.21779371944444,100,
2381,公設消火栓,中消防署,福井市大手３丁目１０番,36.06376945277778,136.2183826638889,100,
2382,公設消火栓,中消防署,福井市大手３丁目１６番１号,36.06683314166667,136.2211653611111,200,
2383,公設消火栓,中消防署,福井市大手２丁目５番１４号,36.06316968611112,136.22336321944442,100,
2384,公設消火栓,中消防署,福井市大手３丁目１４番１０号,36.0660581388889,136.21793870000002,100,
2385,公設消火栓,中消防署,福井市大手３丁目１３番１号,36.06562222222222,136.21875261944447,100,
2386,公設消火栓,麻生津分遣所,福井市大土呂町２１番５号,36.00866166111111,136.21023011111112,150,
2387,公設消火栓,麻生津分遣所,福井市大土呂町１８番４号,36.009878525,136.21162398055557,100,
2388,公設消火栓,麻生津分遣所,福井市大土呂町１５番５号,36.01120631944445,136.21139295555554,100,
2389,公設消火栓,麻生津分遣所,福井市大土呂町２番４号１,36.02000508611111,136.2119706166667,100,
2390,公設消火栓,麻生津分遣所,福井市大土呂町４番４号１,36.017568425,136.21174971388885,100,
2391,公設消火栓,麻生津分遣所,福井市大土呂町２８番２号,36.00870959166667,136.20864423055556,150,
2392,公設消火栓,麻生津分遣所,福井市大土呂町１７番７号２,36.008672752777784,136.2131619111111,150,
2393,公設防火水槽,麻生津分遣所,福井市大土呂町２１番４５号,36.00796681111111,136.21171703055552,,
2394,公設防火水槽,麻生津分遣所,福井市大土呂町１５番６号,36.011223313888884,136.2113349611111,,
2395,公設消火栓,南消防署,福井市大町９番１３号,36.03347348888888,136.2204725638889,100,
2396,公設消火栓,南消防署,福井市大町２０番２号,36.03254061944445,136.22055060555556,100,
2397,公設消火栓,社分署,福井市江守の里１丁目１０２番,36.03177750555556,136.18221547499996,100,
2398,公設消火栓,社分署,福井市江守の里１丁目４０８番,36.03075860277777,136.1811756138889,100,
2399,公設消火栓,社分署,福井市江守中１丁目４１２番,36.03533649999999,136.1961660194444,100,
2400,公設消火栓,社分署,福井市江守中１丁目４８０番,36.035008533333325,136.1959490555556,150,
2401,公設消火栓,社分署,福井市江守中２丁目１５０８番,36.03703627777777,136.19576798055553,100,
2402,公設消火栓,社分署,福井市江守中１丁目１１０５番,36.035186477777785,136.19491314444446,100,
2403,公設消火栓,社分署,福井市江守中１丁目５０３番,36.033883708333335,136.197124,100,
2404,公設消火栓,中消防署,福井市高木西１丁目３０３番,36.09811657777777,136.22384334999998,200,
2405,公設消火栓,中消防署,福井市高木西１丁目２２３番,36.09789958611111,136.22347637777779,100,
2406,公設消火栓,中消防署,福井市灯明寺３丁目１３１番,36.097126627777776,136.22262542777779,100,
2407,公設消火栓,中消防署,福井市灯明寺３丁目１０１番,36.09680965555555,136.22251342499996,150,
2408,公設消火栓,中消防署,福井市高木西１丁目３０７番,36.097710572222226,136.2227174444444,200,
2409,公設消火栓,中消防署,福井市高木中央３丁目８１２番,36.08899936666667,136.2393688222222,200,
2410,公設消火栓,中消防署,福井市高木町７６番２５号,36.09623612222223,136.23158551944445,100,
2411,公設消火栓,中消防署,福井市高木町７６番４０号,36.09563624444445,136.23278538888889,100,
2412,公設消火栓,中消防署,福井市高木町３１番１号７,36.09034451944445,136.22660969722222,100,
2413,公設消火栓,中消防署,福井市高木町３１番１号１３,36.09067648611111,136.2266567111111,150,
2414,公設消火栓,中消防署,福井市高木町６４番１１号,36.100148816666675,136.2348342916667,100,
2415,公設消火栓,社分署,福井市南居町４８番２０号,36.01796306111111,136.1759545666667,100,
2416,公設消火栓,社分署,福井市南居町５５番１５号,36.0159773111111,136.1750047444444,100,
2417,公設消火栓,社分署,福井市南居町５５番３０号,36.01581033888889,136.17545770833334,100,
2418,公設消火栓,社分署,福井市南居町５６番３０号,36.015577380555555,136.17700357222225,100,
2419,公設消火栓,社分署,福井市南居町８１番１号,36.013771580555556,136.17133019722223,150,
2420,公設消火栓,社分署,福井市南居町１９番１号,36.022565519444434,136.1780841888889,200,
2421,公設消火栓,社分署,福井市南居町１９番１号,36.02196758055555,136.177418275,200,
2422,公設消火栓,南消防署,福井市下馬３丁目９０１番,36.039369955555564,136.23274360555553,150,
2423,公設消火栓,南消防署,福井市下馬１丁目２００２番,36.04238069166667,136.2404929472222,200,
2424,公設消火栓,南消防署,福井市下馬３丁目７０１番,36.038328066666665,136.23152473333332,100,
2425,公設消火栓,南消防署,福井市下馬３丁目７０１番,36.03866703055555,136.23194069166667,100,
2426,公設消火栓,南消防署,福井市下馬３丁目８０２番,36.03945592499999,136.23186565,100,
2427,公設消火栓,南消防署,福井市下馬３丁目６０６番３号,36.03845907777777,136.2329276472222,200,
2428,公設消火栓,南消防署,福井市下馬３丁目６０７番,36.03842611666667,136.23477454722226,200,
2429,公設消火栓,臨海消防署,福井市小幡町８番５７号,36.145107302777774,136.12555563055554,100,
2430,公設消火栓,臨海消防署,福井市小幡町９番２６号,36.14463433611111,136.12457777499998,100,
2431,公設消火栓,臨海消防署,福井市小幡町１７番１０１号,36.14398739166666,136.12337994722222,100,
2432,公設消火栓,中消防署,福井市高木中央２丁目３０２番,36.09495530833333,136.2325013972222,100,
2433,公設消火栓,中消防署,福井市高木中央１丁目３０１０番,36.08738916944444,136.23284219166666,100,
2434,公設消火栓,中消防署,福井市高木中央１丁目３１０３番,36.088234111111106,136.23351217222225,100,
2435,公設消火栓,中消防署,福井市高木中央１丁目３２０４番,36.088095044444444,136.23197025833335,100,
2436,公設消火栓,中消防署,福井市高木中央１丁目３２０８番２号,36.08822797222223,136.23092632222222,100,
2437,公設消火栓,中消防署,福井市高木中央１丁目１７０３番２号,36.089938852777784,136.23223129166666,100,
2438,公設消火栓,中消防署,福井市高木中央１丁目５０９番２号,36.0910357,136.23159836666665,100,
2439,公設消火栓,中消防署,福井市高木中央１丁目５０４番,36.091555661111116,136.2319893527778,100,
2440,公設消火栓,中消防署,福井市高木中央１丁目４１２番　,36.092005530555554,136.23035649444444,100,
2441,公設消火栓,西分署,福井市花月２丁目９番１号,36.067962613888895,136.20907865555557,100,
2442,公設消火栓,西分署,福井市花月３丁目１番３号,36.06809657499999,136.20800378055557,100,
2443,公設消火栓,西分署,福井市花月１丁目９番６号,36.067840663888894,136.21034451388888,100,
2444,公設消火栓,西分署,福井市花月５丁目６番３８号,36.06856844444444,136.20448419722223,200,
2445,公設消火栓,西分署,福井市花月４丁目３番５号,36.06971832222223,136.2060450611111,100,
2446,公設消火栓,西分署,福井市花月２丁目１番２１号,36.06839658611111,136.2102195388889,100,
2447,公設消火栓,西分署,福井市花月１丁目２－１－２,36.068655616666675,136.2122453222222,100,
2448,公設消火栓,西分署,福井市花月１丁目２番,36.0693685138889,136.21196136666669,100,
2449,公設消火栓,清水分署,福井市大森町９番２号,36.01925650277778,136.11684725833334,75,
2450,公設消火栓,清水分署,福井市大森町９番２号,36.018933544444444,136.11711024166667,100,
2451,公設消火栓,清水分署,福井市大森町２０番２１号,36.01905354166667,136.11796114444442,150,
2452,公設消火栓,清水分署,福井市大森町１９番１６号,36.018465619444434,136.11833712777775,150,
2453,公設消火栓,清水分署,福井市大森町９番２号,36.018178641666665,136.11747623055552,75,
2454,公設消火栓,清水分署,福井市大森町１４番２号,36.016677819444446,136.11717532222224,75,
2455,公設消火栓,清水分署,福井市大森町３１番２号,36.02142326111112,136.11877897777777,150,
2456,公設消火栓,清水分署,福井市大森町２２番２５号,36.02100631388889,136.11888798055557,100,
2457,公設消火栓,清水分署,福井市大森町２１番２３号,36.02064236111111,136.11907096944446,100,
2458,公設消火栓,清水分署,福井市大森町２１番１７号,36.02006243333334,136.11910798333332,100,
2459,公設消火栓,清水分署,福井市大森町２１番１２号,36.02014841388888,136.11832306666668,100,
2460,公設消火栓,社分署,福井市江守中２丁目２５１０番,36.03882504166666,136.19521595555557,100,
2461,公設消火栓,社分署,福井市江守中２丁目２００５番,36.03786114166667,136.19461005555556,100,
2462,公設消火栓,社分署,福井市江守中１丁目７１３番,36.03464154722222,136.19494316666666,100,
2463,公設消火栓,社分署,福井市江守中１丁目１３０１番,36.035127455555546,136.1939822361111,100,
2464,公設消火栓,社分署,福井市江守中２丁目１９０９番,36.037383169444446,136.19358517777775,100,
2465,公設防火水槽,社分署,福井市江守中２丁目１１０１番,36.03772225,136.19765678055558,,
2466,公設防火水槽,社分署,福井市江守中１丁目６０３番,36.03453963611112,136.19738794999998,,
2467,公設消火栓,社分署,福井市江守中町１番９号,36.03692246111112,136.20113458055556,100,
2468,公設消火栓,社分署,福井市江守中町７番２０号,36.03665846111111,136.2000766638889,100,
2469,公設消火栓,社分署,福井市江守中町７番２２号,36.035602605555546,136.20043769166668,100,
2470,公設消火栓,社分署,福井市江守中町１番７号,36.037298416666665,136.20122155555555,100,
2471,公設消火栓,社分署,福井市江守中町７番７号,36.035711558333325,136.19936575833333,100,
2472,公設消火栓,社分署,福井市江守中町６番４号,36.03590051666667,136.1988597861111,100,
2473,公設消火栓,社分署,福井市江守中町３番１８号,36.03405878611111,136.19997679444444,150,
2474,公設消火栓,社分署,福井市江守中町２番８号,36.03772730833333,136.19947065555556,250,
2475,公設消火栓,北分署,福井市上野本町４丁目２００８番,36.11426168888888,136.2468270833333,100,
2476,公設消火栓,北分署,福井市上野本町４丁目１７１５番,36.11530659166666,136.24752598611113,100,
2477,公設消火栓,北分署,福井市上野本町４丁目２１０９番,36.11466267222222,136.2475329972222,100,
2478,公設消火栓,社分署,福井市南居町,36.02072070833333,136.17577347222223,200,
2479,公設消火栓,社分署,福井市南居町９２番３３号,36.015777319444446,136.17281596388887,150,
2480,公設消火栓,社分署,福井市南居町４７番９号,36.019042908333326,136.17502960555552,200,
2481,公設消火栓,臨海消防署,福井市長橋町１７番４号,36.113601797222216,136.0503625861111,100,
2482,公設消火栓,臨海消防署,福井市長橋町１７番３号,36.11316986111111,136.04987264722223,100,
2483,公設消火栓,臨海消防署,福井市長橋町,36.116359405555556,136.04952951388887,200,
2484,公設消火栓,臨海消防署,福井市長橋町地係国道３０５号線上,36.11816514722222,136.05154525833333,200,
2485,公設消火栓,臨海消防署,福井市長橋町２３番６号４,36.11134113055555,136.04863483333332,200,
2486,公設防火水槽,臨海消防署,福井市長橋町１７番１４号,36.113742775000006,136.05053456666667,,
2487,公設消火栓,麻生津分遣所,福井市西大味町１５番１号,35.988014408333335,136.25638996111113,100,
2488,公設消火栓,麻生津分遣所,福井市生部町地係,35.990395069444446,136.25242833888888,150,
2489,公設防火水槽,麻生津分遣所,福井市西大味町２９番１号１,35.98630463333333,136.25651691388887,,
2490,公設消火栓,南消防署,福井市花堂南２丁目６番１号,36.035944916666665,136.2115119388889,250,
2491,公設消火栓,南消防署,福井市花堂南２丁目７番１８号,36.03524797777778,136.21019204444445,100,
2492,公設消火栓,南消防署,福井市花堂南２丁目１８番２５号,36.03346722222223,136.21022012777775,100,
2493,公設消火栓,南消防署,福井市花堂南１丁目３番２号,36.035315069444444,136.21409482777779,150,
2494,公設消火栓,南消防署,福井市花堂南１丁目１１番３８号,36.033753275,136.21372592222224,100,
2495,公設消火栓,中消防署,福井市高木中央２丁目４２０１番,36.087792424999996,136.2380278972222,100,
2496,公設消火栓,中消防署,福井市高木中央２丁目４１０６番２号,36.08836429166667,136.23688696944447,100,
2497,公設消火栓,中消防署,福井市高木中央１丁目２２０５番,36.08927806944444,136.23491710277779,100,
2498,公設消火栓,中消防署,福井市高木中央２丁目３７０１番９４号,36.090103061111115,136.23636701944446,100,
2499,公設消火栓,中消防署,福井市高木中央２丁目３４０５番,36.09041696388889,136.23531709166664,100,
2500,公設消火栓,中消防署,福井市高木中央２丁目２９０３番,36.091238916666676,136.23610604722222,100,
2501,公設消火栓,中消防署,福井市高木中央１丁目２０９番,36.09336345277779,136.23184841388888,100,
2502,公設消火栓,中消防署,福井市高木中央１丁目１２２番,36.092380480555555,136.23014252500002,200,
2503,公設消火栓,中消防署,福井市高木中央１丁目１１３番,36.09269651666667,136.23160341666667,100,
2504,公設消火栓,中消防署,福井市高木中央２丁目３２１８番,36.09247158888889,136.23261232777776,200,
2505,公設消火栓,中消防署,福井市高木中央２丁目７１０番,36.09277657777778,136.2330333,100,
2506,公設消火栓,中消防署,福井市新田塚２丁目８番５号,36.08668290555555,136.20013103333335,100,
2507,公設消火栓,中消防署,福井市新田塚２丁目９番１４号,36.08679586944445,136.1994581583333,100,
2508,私設消火栓,中消防署,福井市新田塚１丁目６０番,36.09529038333334,136.20739873888888,75,
2509,私設消火栓,中消防署,福井市新田塚１丁目６０番１号,36.095234386111116,136.20726275833337,75,
2510,公設防火水槽,中消防署,福井市新田塚２丁目６１番,36.09079070000001,136.2041432222222,,
2511,公設防火水槽,中消防署,福井市新田塚２丁目１３番１号,36.08753799722223,136.20459616388885,,
2512,公設防火水槽,中消防署,福井市新田塚２丁目７６番,36.09119056111111,136.20049181944444,,
2513,公設消火栓,清水分署,福井市大森町３１番９号,36.020837347222226,136.1198138833333,75,
2514,公設消火栓,清水分署,福井市大森町３２番３号,36.02169223611111,136.11949989166666,150,
2515,公設消火栓,清水分署,福井市大森町３２番６号,36.02196020833333,136.11999283055556,150,
2516,公設消火栓,清水分署,福井市大森町３４番４６号,36.022347175,136.12138466388888,150,
2517,公設消火栓,清水分署,福井市大森町３４番７号,36.02298310555555,136.12226054722223,150,
2518,公設消火栓,清水分署,福井市大森町４０番４３号,36.021417297222214,136.12176365277776,150,
2519,公設消火栓,清水分署,福井市大森町２１番１５号１,36.02069240277777,136.1227655638889,300,
2520,公設消火栓,清水分署,福井市大森町４０番９号１,36.02330407222222,136.12287346666665,150,
2521,公設消火栓,清水分署,福井市大森町４０番６号,36.02354505277777,136.12393933611114,150,
2522,公設消火栓,清水分署,福井市大森町６２番５号,36.02371304444445,136.1252041861111,200,
2523,公設消火栓,越廼分署,福井市大味町３８番４５号,36.04847061388888,136.01649631666666,75,
2524,公設消火栓,越廼分署,福井市大味町３８番１２号,36.04888659166667,136.0171602305556,75,
2525,公設消火栓,越廼分署,福井市大味町３７番２８号,36.049400561111106,136.01766615277776,75,
2526,公設消火栓,越廼分署,福井市大味町３７番１１号,36.049589538888895,136.01737116388887,75,
2527,公設消火栓,越廼分署,福井市大味町３６番３２号,36.04957055277778,136.01794611666668,75,
2528,公設消火栓,越廼分署,福井市大味町３７番２５号,36.04998651111111,136.01760411666666,75,
2529,公設消火栓,越廼分署,福井市大味町２８番４７号,36.05057146944445,136.01778606111114,75,
2530,公設消火栓,越廼分署,福井市大味町３４番１６号,36.05037848888888,136.01805705,75,
2531,公設消火栓,越廼分署,福井市大味町３８番３４号,36.04923658888889,136.01854908888888,75,
2532,公設消火栓,北分署,福井市上野本町１丁目１０８番,36.115050061111106,136.23572038611113,250,
2533,公設消火栓,北分署,福井市上野本町１丁目９２０番,36.11488108611111,136.235798375,150,
2534,公設消火栓,北分署,福井市上野本町１丁目２９１７番,36.11354241388889,136.2391389861111,100,
2535,公設消火栓,北分署,福井市上野本町１丁目１０７７番,36.1149031388889,136.23695123888888,100,
2536,公設消火栓,北分署,福井市上野本町１丁目２１０７番,36.11257845,136.2373921861111,100,
2537,公設消火栓,北分署,福井市上野本町１丁目３４１３番,36.112342563888895,136.23916398611115,100,
2538,公設防火水槽,北分署,福井市上野本町１丁目１１２１番,36.11425620833332,136.23674526388885,,
2539,公設防火水槽,北分署,福井市上野本町１丁目,36.11343131111112,136.23667826944444,,
2540,公設防火水槽,北分署,福井市上野本町３丁目１１０１番,36.114103541666665,136.24331149722224,,
2541,公設消火栓,北分署,福井市上野本町新８０８番,36.11426442777778,136.241341725,100,
2542,公設消火栓,北分署,福井市上野本町新８１２番,36.11360051111111,136.24133373055557,100,
2543,公設消火栓,北分署,福井市上野本町新８１４番,36.11403949444444,136.24214763333336,100,
2544,公設消火栓,北分署,福井市上野本町新１０１番,36.11600806666667,136.23834707222218,150,
2545,河川,北分署,福井市上野本町新２０１番,36.11595809166667,136.23878401944447,,
2546,公設消火栓,北分署,福井市上野本町１丁目４００８番,36.11102257222222,136.23589834999999,100,
2547,公設消火栓,東分署,福井市大和田町４２－２－１,36.09779636388889,136.25610242500002,150,
2548,公設消火栓,東分署,福井市大和田町４３番３号,36.095556691666665,136.25674941666662,100,
2549,公設消火栓,南消防署,福井市花堂南２丁目１１番１号,36.03527293055556,136.20881513055556,100,
2550,公設消火栓,南消防署,福井市花堂南２丁目３番８号,36.03479009444444,136.21230594999997,100,
2551,公設消火栓,南消防署,福井市花堂南２丁目１４番３６号,36.03471207222222,136.21105902222226,100,
2552,公設消火栓,南消防署,福井市花堂南２丁目１２番１１号,36.034820011111115,136.2093841111111,100,
2553,公設消火栓,南消防署,福井市花堂南２丁目１３番６号,36.0343980888889,136.21008709166665,100,
2554,公設消火栓,南消防署,福井市花堂東１丁目２７番１３号,36.03902478333333,136.22210321111112,100,
2555,公設消火栓,南消防署,福井市花堂東１丁目１１番１５号,36.042030313888894,136.21937222222223,100,
2556,公設消火栓,南消防署,福井市花堂東１丁目２２番２０号,36.039450647222225,136.21903336111114,100,
2557,公設消火栓,南消防署,福井市花堂東１丁目２４番１号,36.03814481111111,136.21866944166663,100,
2558,公設消火栓,南消防署,福井市花堂東１丁目３３番３０号,36.037150963888884,136.21956643888888,200,
2559,公設消火栓,南消防署,福井市花堂東１丁目１５番９号,36.04132543333334,136.22035020277778,200,
2560,公設消火栓,南消防署,福井市花堂東１丁目１６番７号,36.041300463888895,136.2213691472222,200,
2561,公設消火栓,南消防署,福井市花堂東２丁目３０１番,36.042455325,136.2219220611111,100,
2562,公設消火栓,南消防署,福井市花堂東２丁目３０１番,36.04251132500001,136.22226404166665,100,
2563,公設消火栓,南消防署,福井市花堂東２丁目２０２番,36.043402224999994,136.22311594722223,100,
2564,公設消火栓,南消防署,福井市小稲津町３６番２０号,36.03454276388889,136.24571811944446,100,
2565,公設消火栓,南消防署,福井市小稲津町３１番１号,36.03567859444444,136.24472409166668,100,
2566,公設消火栓,南消防署,福井市小稲津町３１番１０号,36.03545361388888,136.24377716944443,100,
2567,公設消火栓,南消防署,福井市小稲津町２７番４号,36.03533761388889,136.24229926944446,100,
2568,公設防火水槽,中消防署,福井市新田塚１丁目３４番,36.090551802777775,136.20686276666666,,
2569,公設防火水槽,中消防署,福井市新田塚２丁目５０番,36.09084372777778,136.20524903888892,,
2570,公設消火栓,中消防署,福井市新田塚２丁目８３１７番,36.08848283333334,136.20218259722222,100,
2571,公設消火栓,中消防署,福井市新田塚２丁目４０番８号,36.08935983611111,136.20451316944445,100,
2572,公設消火栓,中消防署,福井市新田塚２丁目２３番５号,36.08833291944445,136.2042852166667,150,
2573,公設消火栓,中消防署,福井市新田塚２丁目２５番７号,36.08831886944445,136.20283048333334,100,
2574,公設消火栓,中消防署,福井市新田塚２丁目２４番７号,36.087957902777774,136.20294946666664,100,
2575,公設消火栓,中消防署,福井市新田塚２丁目３３番２８号,36.08933779722222,136.2032743888889,100,
2576,公設消火栓,中消防署,福井市新田塚１丁目２番１０号,36.08784105277777,136.20685974166665,100,
2577,公設消火栓,中消防署,福井市新田塚２丁目２１番２９号,36.08875489166666,136.20455116666665,100,
2578,公設消火栓,中消防署,福井市新田塚２丁目２５番２０号,36.088732833333324,136.20281847777775,100,
2579,公設消火栓,中消防署,福井市新田塚２丁目８３２２番,36.0886657861111,136.2012357638889,100,
2580,公設消火栓,東消防署,福井市東今泉町２番５号１,36.069031977777776,136.26628223611112,100,
2581,公設防火水槽,東消防署,福井市東今泉町２３番４号,36.06607561944444,136.2542502083333,,
2582,公設消火栓,麻生津分遣所,福井市東大味町２０番７号１,35.991065033333335,136.25879483055556,150,
2583,公設消火栓,麻生津分遣所,福井市東大味町１９番６号,35.990382122222215,136.25903179444444,150,
2584,公設消火栓,麻生津分遣所,福井市東大味町３２番１４号,35.990238169444446,136.26337940833332,150,
2585,公設消火栓,麻生津分遣所,福井市東大味町４２番２５号,35.99001520555555,136.26477128055555,100,
2586,公設消火栓,越廼分署,福井市大味町３９番９号,36.04887561666666,136.018443125,75,
2587,公設消火栓,越廼分署,福井市大味町２９番８３号,36.05071747222222,136.01858198333332,100,
2588,公設消火栓,越廼分署,福井市大味町,36.050286516666674,136.01909296944447,100,
2589,公設防火水槽,越廼分署,福井市大味町３６番４号,36.050489475000006,136.01774606944443,,
2590,公設防火水槽,越廼分署,福井市大味町３７番１５号,36.04883658611111,136.01662628055556,,
2591,公設防火水槽,越廼分署,福井市大味町,36.04921859722222,136.01894505833334,,
2592,公設防火水槽,越廼分署,福井市大味町３８番,36.04940954722222,136.0169852111111,,
2593,河川,越廼分署,福井市大味町地係　中央橋,36.051250419444436,136.0179709972222,,
2594,プール,越廼分署,福井市大味町２９番８３号　越廼中学校,36.0517864,136.01904886666665,,
2595,公設消火栓,中消防署,福井市大宮２丁目５番９号,36.080350313888886,136.21829957500003,100,
2596,公設消火栓,中消防署,福井市大宮４丁目７番１９号,36.08165580000001,136.2076093722222,100,
2597,公設消火栓,西分署,福井市大宮５丁目８番２５号,36.08095283055555,136.2055046861111,100,
2598,公設消火栓,社分署,福井市運動公園１丁目２９０６番,36.05048126944444,136.17885355,100,
2599,公設消火栓,社分署,福井市運動公園１丁目３８０２番　,36.04948738611111,136.1790725222222,100,
2600,公設消火栓,社分署,福井市運動公園１丁目３６０７番,36.049742341666665,136.1781926333333,100,
2601,公設消火栓,社分署,福井市運動公園２丁目９１３番　,36.048848449999994,136.17846759722227,100,
2602,公設消火栓,社分署,福井市運動公園２丁目１１０７番　,36.048028547222216,136.17870356944442,100,
2603,公設消火栓,社分署,福井市運動公園１丁目５０８番,36.055102733333335,136.1783536527778,150,
2604,公設消火栓,社分署,福井市運動公園１丁目１４１６番,36.05379988888888,136.17874457777776,150,
2605,公設消火栓,東分署,福井市大和田２丁目３８番４号,36.098085925,136.24994696666667,150,
2606,公設消火栓,東分署,福井市大和田町４０番４号,36.09824720555556,136.25452955555554,150,
2607,公設消火栓,東分署,福井市大和田２丁目１０８番,36.09457014722223,136.24667728611112,100,
2608,公設消火栓,東分署,福井市大和田町３５番２０号,36.09690941944445,136.25524051944447,100,
2609,公設消火栓,東分署,福井市大和田２丁目４１８番,36.09449728333333,136.24864112499998,100,
2610,公設消火栓,東分署,福井市大和田２丁目１０９番,36.097764152777785,136.25280171666668,150,
2611,公設消火栓,東分署,福井市大和田２丁目１８０３番,36.09711421388889,136.25249375555555,150,
2612,公設消火栓,東分署,福井市大和田２丁目１６０２番,36.09543437499999,136.25176584722223,150,
2613,公設消火栓,東分署,福井市大和田２丁目１３０１番,36.094636449999996,136.2514218888889,150,
2614,公設消火栓,東分署,福井市大和田１丁目４１０番,36.094357383333325,136.2499060222222,100,
2615,公設消火栓,東分署,福井市大和田２丁目１０８番,36.09475416388888,136.24731223333336,100,
2616,公設消火栓,東分署,福井市大和田２丁目１３０１番,36.09437250833333,136.25181185833333,100,
2617,公設消火栓,東分署,福井市大和田２丁目１００４番,36.098006061111114,136.25185479722225,250,
2618,公設消火栓,東分署,福井市大和田２丁目８０１番,36.09827189166666,136.24977698055554,250,
2619,公設消火栓,東分署,福井市大和田２丁目３０６番,36.09563906388889,136.24745721388885,100,
2620,公設消火栓,東分署,福井市大和田２丁目５０８番,36.09815075555556,136.2474971861111,100,
2621,公設消火栓,東分署,福井市大和田２丁目５１０番,36.09797191388889,136.2495520027778,100,
2622,公設消火栓,東分署,福井市大和田２丁目１２３０番,36.09624512222222,136.2494550333333,100,
2623,公設消火栓,社分署,福井市江守の里１丁目４０３番,36.030380658333335,136.18166957222223,100,
2624,公設消火栓,南消防署,福井市小稲津町３１番２９号,36.034606727777785,136.24337425555555,100,
2625,公設消火栓,南消防署,福井市小稲津町３９番８２号,36.037117405555556,136.24473999166668,100,
2626,公設消火栓,南消防署,福井市小稲津町３６番４２号,36.03354589166666,136.2446152611111,100,
2627,公設消火栓,南消防署,福井市小稲津町地係,36.03206609722222,136.24461537500002,100,
2628,公設消火栓,南消防署,福井市小稲津町,36.03690137222222,136.23981031944444,100,
2629,公設防火水槽,南消防署,福井市小稲津町３７番１７号,36.034978691666666,136.24478814166667,,
2630,公設消火栓,東消防署,福井市河水町１８番１０号,36.05080266388888,136.27322638611108,100,
2631,公設消火栓,東消防署,福井市河水町２０番４号,36.05086475277777,136.27589615833332,100,
2632,公設消火栓,東消防署,福井市河水町１３番１３号,36.05384450277778,136.2760460222222,100,
2633,公設消火栓,東消防署,福井市河水町１５番２１号,36.05239161388889,136.2758990972222,100,
2634,公設消火栓,東消防署,福井市河水町２９番２７号,36.04947289722223,136.27635717222222,100,
2635,公設消火栓,東消防署,福井市河水町１７番１１号,36.05133960555555,136.27287439444444,150,
2636,公設防火水槽,南消防署,福井市下馬１丁目４０１番,36.044919325,136.2375289861111,,
2637,公設防火水槽,南消防署,福井市下馬２丁目,36.04193072222222,136.2386770888889,,
2638,河川,南消防署,福井市下馬１丁目１１０１　　木田用水,36.04419540833332,136.23707205555556,,
2639,公設消火栓,中消防署,福井市高木町２７番９号５,36.090871291666666,136.22321797222222,100,
2640,公設消火栓,中消防署,福井市高木町２５番１９号３,36.09133343055555,136.22690673055556,100,
2641,公設消火栓,中消防署,福井市高木町２５番１９号９,36.091674386111116,136.2267157638889,100,
2642,公設消火栓,麻生津分遣所,福井市東大味町３５番２７号１,35.989910224999996,136.26580118611113,100,
2643,公設消火栓,麻生津分遣所,福井市東大味町３５番２７号,35.98915530555555,136.2636753527778,75,
2644,公設消火栓,麻生津分遣所,福井市東大味町３２番３４号,35.989181305555555,136.26434129166668,100,
2645,公設消火栓,麻生津分遣所,福井市半田町９番１４号,36.010634672222224,136.2197894277778,150,
2646,公設消火栓,麻生津分遣所,福井市半田町８番１０号２,36.01045872222222,136.22045738611112,150,
2647,公設消火栓,麻生津分遣所,福井市半田町１２番５号１,36.01038281666666,136.22356721388888,150,
2648,公設消火栓,麻生津分遣所,福井市半田町７番１７号１,36.010484674999994,136.21913147222224,150,
2649,公設消火栓,麻生津分遣所,福井市半田町６番２４号４,36.01049564166667,136.21820053333332,150,
2650,公設消火栓,麻生津分遣所,福井市半田町６番１０号,36.01052360555555,136.21716959999998,150,
2651,公設消火栓,麻生津分遣所,福井市半田町１７番１２号８,36.00941075833333,136.21677965,150,
2652,公設消火栓,麻生津分遣所,福井市半田町４番２１号,36.00859487777778,136.21673166944444,150,
2653,公設消火栓,麻生津分遣所,福井市半田町１３番１０号１,36.010416772222214,136.22189629444446,150,
2654,公設消火栓,麻生津分遣所,福井市半田町９番１４号,36.01169951944444,136.21983940277778,150,
2655,公設消火栓,麻生津分遣所,福井市半田町２８番３５号,36.00747716944445,136.22071741666664,100,
2656,公設消火栓,臨海消防署,福井市小幡町９番２２号,36.14373743333333,136.12405190833334,100,
2657,公設消火栓,臨海消防署,福井市小幡町３番３１２号,36.142027622222216,136.12291315833332,100,
2658,公設消火栓,臨海消防署,福井市小幡町,36.14305151111112,136.1237279972222,100,
2659,公設防火水槽,臨海消防署,福井市小幡町９番３２号,36.14426240277778,136.12579769444446,,
2660,公設消火栓,社分署,福井市運動公園１丁目４１２番,36.05592464444444,136.17848365277777,100,
2661,公設消火栓,社分署,福井市運動公園１丁目４０７番,36.055130741666666,136.17900357222223,100,
2662,公設消火栓,社分署,福井市運動公園１丁目９０１番,36.054747788888896,136.1792145361111,150,
2663,公設消火栓,社分署,福井市運動公園１丁目１３０９番,36.05293099722222,136.17939248055555,100,
2664,公設消火栓,社分署,福井市運動公園１丁目３０１番,36.05568068333334,136.17933354166667,150,
2665,公設消火栓,社分署,福井市運動公園１丁目１０３番,36.05532273333334,136.17996445555556,100,
2666,公設消火栓,社分署,福井市運動公園１丁目１２０１番,36.05380290555556,136.17990843055557,150,
2667,公設消火栓,社分署,福井市運動公園１丁目１６１２番,36.05298100555555,136.18028636944442,100,
2668,公設消火栓,社分署,福井市運動公園４丁目１０１番,36.05157314722223,136.1791315138889,150,
2669,公設消火栓,社分署,福井市運動公園４丁目２０５番,36.05129815555556,136.17780068055558,150,
2670,公設消火栓,社分署,福井市運動公園３丁目１３２番１号,36.056508566666665,136.1776757638889,150,
2671,公設消火栓,社分署,福井市運動公園３丁目１３６番,36.055716633333326,136.17630891666664,150,
2672,公設消火栓,社分署,福井市運動公園３丁目１１７番,36.05573965833333,136.17801670555556,100,
2673,公設消火栓,社分署,福井市種池２丁目４０７番,36.037236052777786,136.1891386138889,150,
2674,公設消火栓,社分署,福井市種池２丁目２０６番,36.036950133333335,136.19066347499998,150,
2675,公設消火栓,社分署,福井市種池１丁目１８０１番４号,36.03581921944445,136.18902467499998,100,
2676,公設防火水槽,社分署,福井市種池１丁目１５１０番ドミール輝西側,36.03652213611111,136.18909164166666,,
2677,公設防火水槽,社分署,福井市種池１丁目６２３番,36.03566130555555,136.19124346944446,,
2678,公設防火水槽,社分署,福井市種池１丁目６３２番,36.03583031388889,136.1921433777778,,
2679,公設消火栓,社分署,福井市江守の里１丁目６１０番,36.03009166944444,136.18053169722222,100,
2680,公設消火栓,社分署,福井市江守の里１丁目８０９番,36.029158783333344,136.18066471111115,100,
2681,公設消火栓,社分署,福井市江守の里２丁目２０９番,36.028605830555556,136.17978981388887,100,
2682,公設消火栓,社分署,福井市江守の里２丁目５０８番,36.02788390833333,136.17940687499998,100,
2683,公設消火栓,社分署,福井市江守の里２丁目６０９番,36.027502944444436,136.17884794444447,100,
2684,公設消火栓,社分署,福井市江守の里１丁目１６０６番,36.02845091388889,136.18296449722223,200,
2685,公設消火栓,社分署,福井市江守の里２丁目１０４番,36.028677844444445,136.18091769722218,150,
2686,公設消火栓,社分署,福井市江守の里１丁目１１１８番,36.03168352777777,136.182708425,150,
2687,公設防火水槽,社分署,福井市江守の里１丁目１４１２番,36.02863988055555,136.18237855,,
2688,公設消火栓,東消防署,福井市円山１丁目７０４番,36.07018381944445,136.24593067500004,150,
2689,公設消火栓,東消防署,福井市円山１丁目４０５番,36.071694658333335,136.24586967499997,100,
2690,公設消火栓,東消防署,福井市円山１丁目５０８番,36.07068880833333,136.24678663055556,150,
2691,公設消火栓,東消防署,福井市円山１丁目１０３番１号,36.07191961666666,136.24550269444447,100,
2692,公設消火栓,足羽分遣所,福井市円成寺町９番２５号,36.01906816666666,136.25881008333332,100,
2693,公設消火栓,足羽分遣所,福井市円成寺町８番１５号,36.019684075,136.25861008611113,100,
2694,公設消火栓,足羽分遣所,福井市円成寺町９９９,36.01815132777777,136.26024896666667,150,
2695,公設消火栓,足羽分遣所,福井市円成寺町１１番２号,36.02214769444445,136.2584849361111,100,
2696,公設消火栓,南消防署,福井市馬垣町１番７０９号,36.046317116666664,136.2352270583333,150,
2697,公設消火栓,南消防署,福井市馬垣町２番１０９号,36.04745501388889,136.23708488333335,100,
2698,公設消火栓,中消防署,福井市高木町６４番２６号６,36.10009589166667,136.2360621833333,200,
2699,公設消火栓,中消防署,福井市高木北４丁目８０５番,36.099176991666674,136.23596417499996,200,
2700,公設消火栓,中消防署,福井市高木中央３丁目１７０１番,36.09277892777777,136.23933883333333,100,
2701,公設消火栓,中消防署,福井市高木町２５番２号１,36.09086750555556,136.22741666666664,100,
2702,公設消火栓,中消防署,福井市高柳１丁目５１１番,36.09078531944445,136.2420986444444,100,
2703,公設消火栓,中消防署,福井市高柳１丁目２０７番,36.09024244444445,136.24314457777777,100,
2704,公設消火栓,中消防署,福井市高柳１丁目２０１番,36.08966444166666,136.2419726583333,150,
2705,公設消火栓,中消防署,福井市高柳１丁目３０１番,36.08980638611111,136.24128369999997,100,
2706,公設消火栓,中消防署,福井市高木中央３丁目１００１番,36.089670250000005,136.2387368638889,100,
2707,公設消火栓,中消防署,福井市高木中央３丁目１２３３番,36.09050016388889,136.2388728583333,100,
2708,公設消火栓,中消防署,福井市高木中央３丁目７０１番,36.09031724444445,136.23989779166664,100,
2709,公設消火栓,中消防署,福井市高木町５１番８号,36.09438325277777,136.22992861944445,150,
2710,公設消火栓,中消防署,福井市高木町５２番１３号,36.095824111111106,136.23030363055554,150,
2711,公設消火栓,中消防署,福井市高木町７６番４号,36.09637209722222,136.23138854166666,100,
2712,公設消火栓,中消防署,福井市高木町７７番５号,36.095982247222224,136.2337663027778,100,
2713,公設消火栓,中消防署,福井市高木町７３番２９号,36.09533044444444,136.23603709722224,100,
2714,公設消火栓,中消防署,福井市高木町５６番５号,36.09845072777779,136.228197925,100,
2715,公設防火水槽,麻生津分遣所,福井市西大味町３０番２号,35.984624869444445,136.2583197305556,,
2716,公設防火水槽,麻生津分遣所,福井市西大味町２６番２号,35.98520477777777,136.25623892500002,,
2717,公設消火栓,東消防署,福井市合島町９番２１号,36.03829853333334,136.26441639722222,100,
2718,公設消火栓,東消防署,福井市合島町６番２２号,36.04105110555556,136.26046352499998,100,
2719,公設消火栓,東消防署,福井市合島町３番１号,36.03934226944445,136.26043857222223,100,
2720,公設消火栓,東消防署,福井市合島町,36.039476288888885,136.2612275277778,250,
2721,公設消火栓,東消防署,福井市合島町４番５号,36.03787339166667,136.26001963333331,250,
2722,公設消火栓,東消防署,福井市合島町９番８号,36.03918441944445,136.26380240000003,100,
2723,河川,東消防署,福井市合島町９番２７号,36.037856563888894,136.26403043055558,,
2724,公設消火栓,社分署,福井市合谷町７番３号,36.022234649999994,136.1838866416667,100,
2725,公設消火栓,社分署,福井市合谷町１番１号,36.0246873,136.17993693333332,200,
2726,公設消火栓,社分署,福井市合谷町１番１号,36.02414035555556,136.1794949972222,200,
2727,公設消火栓,社分署,福井市合谷町１番,36.02454232777778,136.1806478694444,200,
2728,公設消火栓,社分署,福井市合谷町９番３号,36.02165571944444,136.1840016527778,200,
2729,公設消火栓,川西分署,福井市小野町１６番３５号,36.139857975,136.13094474166664,350,
2730,公設消火栓,川西分署,福井市小野町１５番６０号,36.139857961111105,136.12977683055558,350,
2731,公設消火栓,川西分署,福井市小野町１４番５８号,36.13983895277777,136.12878390555554,350,
2732,公設消火栓,川西分署,福井市小野町１３番３号,36.13991192777779,136.12719501666666,350,
2733,公設消火栓,中消防署,福井市高木中央２丁目３２３０番,36.09279862777778,136.2341182111111,200,
2734,公設消火栓,中消防署,福井市高木中央２丁目１７０７番,36.09304866111111,136.2352961222222,100,
2735,公設消火栓,中消防署,福井市高木中央２丁目３１２１番,36.09292271944445,136.23604006944444,200,
2736,プール,社分署,福井市種池２丁目１２８番,36.037319169444444,136.19335520277775,,
2737,公設消火栓,社分署,福井市種池町２番２１号,36.037218966666664,136.18618089999998,150,
2738,公設消火栓,社分署,福井市種池町２番８０号,36.0372019361111,136.18516400000001,100,
2739,公設消火栓,社分署,福井市種池町２番１２号,36.03656906111111,136.18680285833335,100,
2740,公設消火栓,社分署,福井市種池町３番２８号,36.03621108888889,136.1863719111111,150,
2741,公設消火栓,社分署,福井市種池町３番１３５号,36.03587509166666,136.1851780361111,100,
2742,公設消火栓,社分署,福井市種池町３番１０号　,36.03525020833332,136.18651393055555,100,
2743,公設消火栓,社分署,福井市種池町３番１１６号,36.03468926666667,136.18626697222223,150,
2744,公設消火栓,社分署,福井市種池町２１番１号３,36.03423033055555,136.18659695833333,100,
2745,公設消火栓,社分署,福井市種池町３番１４２号２,36.034547252777784,136.18524207499996,100,
2746,公設消火栓,社分署,福井市種池町１番４号２９,36.038132869444446,136.1865058416667,150,
2747,公設消火栓,社分署,福井市種池町１番１５号２４,36.03811085277777,136.18584990833335,100,
2748,公設消火栓,社分署,福井市種池１丁目１６１６番,36.03706008888889,136.1896185722222,400,
2749,公設消火栓,社分署,福井市種池２丁目８０２番,36.0372659888889,136.18717180277778,300,
2750,公設消火栓,東消防署,福井市豊島２丁目８番２号,36.05781741944444,136.2249772333333,300,
2751,公設消火栓,東消防署,福井市豊島１丁目９番４号,36.058873194444445,136.2221044222222,100,
2752,公設消火栓,東消防署,福井市豊島１丁目２番１３号,36.05792828333333,136.22102953333336,100,
2753,公設消火栓,東消防署,福井市豊島１丁目８番１４号,36.057903325,136.22231843333336,100,
2754,公設消火栓,東消防署,福井市豊島２丁目６番３５号,36.05754240277778,136.2233683638889,100,
2755,公設消火栓,西分署,福井市上伏町１８番３０号,36.09500729444445,136.19164445,150,
2756,公設消火栓,西分署,福井市上伏町１８番２６号,36.09397935555556,136.19293341944447,150,
2757,公設消火栓,西分署,福井市上伏町,36.09357930833333,136.1962032888889,150,
2758,公設消火栓,西分署,福井市上伏町,36.09195956111111,136.19159755277778,150,
2759,公設消火栓,西分署,福井市上伏町地係,36.09168242777778,136.19722533055554,400,
2760,公設消火栓,西分署,福井市上伏町地係,36.09274135,136.19719827777777,400,
2761,公設消火栓,西分署,福井市上伏町地係,36.093776274999996,136.19719822222226,400,
2762,公設消火栓,西分署,福井市上伏町１２番１８号,36.094418344444435,136.19185845555558,150,
2763,公設防火水槽,西分署,福井市上伏町１２番,36.093568399999995,136.19258945277775,,
2764,河川,美山分署,福井市宇坂大谷町３６番１８号,36.03975519166666,136.33241411388892,,
2765,公設防火水槽,美山分署,福井市宇坂別所町１２番１５号,36.003970344444454,136.32514617777778,,
2766,河川,美山分署,福井市宇坂別所町１２番１４号,36.004361313888886,136.3252071638889,,
2767,公設消火栓,南消防署,福井市羽水１丁目３０２番,36.04279443611111,136.22931861111113,100,
2768,公設消火栓,南消防署,福井市羽水１丁目４０７番,36.04112268055556,136.23048863333332,200,
2769,公設消火栓,南消防署,福井市羽水２丁目８０２番,36.04051478055555,136.23146361111114,100,
2770,公設消火栓,南消防署,福井市羽水２丁目７０２番,36.040983727777785,136.2318655638889,100,
2771,公設消火栓,南消防署,福井市羽水１丁目６１５番,36.041880625,136.23263546666666,100,
2772,公設消火栓,南消防署,福井市羽水１丁目６０８番,36.042436563888884,136.23318540277782,100,
2773,公設消火栓,南消防署,福井市羽水１丁目６３３番,36.04143965833334,136.23150255833332,150,
2774,公設消火栓,南消防署,福井市羽水１丁目,36.04278646388888,136.2305405388889,100,
2775,公設消火栓,東分署,福井市西開発１丁目１３０４番,36.07369388888889,136.235120175,100,
2776,公設消火栓,東分署,福井市西開発１丁目４１０番,36.07362194166666,136.23596213611108,100,
2777,公設消火栓,東分署,福井市西開発１丁目７０９番,36.07348301944444,136.23714508333333,100,
2778,公設消火栓,東分署,福井市西開発１丁目８０２番,36.0738220361111,136.2382120305556,100,
2779,公設消火栓,東分署,福井市西開発１丁目１６０４番１号,36.07453284999999,136.23624211388886,100,
2780,公設消火栓,東分署,福井市西開発１丁目７番５号,36.0745488,136.2353011583333,100,
2781,公設消火栓,東分署,福井市西開発１丁目１７０３番,36.07449691666667,136.23740606111113,100,
2782,公設消火栓,東分署,福井市西開発２丁目５０７番,36.07814031388889,136.2340811833333,100,
2783,公設消火栓,川西分署,福井市西荒井町４７番１７号,36.10003509722222,136.12651500555558,150,
2784,公設消火栓,川西分署,福井市西荒井町４４番５号,36.09966614444444,136.12494616666666,150,
2785,公設消火栓,川西分署,福井市西荒井町４３番７号,36.09891625000001,136.12475718888888,150,
2786,公設消火栓,川西分署,福井市西荒井町１９番６号,36.09869128055555,136.12494616944446,100,
2787,公設消火栓,川西分署,福井市西荒井町３３番１５号,36.09883825833334,136.12415725000002,100,
2788,公設消火栓,川西分署,福井市西荒井町４３番２１号,36.09819634722222,136.12424024444442,100,
2789,公設消火栓,川西分署,福井市西荒井町４６番１０号,36.09995711111111,136.12888976111108,150,
2790,公設消火栓,東消防署,福井市寮町４３番２号,36.06205976111111,136.2716260527778,150,
2791,公設防火水槽,足羽分遣所,福井市浄教寺町地係,35.983818330555565,136.29224014722226,,
2792,公設防火水槽,美山分署,福井市東天田町９番６号,35.97670292777777,136.3729243611111,,
2793,公設消火栓,南消防署,福井市花堂東２丁目６０４,36.04123351944444,136.2234500333333,200,
2794,公設消火栓,中消防署,福井市高木中央２丁目２５０８番　,36.09300476388889,136.23696300277777,100,
2795,公設消火栓,中消防署,福井市高木中央２丁目２６０１番,36.09286984166667,136.23801692777778,200,
2796,公設消火栓,中消防署,福井市高木中央１丁目３０６番,36.09197465833333,136.2328922944444,100,
2797,公設消火栓,中消防署,福井市高木中央２丁目３２０６番,36.09123077500001,136.2335562277778,200,
2798,公設消火栓,中消防署,福井市高木中央１丁目２１０９番,36.090927816666664,136.2336782111111,100,
2799,公設消火栓,中消防署,福井市高木中央２丁目３４０９番,36.09005595555555,136.2344511416667,200,
2800,公設消火栓,中消防署,福井市高木中央２丁目４２０１番,36.088250236111115,136.2357170416667,200,
2801,公設消火栓,中消防署,福井市高木中央２丁目２２０２番,36.094402691666666,136.2384879027778,150,
2802,公設消火栓,中消防署,福井市高木中央２丁目２７０１番３号,36.09238890277778,136.23810891944444,150,
2803,公設消火栓,中消防署,福井市高木中央２丁目３７０１番２８号,36.09023414444445,136.2380449111111,150,
2804,公設消火栓,中消防署,福井市高木中央２丁目３７０１番６６号,36.09111104166667,136.23800291944443,150,
2805,公設消火栓,中消防署,福井市高木中央１丁目３３０番,36.09200260555556,136.23188937222224,150,
2806,公設消火栓,中消防署,福井市高木北２丁目１１０５番,36.09979674444445,136.2321515611111,100,
2807,河川,中消防署,福井市高木北２丁目１１０６,36.0997268,136.23331443611113,,
2808,公設消火栓,中消防署,福井市高木中央２丁目１１０８番,36.09441040555555,136.23331231111112,100,
2809,公設消火栓,中消防署,福井市高木中央２丁目１１０２番,36.095005377777774,136.23418524166667,300,
2810,公設消火栓,中消防署,福井市高木中央２丁目２３０９番,36.09409465277778,136.23718599722224,100,
2811,公設消火栓,中消防署,福井市新田塚２丁目１２４番３７号,36.09445137777778,136.2038322388889,100,
2812,公設消火栓,東消防署,福井市豊島１丁目３番１号,36.05680042222222,136.22071058611115,100,
2813,公設消火栓,東消防署,福井市豊島１丁目５番１５号,36.05646248611111,136.22152453333334,100,
2814,公設消火栓,東消防署,福井市豊島２丁目４番５号,36.05619851944444,136.22144654722226,100,
2815,公設消火栓,東消防署,福井市豊島１丁目６番１０号,36.05731239166667,136.221988475,100,
2816,公設消火栓,東消防署,福井市豊島２丁目７番１７号,36.05750644444444,136.22452128055556,100,
2817,公設防火水槽,東消防署,福井市豊島１丁目８番２号,36.058270247222225,136.22124350833332,,
2818,公設防火水槽,東消防署,福井市豊島２丁目５番２６号,36.05729843055556,136.22324338055557,,
2819,公設防火水槽,東消防署,福井市豊島１丁目６番１号,36.05721237499999,136.22098555555553,,
2820,受水槽,東消防署,福井市豊島１丁目３番１号,36.057420344444445,136.22084656111113,,
2821,公設消火栓,東分署,福井市堂島町７番９０号－２,36.09514013055555,136.2624539166667,150,
2822,公設消火栓,足羽分遣所,福井市栃泉町１０４番９号,36.00807407499999,136.27302680555556,100,
2823,公設消火栓,足羽分遣所,福井市栃泉町８６番２７号,36.00303678611111,136.2740257138889,150,
2824,公設消火栓,足羽分遣所,福井市栃泉町８８番２６号,36.00418161111111,136.27334778333335,100,
2825,公設消火栓,足羽分遣所,福井市栃泉町１０４番４号,36.000962019444444,136.27354774166668,100,
2826,公設防火水槽,足羽分遣所,福井市栃泉町８８番３３号,36.004031652777776,136.27403871111113,,
2827,公設消火栓,東消防署,福井市問屋町４丁目４１３番,36.052604966666664,136.2579223472222,150,
2828,公設消火栓,東消防署,福井市問屋町４丁目３１１番,36.05352988333333,136.25791931666666,100,
2829,公設消火栓,東消防署,福井市問屋町３丁目６１３番,36.052768719444444,136.24980885555553,100,
2830,私設防火水槽,東消防署,福井市問屋町１丁目２４５番,36.057215400000004,136.25318850000002,,
2831,公設消火栓,北分署,福井市上野本町４丁目１８２６番,36.114745625000005,136.2467630833333,100,
2832,私設防火水槽,東分署,福井市大和田１丁目,36.089811808333344,136.24834722777777,,
2833,私設防火水槽,東分署,福井市大和田１丁目,36.09094983333334,136.25074501111115,,
2834,私設防火水槽,東分署,福井市大和田２丁目１２１２番,36.096009258333325,136.2510578972222,,
2835,私設防火水槽,東分署,福井市大和田２丁目１２３０番,36.09756106666666,136.2510998722222,,
2836,私設防火水槽,東分署,福井市大和田２丁目１２１２番,36.09554521388888,136.24953303611113,,
2837,私設防火水槽,東分署,福井市大和田２丁目５１０番,36.097891833333335,136.24818312777776,,
2838,河川,東分署,福井市大和田町４２番３号１,36.09777038611111,136.25636539999996,,
2839,受水槽,東分署,福井市大和田２丁目１２３０番,36.096984049999996,136.24975000000003,,
2840,受水槽,東分署,福井市大和田２丁目８０１番,36.09861386388889,136.2500189527778,,
2841,公設消火栓,東消防署,福井市岡西谷町２５番１６号,36.03822398055555,136.2755077638889,100,
2842,公設防火水槽,東消防署,福井市岡西谷町２５番１６号,36.038645936111116,136.2755497388889,,
2843,公設防火水槽,川西分署,福井市奥平町１８番５号,36.08116537777778,136.10081564166668,,
2844,公設消火栓,西安居分遣所,福井市恐神町８番１０号,36.069642936111116,136.16437265833335,300,
2845,公設消火栓,西安居分遣所,福井市恐神町１７番７４号,36.06867601111111,136.16286083055556,300,
2846,公設消火栓,西安居分遣所,福井市恐神町３番７号,36.067704097222226,136.16178094444447,300,
2847,公設消火栓,南消防署,福井市花堂東２丁目５０３番,36.04130549166667,136.22256608055557,200,
2848,公設消火栓,南消防署,福井市花堂東２丁目６０７番,36.04046161666666,136.22318308333337,200,
2849,公設消火栓,南消防署,福井市花堂東２丁目８０５,36.03948674444444,136.22318313055555,200,
2850,公設消火栓,南消防署,福井市花堂東２丁目８０２番,36.03994768055555,136.22308911388888,100,
2851,公設消火栓,南消防署,福井市花堂東２丁目８０２番,36.04032761944445,136.2225441277778,100,
2852,公設消火栓,南消防署,福井市花堂東２丁目９０１番,36.03936774444445,136.22236618055555,100,
2853,公設消火栓,南消防署,福井市花堂東２丁目,36.039171772222225,136.2225331805556,100,
2854,公設消火栓,南消防署,福井市花堂東２丁目１００３番,36.03916179166667,136.2234601305556,100,
2855,公設消火栓,南消防署,福井市花堂東２丁目９０５番,36.03861685555556,136.22303318055555,100,
2856,公設消火栓,南消防署,福井市花堂東１丁目１３番１５号,36.04136939166667,136.2189582777778,100,
2857,公設消火栓,南消防署,福井市花堂東１丁目１３番１５号,36.040405525,136.21920530833336,100,
2858,公設消火栓,南消防署,福井市花堂東１丁目２番１０号,36.04321616944445,136.21985014166663,100,
2859,公設消火栓,南消防署,福井市花堂東１丁目９番５号,36.04220530555556,136.2199251833333,100,
2860,公設消火栓,南消防署,福井市花堂東１丁目１４番１５号,36.041102452777785,136.21999723055555,100,
2861,公設消火栓,南消防署,福井市花堂東１丁目２１番７号,36.040047594444445,136.2200692777778,100,
2862,公設消火栓,南消防署,福井市花堂東１丁目３０番１５号,36.03771990833334,136.22022837777777,100,
2863,公設消火栓,社分署,福井市東下野町１６番４６号１,36.06707334722223,136.17169468055556,100,
2864,公設消火栓,社分署,福井市東下野町８番９６号,36.06671837500001,136.17105775555558,100,
2865,公設消火栓,社分署,福井市東下野町１２番２号,36.06825721944445,136.17144373333335,100,
2866,公設消火栓,中消防署,福井市新田塚２丁目１１０番１号,36.09267056388889,136.20516604999997,100,
2867,公設消火栓,中消防署,福井市新田塚２丁目１０９番１５号,36.09366535277778,136.2001137972222,100,
2868,公設消火栓,中消防署,福井市新田塚２丁目１０８番１２号,36.093145413888884,136.20087770000004,150,
2869,公設消火栓,中消防署,福井市新田塚２丁目１０７番７号,36.09285746944444,136.2021215166667,150,
2870,公設消火栓,中消防署,福井市新田塚２丁目９５番２６号,36.09259047777778,136.2016216,100,
2871,公設消火栓,中消防署,福井市新田塚２丁目９５番７号,36.0922825,136.20147463055554,100,
2872,公設消火栓,中消防署,福井市新田塚２丁目８５番１６,36.092207486111114,136.20070775277776,150,
2873,公設消火栓,中消防署,福井市新田塚２丁目８５番５号,36.09187053055556,136.2013556583333,100,
2874,公設消火栓,中消防署,福井市新田塚２丁目８５番３４号,36.09205453888888,136.20219352222222,150,
2875,公設消火栓,中消防署,福井市新田塚２丁目７７番２６号,36.09107957222223,136.20062180277776,100,
2876,公設消火栓,中消防署,福井市新田塚２丁目７９番１２,36.09140951666667,136.19962195277776,100,
2877,公設消火栓,中消防署,福井市新田塚２丁目７７番１０号,36.09060158333334,136.19971096944445,100,
2878,公設消火栓,中消防署,福井市新田塚１丁目７５番２１号,36.09112478611111,136.20807757222224,100,
2879,公設消火栓,中消防署,福井市新田塚２丁目７２番１号,36.09131869166667,136.2054020138889,100,
2880,公設消火栓,中消防署,福井市新田塚１丁目８０番３０号,36.09244070555555,136.2096513472222,100,
2881,公設消火栓,中消防署,福井市新田塚１丁目８５番３号,36.09267566388888,136.2089924583333,100,
2882,公設消火栓,中消防署,福井市春山１丁目４番８号,36.06886173055556,136.21655884722222,100,
2883,公設消火栓,中消防署,福井市春山２丁目１４番８号,36.06934361944444,136.21507501388888,100,
2884,公設消火栓,中消防署,福井市春山２丁目１８番２６号,36.069371575,136.21383115555554,200,
2885,公設消火栓,足羽分遣所,福井市東郷中島町３番８号,36.025264222222226,136.2590316722222,75,
2886,公設消火栓,足羽分遣所,福井市東郷中島町１１－１,36.02413639444444,136.25901274722224,75,
2887,公設消火栓,足羽分遣所,福井市東郷中島町１１番１０号,36.02373645277778,136.2587178027778,100,
2888,公設消火栓,足羽分遣所,福井市東郷中島町１１番２０号,36.02321253333333,136.25865684444446,100,
2889,公設消火栓,足羽分遣所,福井市東郷中島町１０番１７号,36.023536475,136.25759392777775,100,
2890,公設消火栓,足羽分遣所,福井市東郷中島町１６番３２号,36.02468326666667,136.25385720833333,100,
2891,公設消火栓,足羽分遣所,福井市東郷中島町１６番３２号,36.02428533611111,136.25504312500001,100,
2892,公設消火栓,足羽分遣所,福井市東郷中島町１６番３２号,36.023892411111106,136.2564710138889,100,
2893,公設消火栓,足羽分遣所,福井市東郷中島町１１番１号,36.0247473,136.25902770555558,75,
2894,公設消火栓,足羽分遣所,福井市東郷中島町１１番２２号,36.02296557777778,136.25943578333334,100,
2895,公設消火栓,足羽分遣所,福井市東郷中島町１０番２号,36.02410338888889,136.25790985833336,100,
2896,公設消火栓,足羽分遣所,福井市東郷中島町１０番１０号,36.02379743611112,136.25765390555554,100,
2897,公設消火栓,東消防署,福井市問屋町３丁目６０４番,36.052607772222224,136.25110577777778,150,
2898,公設消火栓,東消防署,福井市問屋町３丁目１２０１番,36.05183884166666,136.25071983333333,100,
2899,公設消火栓,東消防署,福井市問屋町３丁目１１０１番,36.05151389166666,136.25131380833335,100,
2900,公設消火栓,東消防署,福井市問屋町３丁目１００９番,36.05152492222223,136.252588725,100,
2901,受水槽,南消防署,福井市月見２丁目４番地１,36.04781536388889,136.21208640833333,,
2902,公設消火栓,北分署,福井市つくし野１丁目４３７番,36.11952687499999,136.2145955722222,100,
2903,公設消火栓,北分署,福井市つくし野１０２番,36.12062373333334,136.21427256666666,100,
2904,その他,西安居分遣所,福井市恐神町１７番７１号,36.06945688333333,136.16073411944444,,
2905,その他,西安居分遣所,福井市恐神町１７番７１号,36.069925847222216,136.1615700222222,,
2906,公設消火栓,西分署,福井市大宮６丁目１５番２４号,36.081802519444444,136.1985639111111,100,
2907,公設消火栓,西分署,福井市大宮６丁目１５－３２,36.08194155277778,136.20037161666667,100,
2908,公設消火栓,西分署,福井市大宮５丁目１３番２４号,36.08206357777778,136.20183537499997,100,
2909,公設消火栓,西分署,福井市大宮５丁目１４番６号,36.08161071111112,136.20434891944447,100,
2910,公設消火栓,西分署,福井市大宮５丁目１６番６号,36.08124179722222,136.20565667777774,100,
2911,公設消火栓,西分署,福井市大宮６丁目１２番,36.08085265277778,136.19859381666666,100,
2912,公設消火栓,西分署,福井市大宮６丁目１１番６号,36.08030875277778,136.1994166333333,100,
2913,公設消火栓,西分署,福井市大宮６丁目３番５号,36.07905593888889,136.1999384416667,100,
2914,公設消火栓,中消防署,福井市大宮３丁目６番５号,36.08007204166667,136.20935402222224,150,
2915,公設消火栓,中消防署,福井市大宮１丁目４番２８号,36.081497433333325,136.2247177416667,200,
2916,公設消火栓,中消防署,福井市大宮１丁目９番１９号,36.082445319444446,136.22476270555558,200,
2917,公設消火栓,中消防署,福井市大宮３丁目１７番２２号,36.082010919444436,136.2126835138889,150,
2918,公設消火栓,中消防署,福井市大宮３丁目３０番１５号,36.08289981388889,136.21281950277782,150,
2919,公設消火栓,西分署,福井市大宮６丁目５番１４号,36.079958755555566,136.19763288611114,100,
2920,公設消火栓,中消防署,福井市大宮４丁目６番７号,36.08088386944445,136.20659250555553,100,
2921,公設消火栓,中消防署,福井市大宮４丁目１２番１９号,36.0826717,136.20839227777776,150,
2922,公設消火栓,中消防署,福井市大宮３丁目２８番６号,36.082335830555564,136.21121477499997,100,
2923,私設防火水槽,南消防署,福井市下馬町５１－１１,36.03595352777778,136.24235721944444,,
2924,私設防火水槽,南消防署,福井市下馬町５１－１１,36.03786728333333,136.2423461,,
2925,私設防火水槽,南消防署,福井市下馬町５１－１１,36.037701294444446,136.24157115833336,,
2926,公設消火栓,東分署,福井市玄正島町１６番２１号,36.08784487222223,136.2774916222222,100,
2927,公設消火栓,東分署,福井市玄正島町１８番３号,36.087172958333326,136.277635625,100,
2928,公設防火水槽,東分署,福井市玄正島町１番４６号,36.08860576944445,136.277285625,,
2929,私設防火水槽,東分署,福井市玄正島町８番２３号,36.08652133611112,136.28336703611112,,
2930,公設消火栓,東消防署,福井市堅達町２番５０号,36.07396279999999,136.27030675555554,100,
2931,公設消火栓,東消防署,福井市堅達町９番４９号,36.07269703055556,136.27244660555553,150,
2932,公設消火栓,東消防署,福井市堅達町９番８１号,36.072263150000005,136.2738814722222,150,
2933,公設消火栓,東消防署,福井市堅達町２番６１号,36.07333482777778,136.26989880833335,150,
2934,公設消火栓,東消防署,福井市堅達町５番３８号,36.07224024722222,136.2755113083333,150,
2935,公設消火栓,東消防署,福井市堅達町４番１９号,36.0726932,136.27529231666665,100,
2936,公設消火栓,東消防署,福井市堅達町２番７号,36.07300993333333,136.27122070555555,150,
2937,公設消火栓,東消防署,福井市堅達町３番２６号,36.07280107222223,136.27325051944445,100,
2938,公設防火水槽,東消防署,福井市堅達町９番７号,36.07263506666666,136.27296155277776,,
2939,公設防火水槽,東消防署,福井市堅達町１０番３号,36.07292897500001,136.2718036583333,,
2940,公設消火栓,南消防署,福井市下馬３丁目６０７番,36.03745124444445,136.2349275972222,200,
2941,公設消火栓,南消防署,福井市下馬３丁目２１０４番,36.038603108333334,136.23591046388887,200,
2942,公設防火水槽,南消防署,福井市羽水１丁目３０３番,36.04251150833333,136.23092153055555,,
2943,公設防火水槽,南消防署,福井市羽水２丁目２０５番,36.039802811111116,136.2284798194445,,
2944,公設防火水槽,殿下分遣所,福井市謡谷町１８番２１号,36.041182875000004,136.039980725,,
2945,私設防火水槽,殿下分遣所,福井市謡谷町１７番３０号,36.04127184722222,136.03951376666663,,
2946,公設消火栓,川西分署,福井市内山梨子町３番３号,36.13327648333334,136.15739708611113,100,
2947,公設消火栓,川西分署,福井市内山梨子町５番４号,36.13258456944445,136.15758111944442,100,
2948,公設消火栓,川西分署,福井市内山梨子町５番２１号,36.13142672222222,136.15808915277776,150,
2949,公設消火栓,川西分署,福井市内山梨子町５番４９号,36.132476594444455,136.15796708333332,150,
2950,公設消火栓,川西分署,福井市内山梨子町,36.133170561111115,136.15943585833335,200,
2951,公設消火栓,川西分署,福井市内山梨子町３番２０号,36.13509829722222,136.1583198361111,200,
2952,公設防火水槽,川西分署,福井市内山梨子町２番３号,36.13415336666666,136.15699506666667,,
2953,公設消火栓,南消防署,福井市馬垣町１番２２５号,36.0475189611111,136.2347850222222,150,
2954,公設消火栓,南消防署,福井市馬垣町１番１０８号,36.047904925000005,136.2353679666667,100,
2955,公設消火栓,南消防署,福井市馬垣町１番３１７号,36.04701902777778,136.23511502777777,100,
2956,公設消火栓,南消防署,福井市羽水１丁目６２８番,36.04218656944444,136.23182449722222,200,
2957,公設消火栓,北分署,福井市つくし野１１０番,36.12060176111111,136.21518046944448,150,
2958,公設消火栓,北分署,福井市つくし野２１２番,36.11996583611111,136.2150945027778,150,
2959,公設消火栓,北分署,福井市つくし野２２０番,36.11997980833333,136.2140976111111,100,
2960,公設消火栓,北分署,福井市つくし野８０９番,36.11983487777778,136.2161303972222,100,
2961,公設消火栓,北分署,福井市つくし野４１５番,36.11919090000001,136.21386666111113,100,
2962,公設消火栓,北分署,福井市つくし野５０９番,36.11887996388889,136.21497854722224,150,
2963,公設消火栓,北分署,福井市つくし野７１０番,36.11895198611111,136.2161914111111,100,
2964,公設消火栓,北分署,福井市つくし野１０１番,36.11850198611111,136.21401166388887,200,
2965,公設消火栓,北分署,福井市つくし野２０１番,36.118435025000004,136.21520553333335,200,
2966,公設消火栓,北分署,福井市つくし野１００７番,36.11840705555555,136.2163164111111,100,
2967,公設消火栓,北分署,福井市つくし野１０９番１号,36.11826610000001,136.21738629722225,200,
2968,公設消火栓,北分署,福井市つくし野１１０６番,36.11869107777778,136.21855315833332,100,
2969,公設消火栓,北分署,福井市つくし野１１１８番,36.118293108333326,136.21780325,100,
2970,公設消火栓,北分署,福井市つくし野２０８番,36.11815214444445,136.21863316111111,200,
2971,公設消火栓,北分署,福井市つくし野１１８番,36.11810504166667,136.21426464444446,100,
2972,公設消火栓,南消防署,福井市月見５丁目１０番１号,36.046096352777774,136.20309803055554,100,
2973,公設消火栓,南消防署,福井市みのり１丁目３０－２,36.04745153333334,136.21675014444446,100,
2974,公設消火栓,社分署,福井市種池１丁目２１０３番,36.037144024999996,136.1878917361111,150,
2975,公設消火栓,社分署,福井市種池１丁目２１０３番,36.03668008333334,136.18794374722225,100,
2976,公設消火栓,中消防署,福井市大宮２丁目２１番３号,36.082628225,136.22340378055557,100,
2977,公設消火栓,中消防署,福井市大宮４丁目７番１号,36.08086990277778,136.20777031111112,100,
2978,公設消火栓,中消防署,福井市大宮４丁目１５番６号,36.08177777222222,136.2071174583333,100,
2979,公設消火栓,南消防署,福井市馬垣町２番４１９号,36.04672208611111,136.23629596944446,100,
2980,公設消火栓,南消防署,福井市馬垣町２番５０１号,36.04684708333333,136.23694592222222,150,
2981,公設消火栓,南消防署,福井市馬垣町２番５１７号,36.04639113333333,136.23673196111113,100,
2982,公設消火栓,南消防署,福井市馬垣町１番６０７号,36.04606616111111,136.23612201666666,150,
2983,公設消火栓,南消防署,福井市馬垣町２番８０１号,36.045686208333336,136.23615003333336,150,
2984,公設消火栓,南消防署,福井市馬垣町２番６０６号,36.04579721111111,136.23708996944447,100,
2985,公設消火栓,南消防署,福井市馬垣町２ー５０７－２,36.04628616388889,136.23763990833334,100,
2986,公設消火栓,北分署,福井市東森田１丁目１０４番,36.11611151666666,136.24806991111112,250,
2987,公設消火栓,北分署,福井市上野本町４丁目７１５番,36.11747934444443,136.24804689166666,250,
2988,公設消火栓,北分署,福井市東森田３丁目１５１８番,36.11751959166667,136.2529213361111,100,
2989,公設消火栓,北分署,福井市東森田１丁目,36.11606980277779,136.25343230277778,100,
2990,公設消火栓,北分署,福井市河合寄安町２００３番,36.11913031388889,136.2515164666667,100,
2991,公設消火栓,北分署,福井市東森田２丁目１１１０番,36.11774446666666,136.2510865388889,100,
2992,公設消火栓,北分署,福井市東森田２丁目１３１４番,36.116725586111116,136.25087958055556,100,
2993,公設消火栓,北分署,福井市河合寄安町６０４番,36.11868125277778,136.24922573611107,150,
2994,公設消火栓,北分署,福井市東森田２丁目５０９番,36.11714139722223,136.248245875,100,
2995,公設消火栓,南消防署,福井市下馬３丁目２１１０番,36.03822316388889,136.23647945277781,100,
2996,公設消火栓,中消防署,福井市高木町３２番１号１７,36.08950858888889,136.2262776722222,200,
2997,公設消火栓,中消防署,福井市高木町２９番１号３６,36.090233491666666,136.2258737416667,100,
2998,公設消火栓,中消防署,福井市高木町３０番１０号２,36.08962752499999,136.22527674444447,100,
2999,公設消火栓,中消防署,福井市高木町３０番２号３０,36.08883553333333,136.2239357777778,100,
3000,公設消火栓,中消防署,福井市高木町２７番９号１,36.09085833888889,136.22413990555557,100,
3001,公設消火栓,中消防署,福井市高木町２９番１号４３,36.08995846388889,136.22477679999997,150,
3002,公設消火栓,中消防署,福井市高木町３０番２号５,36.08926553333333,136.22477775277775,150,
3003,公設消火栓,中消防署,福井市高木町２６番１６号－８,36.09043940555555,136.2245938444444,100,
3004,公設消火栓,中消防署,福井市高木町２６番８号６,36.0910914111111,136.22600678333333,150,
3005,公設消火栓,中消防署,福井市高木町２６番２号１８,36.09127931666667,136.22455190277776,100,
3006,公設消火栓,中消防署,福井市高木町５４番１３号,36.096666025,136.2305096361111,150,
3007,公設消火栓,中消防署,福井市高木町６３番３１号,36.09960984999999,136.2342013416667,100,
3008,公設消火栓,中消防署,福井市高木町７６番４６号１,36.096108191666666,136.23284239444442,100,
3009,公設消火栓,中消防署,福井市高木町７８番２５号,36.09444150555556,136.2353651361111,100,
3010,公設消火栓,中消防署,福井市高木中央２丁目２９０８番,36.09174980555556,136.23520611388886,100,
3011,公設消火栓,中消防署,福井市高木中央２丁目２７１１番２号,36.09181690833334,136.23711198333334,100,
3012,公設消火栓,中消防署,福井市高木中央２丁目３００１番４号,36.092210819444446,136.2363530388889,150,
3013,公設消火栓,中消防署,福井市高木中央２丁目１６０２番,36.09357561388889,136.23550211388888,100,
3014,公設消火栓,東分署,福井市松本上町,36.07319088055555,136.2337032722222,100,
3015,公設防火水槽,美山分署,福井市小当見町１４番２８号,35.962573575,136.40423983333335,,
3016,公設防火水槽,美山分署,福井市小当見町１３番２９号,35.961626666666675,136.40400087777778,,
3017,公設防火水槽,美山分署,福井市小当見町１２番３号,35.9619546361111,136.40312596388893,,
3018,公設防火水槽,美山分署,福井市小当見町１２番３９号,35.96149868055556,136.4022680611111,,
3019,公設防火水槽,美山分署,福井市小当見町１４番３号,35.96194563333333,136.40700355555558,,
3020,私設防火水槽,美山分署,福井市小当見町１０番４３号,35.96199563055556,136.40538772499997,,
3021,公設消火栓,国見分遣所,福井市大丹生町５７番４５号,36.078832425,136.0268185027778,150,
3022,公設消火栓,国見分遣所,福井市大丹生町１１８番６号,36.077926488888885,136.02648455555558,150,
3023,公設消火栓,国見分遣所,福井市大丹生町５１番１９号,36.074865683333336,136.02506284166665,150,
3024,公設消火栓,国見分遣所,福井市大丹生町５１番２２号,36.07424574166667,136.02541886111112,150,
3025,公設消火栓,国見分遣所,福井市大丹生町５１番２８号,36.074004769444436,136.02589084722226,100,
3026,公設消火栓,国見分遣所,福井市大丹生町４８番１０号,36.073629822222216,136.02683780833334,100,
3027,公設消火栓,国見分遣所,福井市大丹生町５３番３０号,36.073151866666656,136.02714381944446,100,
3028,公設消火栓,国見分遣所,福井市大丹生町３番１５号,36.07205993611112,136.026623925,100,
3029,公設消火栓,国見分遣所,福井市大丹生町２番３号,36.072651900000004,136.02701885833335,100,
3030,公設消火栓,国見分遣所,福井市大丹生町１番３号,36.07157695277778,136.02568301944444,100,
3031,公設消火栓,国見分遣所,福井市大丹生町４８番５号,36.07330983333333,136.0262718666667,150,
3032,公設消火栓,社分署,福井市種池１丁目２００３番,36.03614714166667,136.18776078055555,100,
3033,公設消火栓,社分署,福井市種池１丁目２１０番,36.03638022222221,136.19134343055555,100,
3034,公設消火栓,社分署,福井市種池１丁目３０１番,36.03613627222223,136.19201337777776,100,
3035,公設消火栓,社分署,福井市種池１丁目１６１０番,36.036489163888895,136.18983057222218,100,
3036,公設消火栓,社分署,福井市種池２丁目９２１番,36.03901579444444,136.18747471944442,100,
3037,公設消火栓,社分署,福井市種池２丁目９１０番,36.03794392222222,136.18756674444444,100,
3038,公設消火栓,社分署,福井市種池２丁目４０１番,36.03748005,136.18999152222221,100,
3039,公設消火栓,社分署,福井市種池１丁目８０７番,36.03467243611111,136.19154648055556,100,
3040,公設消火栓,社分署,福井市種池２丁目６１１番,36.03822193055556,136.18899159444445,100,
3041,公設消火栓,社分署,福井市種池２丁目６０７番,36.03766099722222,136.18894961666666,100,
3042,公設消火栓,社分署,福井市種池２丁目３０４番　,36.03729710277778,136.19104642500002,150,
3043,公設消火栓,社分署,福井市種池１丁目１００３番,36.03476637777777,136.19004161944446,100,
3044,公設消火栓,社分署,福井市種池１丁目１１０５番,36.03517730833334,136.1894136611111,100,
3045,公設消火栓,社分署,福井市種池１丁目６２３番,36.03563031111111,136.19126046944442,100,
3046,公設消火栓,社分署,福井市種池１丁目１３０１番,36.03616923888888,136.19103246944445,100,
3047,公設消火栓,社分署,福井市種池１丁目１２０６番,36.03509435833333,136.19068554444445,100,
3048,公設消火栓,清水分署,福井市田尻栃谷町３８番３６号１１５,36.03598067222223,136.16546020277775,75,
3049,公設消火栓,清水分署,福井市田尻栃谷町３８番３６号１３６,36.03565571388889,136.1654962055556,75,
3050,公設防火水槽,足羽分遣所,福井市栃泉町１番６１号,36.0151550638889,136.27241378888888,,
3051,公設消火栓,南消防署,福井市馬垣町１番７０２号,36.04674905000001,136.23459207500002,150,
3052,公設消火栓,南消防署,福井市馬垣町１番２１３号,36.04736400000001,136.23574996944447,150,
3053,公設消火栓,南消防署,福井市羽水２丁目１０１番,36.040747655555556,136.22689385833334,200,
3054,公設消火栓,東分署,福井市開発３丁目２５１２番,36.08174649166666,136.24434464722225,150,
3055,公設消火栓,東分署,福井市開発１丁目１７０８番,36.07782386944445,136.2431727833333,100,
3056,公設消火栓,清水分署,福井市小羽町１２番１３号,36.03281101666667,136.14172700000003,100,
3057,公設消火栓,清水分署,福井市小羽町２番２２号,36.029952383333324,136.14003626666667,75,
3058,公設消火栓,清水分署,福井市小羽町１番５１号,36.02915548611111,136.13982731111108,100,
3059,公設消火栓,清水分署,福井市小羽町２番１４号,36.029505444444446,136.14069720000003,250,
3060,公設消火栓,清水分署,福井市小羽町１６番２０号,36.02874454444444,136.1403382611111,100,
3061,公設消火栓,清水分署,福井市小羽町１番１０号,36.030583297222215,136.1397022888889,250,
3062,公設防火水槽,清水分署,福井市小羽町１２番１２号,36.032923,136.14115206388885,,
3063,公設防火水槽,清水分署,福井市小羽町３番２号,36.029539430555545,136.1390773888889,,
3064,公設防火水槽,美山分署,福井市折立町４番１５号,35.94655154722222,136.3531181138889,,
3065,公設防火水槽,美山分署,福井市折立町１１番１４号,35.94749840555556,136.35205119166665,,
3066,公設防火水槽,美山分署,福井市折立町２９番１号,35.948826305555556,136.35266209999997,,
3067,受水槽,美山分署,福井市折立町４１番１号,35.952895183333325,136.3578285361111,,
3068,公設消火栓,東分署,福井市開発１丁目１００８番,36.07694685833333,136.24134486666668,100,
3069,公設消火栓,中消防署,福井市高木中央２丁目１８０３番,36.093586688888884,136.23680601944443,100,
3070,公設消火栓,中消防署,福井市高木中央２丁目３７０１番８２号,36.09072000555555,136.23664200555552,100,
3071,公設消火栓,東消防署,福井市日之出１丁目３番,36.06297576388889,136.22478710833335,150,
3072,公設消火栓,北分署,福井市栗森２丁目２５０７番,36.11770287777777,136.23886100833337,100,
3073,河川,川西分署,福井市西荒井町,36.09866628055556,136.1240992583333,,
3074,河川,川西分署,福井市西荒井町,36.09973813611112,136.12489017222225,,
3075,公設消火栓,南消防署,福井市西板垣町１０１番,36.05215422222223,136.22828821111108,100,
3076,公設消火栓,南消防署,福井市西板垣町６０１番,36.05290112222222,136.22805219166668,100,
3077,公設防火水槽,南消防署,福井市西板垣町６０１番,36.052582166666674,136.22815419999998,,
3078,公設防火水槽,美山分署,福井市西市布町７番２７号,35.963192486111105,136.39421585277776,,
3079,公設消火栓,麻生津分遣所,福井市西大味町５番３５号,35.99025610555555,136.25480414166665,150,
3080,公設消火栓,西分署,福井市文京６丁目１０番１号,36.074537544444446,136.19953616666666,100,
3081,私設防火水槽,中消防署,福井市新田塚１丁目６０番１号,36.09375154166667,136.20816760555556,,
3082,私設防火水槽,中消防署,福井市新田塚１丁目６０番１号,36.09334551944444,136.2057769555556,,
3083,私設防火水槽,中消防署,福井市新田塚１丁目６０番１号,36.09396248333334,136.20655984444446,,
3084,河川,中消防署,福井市新田塚１丁目６０番１号,36.09546838888889,136.2083266138889,,
3085,公設消火栓,中消防署,福井市新田塚町１１０１番２号,36.08912120277778,136.21543616666665,150,
3086,公設消火栓,国見分遣所,福井市大丹生町２番１５号,36.07185993333333,136.02589698611112,100,
3087,公設消火栓,国見分遣所,福井市大丹生町７番９号,36.07269093055556,136.0283847666667,100,
3088,公設消火栓,国見分遣所,福井市大丹生町７０番１号,36.076148597222215,136.02550773055557,150,
3089,公設消火栓,中消防署,福井市大宮３丁目１４番１９号,36.08135291388889,136.21018392777776,100,
3090,公設消火栓,中消防署,福井市大宮３丁目１０番７号,36.08108911111112,136.2150191083333,100,
3091,公設消火栓,中消防署,福井市大宮１丁目９番６号,36.08230930277777,136.22411275000002,100,
3092,公設消火栓,中消防署,福井市大宮１丁目３番１６号,36.08089540555556,136.22271289166665,100,
3093,公設消火栓,中消防署,福井市大宮２丁目１７番２３号,36.08268610000001,136.22062411666667,100,
3094,公設消火栓,中消防署,福井市大宮４丁目１０番２０号,36.08143587222222,136.20915410277777,200,
3095,公設消火栓,中消防署,福井市大宮４丁目８番２１号,36.08167481944445,136.2083452472222,100,
3096,公設消火栓,中消防署,福井市大宮４丁目１１番１号,36.08175583055555,136.20903113611115,100,
3097,公設消火栓,中消防署,福井市大宮３丁目１５番２５号,36.08163091666667,136.2112477527778,100,
3098,公設消火栓,中消防署,福井市大宮３丁目１７番４号,36.081430977777785,136.21230856944445,100,
3099,公設消火栓,中消防署,福井市大宮３丁目１９番,36.081650002777785,136.21391929722222,100,
3100,公設消火栓,中消防署,福井市大宮３丁目２０番２号,36.08153604444445,136.21473915555552,100,
3101,公設消火栓,中消防署,福井市大宮２丁目２８番２号,36.08249699722222,136.2168187916667,100,
3102,公設消火栓,中消防署,福井市大宮３丁目５番７号,36.08007807500001,136.2104368472222,100,
3103,公設消火栓,中消防署,福井市大宮２丁目１０番２０号,36.082050030555564,136.2161549111111,100,
3104,公設消火栓,中消防署,福井市大宮２丁目９番２号,36.08115016388889,136.21680780833336,100,
3105,公設防火水槽,足羽分遣所,福井市栃泉町７７番５号,36.00482261666666,136.27612548888888,,
3106,私設防火水槽,足羽分遣所,福井市栃泉町８５番２３号,36.003889722222226,136.2755525527778,,
3107,プール,足羽分遣所,福井市栃泉町８９番１５号,36.01365525555556,136.2715839111111,,
3108,公設消火栓,西分署,福井市豊岡１丁目１０３番,36.068010361111114,136.19396833055555,100,
3109,公設消火栓,西分署,福井市豊岡１丁目１５番７号,36.06998110000001,136.1907437722222,150,
3110,公設消火栓,西分署,福井市豊岡１丁目１０番１６号,36.069323186111106,136.19187861944445,150,
3111,公設消火栓,西分署,福井市豊岡１丁目４番１６号,36.068221327777785,136.1928884527778,150,
3112,公設消火栓,西分署,福井市豊岡１丁目９番３４号,36.06823532222222,136.1915935888889,100,
3113,公設消火栓,西分署,福井市豊岡１丁目９番３４号,36.06915120277779,136.19083571666664,100,
3114,公設消火栓,西分署,福井市豊岡１丁目５番,36.068760261111116,136.19300547222224,100,
3115,公設消火栓,西分署,福井市豊岡２丁目１番５号,36.07057602777778,136.1918127027778,150,
3116,公設消火栓,西分署,福井市豊岡２丁目１番６号,36.070660016666665,136.1907498111111,150,
3117,公設消火栓,西分署,福井市豊岡１丁目１２番２６号,36.06969014166667,136.19238558888887,100,
3118,公設消火栓,西分署,福井市豊岡２丁目５番１７号,36.07163689722223,136.18877205833334,100,
3119,公設消火栓,足羽分遣所,福井市栃泉町３１番５２号,36.00953287777777,136.2729808055556,150,
3120,公設消火栓,足羽分遣所,福井市栃泉町６５番１８号,36.00879697222222,136.27285282222223,150,
3121,公設消火栓,足羽分遣所,福井市栃泉町６４番２９号,36.00732015833333,136.27248386666665,150,
3122,公設消火栓,足羽分遣所,福井市栃泉町７２番６号,36.00674726388889,136.27330877777777,150,
3123,公設消火栓,足羽分遣所,福井市栃泉町１４番１７号,36.0060034,136.27432767222223,150,
3124,公設消火栓,東分署,福井市開発３丁目１５２９番,36.0797905888889,136.2421917916667,100,
3125,公設消火栓,東分署,福井市開発３丁目２４０５番５号,36.08100453055556,136.24355570277774,100,
3126,公設消火栓,東分署,福井市開発２丁目１１０５番,36.078965608333334,136.24090886388885,100,
3127,公設消火栓,東分署,福井市開発３丁目６１２番,36.08031844444445,136.24073684722225,100,
3128,公設消火栓,東分署,福井市開発５丁目６０１番,36.086089672222215,136.23890284722225,100,
3129,公設消火栓,東分署,福井市開発２丁目１０７番１号,36.07727063055556,136.23791701388888,100,
3130,公設消火栓,東分署,福井市開発１丁目２１０番,36.07614076944445,136.23812101388887,100,
3131,公設消火栓,南消防署,福井市大島町山崎５１１－１,36.03047352777778,136.20734246111112,100,
3132,公設消火栓,南消防署,福井市大島町山崎８１３番地,36.03036758611111,136.20850638611114,100,
3133,公設消火栓,南消防署,福井市大島町１５番１号１０,36.028590722222226,136.2059176472222,200,
3134,公設消火栓,南消防署,福井市大島町１６番５４号１,36.02842670277778,136.20490672500003,200,
3135,公設消火栓,南消防署,福井市大島町１６－４０,36.028403672222225,136.20414077777778,200,
3136,公設消火栓,南消防署,福井市大島町１６－４３,36.028809638888895,136.2046067277778,100,
3137,公設消火栓,南消防署,福井市大島町４０２番,36.032645172222225,136.20560447499997,100,
3138,公設消火栓,南消防署,福井市下荒井町９番１０２号,36.027925724999996,136.20387281944446,200,
3139,公設消火栓,南消防署,福井市大島町,36.02927366666667,136.20681255555556,200,
3140,公設消火栓,南消防署,福井市大島町,36.03045644444444,136.2051766111111,100,
3141,公設消火栓,南消防署,福井市大島町３１５番,36.029948633333326,136.20826242222225,200,
3142,公設消火栓,南消防署,福井市大島町１１番５号,36.02970853611111,136.20496166111113,150,
3143,公設消火栓,中消防署,福井市新田塚町２０２番,36.087963280555556,136.2142393388889,150,
3144,公設消火栓,中消防署,福井市新田塚町９０１番,36.089008183333334,136.21441135555557,100,
3145,公設消火栓,北分署,福井市栗森２丁目３０２６番,36.11755105,136.24210760833333,100,
3146,公設消火栓,社分署,福井市東下野町１２番３２号,36.06649638333334,136.17031584444442,100,
3147,公設消火栓,社分署,福井市東下野町１１番１９号,36.065615513888886,136.1726485416667,150,
3148,公設消火栓,社分署,福井市東下野町地係,36.064971591666676,136.17409036666666,150,
3149,公設防火水槽,社分署,福井市東下野町１１番２０号,36.065735494444446,136.17200961666666,,
3150,公設防火水槽,社分署,福井市東下野町１６番３２号,36.067390325,136.172643575,,
3151,私設防火水槽,社分署,福井市東下野町１３番１０号,36.06942609444445,136.17135776666666,,
3152,私設消火栓,足羽分遣所,福井市東新町１４番１６号,35.98886683055555,136.2907985222222,75,
3153,私設消火栓,足羽分遣所,福井市東新町１２番３３号,35.98836688055555,136.29094247777778,75,
3154,公設消火栓,麻生津分遣所,福井市東大味町３８番１８号,35.988279419444446,136.26537617222226,100,
3155,公設消火栓,麻生津分遣所,福井市東大味町３８番３０号,35.987813477777784,136.26570113055556,75,
3156,公設消火栓,麻生津分遣所,福井市東大味町３７番２５号,35.989027333333325,136.26592714722224,75,
3157,公設消火栓,麻生津分遣所,福井市東大味町３５番３９号,35.990434166666674,136.2663511527778,100,
3158,公設消火栓,麻生津分遣所,福井市東大味町３５番３号,35.990792113888894,136.2649882833333,100,
3159,公設消火栓,麻生津分遣所,福井市東大味町３４番２号,35.99128904444445,136.2637594055556,75,
3160,公設消火栓,中消防署,福井市大宮２丁目１５番１０号,36.081281266666664,136.2203272138889,100,
3161,公設消火栓,中消防署,福井市大宮２丁目３番８号,36.08088632222223,136.2205571888889,100,
3162,公設消火栓,中消防署,福井市大宮２丁目６番６号,36.08033126944445,136.21696379166664,100,
3163,公設消火栓,中消防署,福井市大宮１丁目１番１号,36.08078955555556,136.22536772499998,100,
3164,公設消火栓,西分署,福井市大宮５丁目６番３６号,36.080955769444444,136.20333004444444,100,
3165,公設消火栓,中消防署,福井市大宮１丁目３８番３号,36.08071151111112,136.22428779722225,100,
3166,公設消火栓,中消防署,福井市大宮３丁目２５番１０号,36.08163385833334,136.2095290472222,100,
3167,公設消火栓,中消防署,福井市大宮２丁目８番５号,36.080384222222214,136.21576898611113,150,
3168,公設消火栓,中消防署,福井市大宮２丁目２８番１０号,36.082755922222226,136.21553901666667,150,
3169,公設消火栓,中消防署,福井市大宮２丁目２７番３４号,36.082425050000005,136.21813556111113,100,
3170,公設消火栓,中消防署,福井市大宮２丁目１８番２５号,36.08256713888889,136.22141498055555,150,
3171,公設消火栓,中消防署,福井市大宮３丁目３０番２９号,36.082424902777774,136.21375333055556,100,
3172,公設消火栓,中消防署,福井市大宮３丁目２３番１９号,36.08210888333334,136.2120146305556,100,
3173,公設消火栓,中消防署,福井市大宮２丁目１０番１２号,36.08168405833334,136.21567199722224,150,
3174,公設消火栓,中消防署,福井市大宮３丁目１１番６号,36.08103406111112,136.21339438055557,100,
3175,公設消火栓,中消防署,福井市大宮３丁目１２番８号,36.08097801666666,136.21186163611108,100,
3176,公設消火栓,中消防署,福井市大宮３丁目５番３８号,36.08129695833334,136.21126474166664,100,
3177,公設消火栓,中消防署,福井市大宮３丁目２４番７号,36.08176986944444,136.21035091111114,100,
3178,公設消火栓,中消防署,福井市大宮４丁目４番１３号,36.080635916666665,136.20722638888887,100,
3179,公設消火栓,清水分署,福井市竹生町２１番１９号,36.044970541666665,136.15332254722222,75,
3180,公設消火栓,清水分署,福井市竹生町２１番３３号,36.04556746944444,136.15293159722222,100,
3181,公設消火栓,清水分署,福井市竹生町２１番５号,36.04576745,136.1535065333333,100,
3182,公設消火栓,清水分署,福井市竹生町１９番１０号,36.04619839722223,136.1532115722222,150,
3183,公設消火栓,清水分署,福井市竹生町２４番１１号,36.04675633333334,136.15324257499998,150,
3184,公設消火栓,清水分署,福井市竹生町２４番１０号,36.04753124722223,136.15355054722218,150,
3185,公設消火栓,清水分署,福井市竹生町２４番５号,36.04845314166667,136.1538955166667,75,
3186,公設消火栓,清水分署,福井市竹生町３４番１８号,36.04817317777778,136.15417548333335,150,
3187,公設消火栓,清水分署,福井市竹生町３４番８号,36.04839516111111,136.15525636111107,150,
3188,公設消火栓,清水分署,福井市竹生町３４番４号,36.04893410555556,136.1559672861111,150,
3189,公設消火栓,中消防署,福井市高柳２丁目１２０４番,36.099246525000005,136.2458363194444,100,
3190,公設消火栓,中消防署,福井市高柳２丁目１２０４番,36.099355547222224,136.24646926388888,100,
3191,公設消火栓,中消防署,福井市灯明寺２丁目１００５番,36.093920608333335,136.21125112222222,100,
3192,公設消火栓,中消防署,福井市灯明寺２丁目１０１３番,36.09351266666666,136.2118340083333,150,
3193,公設消火栓,中消防署,福井市灯明寺２丁目７０２番,36.093125658333335,136.21033625,150,
3194,公設消火栓,中消防署,福井市灯明寺２丁目７２５番,36.09316866388889,136.21058720833332,100,
3195,公設消火栓,中消防署,福井市灯明寺２丁目８０６番,36.09315967222223,136.21089015555555,150,
3196,公設消火栓,中消防署,福井市灯明寺２丁目１００１番,36.09322968333334,136.2114620611111,100,
3197,公設消火栓,中消防署,福井市灯明寺２丁目３１１番,36.09321870277778,136.21212894722225,150,
3198,公設消火栓,東消防署,福井市和田中１丁目１５１８番,36.046908200000004,136.2433095222222,100,
3199,公設消火栓,東消防署,福井市和田中１丁目１６０５番,36.046277241666665,136.24178164722224,150,
3200,公設消火栓,東消防署,福井市和田中１丁目１７０８番,36.045355361111106,136.24258164166667,200,
3201,公設消火栓,東消防署,福井市和田中１丁目１７１３番,36.04432748888889,136.24297867222222,100,
3202,公設消火栓,東消防署,福井市和田中３丁目２２１７,36.04712533055556,136.251051,100,
3203,公設消火栓,東消防署,福井市和田中２丁目２６１１番,36.045294455555556,136.24757032222223,200,
3204,公設消火栓,東消防署,福井市和田中２丁目３１９番,36.04942499166667,136.2466672,200,
3205,公設消火栓,東消防署,福井市和田中２丁目１１７番,36.048847075000005,136.24753116944441,100,
3206,公設消火栓,北分署,福井市山室町３８番１６号,36.11826734444445,136.18253184722218,150,
3207,公設消火栓,北分署,福井市山室町１０番１２号,36.119687363888886,136.19286079999998,100,
3208,公設消火栓,北分署,福井市山室町５３番２号,36.11908128888889,136.18455361944442,200,
3209,公設消火栓,北分署,福井市山室町３７番１４号,36.1179814111111,136.1834507527778,200,
3210,公設消火栓,北分署,福井市山室町３７番１３号,36.11713753333333,136.1837087361111,200,
3211,公設消火栓,北分署,福井市山室町１０番１２号,36.11839853888888,136.19330279166667,200,
3212,公設消火栓,北分署,福井市山室町２１番１号,36.11875443055555,136.18977512222224,200,
3213,公設消火栓,北分署,福井市山室町４４番２５号,36.119001330555555,136.1861834611111,200,
3214,公設消火栓,北分署,福井市山室町４７番１０号,36.124594522222225,136.18312561666664,100,
3215,公設消火栓,北分署,福井市山室町,36.12355063055556,136.18223374722223,150,
3216,公設消火栓,北分署,福井市山室町３５番２９号,36.12054803333333,136.1825618027778,150,
3217,公設消火栓,東消防署,福井市問屋町１丁目１４０番,36.057204324999994,136.2510396333333,100,
3218,公設消火栓,東消防署,福井市問屋町１丁目２１７番,36.05698839722222,136.25247555277775,100,
3219,公設消火栓,東消防署,福井市問屋町２丁目１０５番,36.056682466666665,136.2536884861111,200,
3220,公設消火栓,東消防署,福井市問屋町１丁目１２３番,36.05773227777778,136.25111661388888,200,
3221,公設消火栓,東消防署,福井市問屋町１丁目２４３,36.05747335555556,136.25259553055557,100,
3222,公設消火栓,東消防署,福井市問屋町１丁目２番,36.05540746944444,136.25010275000002,100,
3223,公設消火栓,東消防署,福井市問屋町２丁目１１４番１号,36.05655449722222,136.25427245277777,100,
3224,公設消火栓,東消防署,福井市問屋町３丁目１０１番,36.053443686111116,136.25095875833333,150,
3225,河川,東消防署,福井市殿下町４７番９号,36.059438561111115,136.2625908166667,,
3226,河川,東消防署,福井市殿下町５０番１３号,36.05932963888888,136.26416270555552,,
3227,河川,東消防署,福井市殿下町,36.05978563611111,136.26496263055557,,
3228,公設消火栓,南消防署,福井市天王町７番１９号,36.0276546138889,136.23652210555557,150,
3229,公設消火栓,中消防署,福井市高柳３丁目１９０７番,36.094473875,136.2417946527778,100,
3230,公設消火栓,中消防署,福井市高柳３丁目１７２２番,36.095266780555555,136.24176165833333,100,
3231,公設消火栓,中消防署,福井市高柳１丁目６０９番,36.09235005555555,136.24066373888888,250,
3232,公設消火栓,中消防署,福井市高木中央３丁目２０１８番,36.093266944444444,136.24060274444443,100,
3233,公設消火栓,中消防署,福井市高柳３丁目１５０５番,36.09414684722223,136.24067273888886,100,
3234,公設消火栓,中消防署,福井市高柳３丁目２２０１番,36.09326395277778,136.24070273611113,250,
3235,公設消火栓,中消防署,福井市高柳３丁目１５０２番,36.094133855555555,136.24077573055555,250,
3236,私設防火水槽,東消防署,福井市大畑町９７番２１号,36.048273233333326,136.2823037083333,,
3237,プール,東消防署,福井市大畑町９７番２１号,36.04838726666667,136.28346160555557,,
3238,公設消火栓,清水分署,福井市小羽町６番１号,36.03258901388889,136.1365696,100,
3239,公設消火栓,清水分署,福井市小羽町２７番１号,36.032519022222225,136.13641161944446,150,
3240,公設消火栓,清水分署,福井市小羽町２７番１０号,36.031539155555556,136.13721655277774,150,
3241,公設消火栓,清水分署,福井市小羽町,36.03167113888889,136.13733353611113,250,
3242,公設消火栓,清水分署,福井市小羽町５番２４号,36.03137218333333,136.13788848055552,250,
3243,公設消火栓,清水分署,福井市小羽町２番４９号,36.031197211111106,136.13897735833334,250,
3244,公設消火栓,清水分署,福井市小羽町２番４４号,36.030751272222226,136.13914334999998,100,
3245,公設消火栓,清水分署,福井市小羽町３番１３号,36.030067358333326,136.13888739722225,100,
3246,公設消火栓,清水分署,福井市小羽町１２番１０号,36.03294399444444,136.1406471222222,100,
3247,公設消火栓,中消防署,福井市大宮１丁目１１番１号,36.08261436666666,136.226037625,200,
3248,公設消火栓,中消防署,福井市大宮３丁目４番１号,36.08050010555555,136.2127534805556,150,
3249,公設消火栓,西分署,福井市大宮６丁目８番２１号,36.07991084444445,136.2008913638889,100,
3250,公設消火栓,中消防署,福井市大宮２丁目２３番,36.083675150000005,136.22444568055553,100,
3251,公設消火栓,西分署,福井市大宮６丁目１３番９号,36.08122757500001,136.19768300277775,100,
3252,公設消火栓,西分署,福井市大宮６丁目１５番３２号,36.08189253333334,136.19952375555553,100,
3253,公設消火栓,西分署,福井市大宮５丁目８番３５号,36.08083386666667,136.20626555555558,100,
3254,公設消火栓,西分署,福井市大宮５丁目１４番３１号,36.08230263333333,136.2046959027778,100,
3255,公設消火栓,中消防署,福井市灯明寺２丁目１１０３番,36.09329871944445,136.21289181944442,100,
3256,公設消火栓,中消防署,福井市灯明寺２丁目１０５番,36.093276736111115,136.2133917333333,150,
3257,公設消火栓,中消防署,福井市灯明寺２丁目４０８番,36.09272071666666,136.2109311361111,100,
3258,公設消火栓,中消防署,福井市灯明寺２丁目３０８番,36.09278274722223,136.21211693333333,150,
3259,公設消火栓,中消防署,福井市灯明寺１丁目２２０３番,36.09249580833333,136.21321973055555,100,
3260,公設消火栓,中消防署,福井市灯明寺１丁目１７１３番,36.091576833333335,136.21110406666665,100,
3261,公設消火栓,中消防署,福井市灯明寺１丁目１４２０番,36.09083786666667,136.2098872611111,100,
3262,公設消火栓,中消防署,福井市灯明寺１丁目１５１０番,36.090221930555565,136.20995223055556,150,
3263,公設消火栓,中消防署,福井市灯明寺１丁目１１０１番,36.08959898611112,136.20984123333332,100,
3264,公設防火水槽,川西分署,福井市燈豊町ネオポリス本郷内,36.123210238888895,136.13913665555555,,
3265,私設防火水槽,川西分署,福井市燈豊町４２番５３号,36.11862173055556,136.12573796388887,,
3266,公設消火栓,南消防署,福井市つくも１丁目１番２８号,36.06111263611111,136.21286715277773,100,
3267,公設消火栓,南消防署,福井市つくも１丁目２番１４号,36.061352572222226,136.21172025277778,100,
3268,公設消火栓,南消防署,福井市つくも２丁目１番１号,36.06250239444444,136.21088634722219,100,
3269,公設消火栓,南消防署,福井市つくも２丁目７番５号,36.06219439166666,136.20942846944445,100,
3270,公設消火栓,南消防署,福井市つくも２丁目９番６号,36.06256935555556,136.20994743333333,100,
3271,公設消火栓,南消防署,福井市つくも２丁目１４番１８号,36.06241334166667,136.2083285805556,100,
3272,公設消火栓,清水分署,福井市山内町１番９号,36.016967791666666,136.11758626666665,150,
3273,公設消火栓,清水分署,福井市山内町３番４号,36.015745925000004,136.11650043055556,150,
3274,公設消火栓,清水分署,福井市山内町２番７号,36.01473503333334,136.11546957777782,150,
3275,公設消火栓,清水分署,福井市山内町９番１８号,36.01368516944444,136.1160725527778,100,
3276,公設消火栓,清水分署,福井市山内町８番９号,36.014350066666665,136.1145266916667,150,
3277,公設消火栓,清水分署,福井市山内町８番１７号,36.01370914722222,136.11470069722222,150,
3278,公設消火栓,清水分署,福井市山内町８番３１号,36.01314321388888,136.114637725,150,
3279,公設消火栓,清水分署,福井市山内町１０番２号,36.01270426111112,136.11423678055553,150,
3280,公設消火栓,清水分署,福井市山内町１９番５号,36.01171037222222,136.11352789166668,100,
3281,公設消火栓,清水分署,福井市山内町１８番１４号,36.01141343333333,136.1153807111111,100,
3282,公設消火栓,社分署,福井市門前１丁目８０７,36.04894285555555,136.1980172472222,100,
3283,公設消火栓,社分署,福井市門前１丁目１６１９番,36.04707905277778,136.19638146944447,200,
3284,公設消火栓,社分署,福井市門前２丁目９０１番,36.047237974999994,136.19402374166665,100,
3285,公設消火栓,社分署,福井市門前２丁目１００２番,36.04728798611111,136.19466766388885,100,
3286,公設消火栓,社分署,福井市門前１丁目１５０１番,36.048375936111114,136.1983152527778,100,
3287,公設消火栓,社分署,福井市門前１丁目１６０５番,36.04720706666666,136.1976623444444,200,
3288,公設消火栓,社分署,福井市門前１丁目１２０６番,36.04888781944445,136.196140425,100,
3289,公設消火栓,社分署,福井市門前１丁目３０２番,36.04915976666666,136.1953595111111,100,
3290,公設消火栓,社分署,福井市門前１丁目２１３番,36.050153625,136.19459856944442,100,
3291,公設防火水槽,中消防署,福井市高柳町１０番２０号,36.096713388888894,136.23793696944446,,
3292,河川,中消防署,福井市高柳３丁目４１８,36.09518051111112,136.2368950305556,,
3293,公設消火栓,清水分署,福井市滝波町３２番３号,36.02262289722222,136.1052513888889,150,
3294,公設消火栓,清水分署,福井市滝波町３１番１０号,36.02238393888889,136.1058123388889,150,
3295,公設消火栓,清水分署,福井市滝波町３２番１４号,36.02207800000001,136.10673725555554,150,
3296,公設消火栓,清水分署,福井市滝波町４２番１２号,36.021587072222225,136.10732020833336,75,
3297,公設消火栓,清水分署,福井市滝波町４３番１１号,36.021798061111106,136.1078901472222,150,
3298,公設消火栓,清水分署,福井市滝波町４３番１９号,36.021451133333336,136.109206025,150,
3299,公設消火栓,清水分署,福井市滝波町５０番２号,36.02113319166666,136.11052189166665,200,
3300,公設消火栓,中消防署,福井市高柳３丁目２５１７番,36.09485288888889,136.24280257777775,100,
3301,公設消火栓,中消防署,福井市高柳３丁目１１１１番,36.09557463333334,136.23986580555552,100,
3302,公設消火栓,中消防署,福井市灯明寺２丁目１９０１番,36.09495650833333,136.21123415833333,100,
3303,公設消火栓,中消防署,福井市灯明寺２丁目２１０９番,36.09354871944445,136.2137506861111,150,
3304,公設消火栓,中消防署,福井市灯明寺４丁目地係,36.09716530277779,136.21081728611108,100,
3305,公設消火栓,中消防署,福井市灯明寺４丁目１４０３番,36.09644835277778,136.21035934166665,100,
3306,公設消火栓,中消防署,福井市灯明寺４丁目５０２番,36.094746472222226,136.20926246944447,100,
3307,公設消火栓,中消防署,福井市灯明寺４丁目９０６番,36.09556239444444,136.20902951944444,100,
3308,公設防火水槽,西分署,福井市大宮６丁目１２番,36.08024673333333,136.19835779722223,,
3309,公設防火水槽,中消防署,福井市大宮４丁目４番,36.08036995277777,136.2073293611111,,
3310,公設防火水槽,中消防署,福井市大宮２丁目５番,36.08043631666666,136.21870250555557,,
3311,公設防火水槽,中消防署,福井市大宮３丁目１９番,36.08155602222223,136.2141112638889,,
3312,私設防火水槽,中消防署,福井市大宮２丁目１９番１５号,36.08346705833333,136.2222958111111,,
3313,公設防火水槽,美山分署,福井市大宮町２５－２５,36.00042723055555,136.41005486944445,,
3314,公設防火水槽,美山分署,福井市大宮町２９番３２号,36.001405111111104,136.40871598611113,,
3315,公設防火水槽,美山分署,福井市大宮町９番１８号,36.001044147222224,136.41220161388887,,
3316,河川,美山分署,福井市大宮町,36.000983158333334,136.40776610555554,,
3317,プール,美山分署,福井市大宮町１４－１２,35.99938033333333,136.41556827222223,,
3318,公設消火栓,麻生津分遣所,福井市大村町２３番１号,35.996769144444436,136.24593095,150,
3319,公設消火栓,麻生津分遣所,福井市大村町２５番１３号,35.996561144444435,136.24405906666667,150,
3320,公設消火栓,社分署,福井市運動公園２丁目１００２番,36.048148519444446,136.1779226638889,100,
3321,公設消火栓,社分署,福井市運動公園１丁目２２０４番,36.05148417222222,136.1798364277778,100,
3322,公設消火栓,社分署,福井市運動公園１丁目９０８番,36.05418385,136.17902254999996,100,
3323,公設消火栓,社分署,福井市運動公園１丁目３２００,36.050834211111116,136.1778196777778,100,
3324,公設消火栓,社分署,福井市運動公園２丁目１３０１番,36.04791458055555,136.17970844722223,150,
3325,公設防火水槽,社分署,福井市運動公園１丁目４１０１番,36.04951438611111,136.17917851111113,,
3326,公設消火栓,社分署,福井市門前２丁目１２３番,36.050831527777774,136.1939096361111,200,
3327,公設消火栓,社分署,福井市門前２丁目１３０３番,36.048489825,136.19425666944448,150,
3328,公設消火栓,北分署,福井市河合寄安町１５０７番,36.12232888611111,136.25103443055556,100,
3329,公設消火栓,北分署,福井市東森田１丁目６１４番,36.11579564444444,136.24975472499997,100,
3330,公設消火栓,北分署,福井市東森田１丁目２１２６番,36.113909897222214,136.25002772777773,100,
3331,公設消火栓,北分署,福井市東森田３丁目１２４番,36.120499188888886,136.25246932222223,100,
3332,公設消火栓,北分署,福井市東森田３丁目１１３番,36.119513330555556,136.25279431388887,100,
3333,公設消火栓,北分署,福井市東森田３丁目３１０番,36.119230391666676,136.2532652638889,100,
3334,公設消火栓,北分署,福井市東森田１丁目２４１５番,36.112780038888886,136.24996775555553,100,
3335,公設消火栓,北分署,福井市東森田３丁目１９０１番,36.11672466944444,136.2525153972222,100,
3336,公設消火栓,北分署,福井市東森田１丁目１８０３番,36.11553880833333,136.25228044444444,100,
3337,公設消火栓,東消防署,福井市問屋町３丁目１１０７番,36.05186587777778,136.25221373611112,100,
3338,公設消火栓,東消防署,福井市問屋町３丁目２１０番,36.053140758333335,136.25245067222224,100,
3339,公設消火栓,東消防署,福井市問屋町３丁目３０４番,36.05349374166667,136.253038625,100,
3340,公設消火栓,東消防署,福井市問屋町３丁目,36.05247984166666,136.25311165555556,150,
3341,公設消火栓,東消防署,福井市問屋町３丁目４１０番,36.05324079166666,136.25389458055557,100,
3342,公設消火栓,東消防署,福井市問屋町３丁目４１０番,36.05283882777778,136.25380060000003,100,
3343,公設消火栓,東消防署,福井市問屋町４丁目,36.05218289444444,136.25393661388887,100,
3344,公設消火栓,東消防署,福井市問屋町３丁目１００５番,36.05176093333333,136.25381363888891,100,
3345,公設防火水槽,清水分署,福井市坪谷町４２番７号,36.008063147222224,136.13998814444446,,
3346,公設消火栓,川西分署,福井市剣大谷町１番１４号,36.126240700000004,136.16668546944442,200,
3347,公設消火栓,川西分署,福井市剣大谷町３番２６号,36.12376100555556,136.16648360833332,100,
3348,公設消火栓,川西分署,福井市剣大谷町５番２８号,36.124799836111116,136.1656856638889,100,
3349,公設消火栓,川西分署,福井市剣大谷町１番１４号,36.126952608333326,136.1666634388889,100,
3350,公設消火栓,川西分署,福井市剣大谷町３番１０号,36.12538587222222,136.16800533611115,200,
3351,公設消火栓,川西分署,福井市剣大谷町,36.12541383055556,136.1672084388889,200,
3352,公設消火栓,東消防署,福井市手寄２丁目１番１号,36.060809074999995,136.2258710638889,150,
3353,公設消火栓,東消防署,福井市手寄２丁目２番５号,36.06035019444444,136.22776292777775,250,
3354,公設消火栓,東消防署,福井市手寄２丁目４番１号,36.06015315277779,136.22574909722218,150,
3355,公設消火栓,東消防署,福井市手寄１丁目１３番１号,36.06039807500001,136.2243851972222,100,
3356,公設消火栓,東消防署,福井市手寄１丁目４番１号,36.06091196666667,136.22315428055558,100,
3357,公設消火栓,東消防署,福井市手寄１丁目１１番２５号,36.059375166666676,136.22324831944445,100,
3358,公設消火栓,西安居分遣所,福井市角折町１番２号,36.06982107500001,136.17445743333334,100,
3359,公設消火栓,西安居分遣所,福井市角折町１５番１１号,36.06892619722222,136.1811927027778,300,
3360,公設消火栓,南消防署,福井市月見５丁目７番１７号,36.04696520555556,136.20175108888893,100,
3361,公設消火栓,南消防署,福井市月見５丁目４番１４号,36.04768507777778,136.20035615,100,
3362,公設消火栓,南消防署,福井市月見４丁目１番１３号,36.04765425555555,136.20712271666665,100,
3363,公設消火栓,中消防署,福井市灯明寺３丁目２１８番,36.097259494444444,136.2184470694444,200,
3364,公設消火栓,中消防署,福井市灯明寺３丁目３４０７番,36.09699433055556,136.2113342,250,
3365,公設消火栓,中消防署,福井市灯明寺３丁目４７２５番,36.09736252222221,136.2198358527778,200,
3366,公設消火栓,中消防署,福井市灯明寺３丁目４７０７番,36.09742655555556,136.22139060555557,200,
3367,公設消火栓,中消防署,福井市灯明寺３丁目５０１番,36.09589862777777,136.2184280166667,300,
3368,公設消火栓,中消防署,灯明寺町５２－２８,36.093420877777774,136.2185898555556,300,
3369,公設消火栓,中消防署,福井市灯明寺３丁目２１１０番,36.09622047777778,136.2141477222222,100,
3370,公設消火栓,中消防署,福井市灯明寺４丁目９２５番,36.09623933888889,136.20912552222222,200,
3371,公設消火栓,中消防署,福井市灯明寺町２番７２号,36.09577425277777,136.203518275,150,
3372,公設消火栓,中消防署,福井市灯明寺町１番１号,36.096729163888895,136.20346028055556,150,
3373,公設消火栓,中消防署,福井市灯明寺１丁目１０１４番,36.08964900277778,136.21048811388889,100,
3374,公設消火栓,中消防署,福井市灯明寺１丁目７０３番,36.089423047222226,136.21126396388888,100,
3375,公設消火栓,中消防署,福井市灯明寺１丁目９１２番,36.09012897777779,136.21120999722226,100,
3376,公設消火栓,中消防署,福井市灯明寺１丁目１８０１番,36.09095589444444,136.21113703888886,100,
3377,公設消火栓,西安居分遣所,福井市角折町１番５７号１,36.0697430861111,136.17516535833335,100,
3378,公設消火栓,西安居分遣所,福井市角折町８番７号,36.066829425,136.17958980277777,150,
3379,公設防火水槽,西安居分遣所,福井市角折町１番３５号,36.06907915555555,136.1748203777778,,
3380,公設消火栓,麻生津分遣所,福井市角原町３０番２４号,35.99545183888889,136.21645592500002,100,
3381,公設消火栓,麻生津分遣所,福井市角原町３５番３３号,35.99491995277777,136.21754883055556,100,
3382,公設防火水槽,社分署,福井市運動公園１丁目１７０１番,36.05278701666666,136.1796284527778,,
3383,公設防火水槽,社分署,福井市運動公園３丁目５１６番,36.05461976666666,136.1768728277778,,
3384,公設防火水槽,社分署,福井市運動公園１丁目１８００番,36.052520047222224,136.17958945555554,,
3385,公設消火栓,川西分署,福井市江上町４１番５２号,36.12691581111112,136.17114388055555,100,
3386,公設消火栓,川西分署,福井市江上町４５番２５号,36.128260641666664,136.17136280555556,100,
3387,公設消火栓,川西分署,福井市江上町３８番１６号,36.12837765277777,136.17195772777777,100,
3388,公設消火栓,川西分署,福井市江上町３７番１１号,36.12893859166667,136.172137675,100,
3389,公設消火栓,川西分署,福井市江上町３７番１７号,36.128965625,136.17320955555556,100,
3390,公設消火栓,川西分署,福井市江上町３４番１１０号,36.12977455,136.17396242777778,100,
3391,公設消火栓,川西分署,福井市江上町４６番２３号,36.12950749166667,136.17143472500004,100,
3392,公設消火栓,川西分署,福井市江上町４７番１９号,36.12921845277778,136.16965395555553,100,
3393,公設消火栓,川西分署,福井市江上町４５番７号,36.128615566666674,136.17057988055555,100,
3394,公設消火栓,川西分署,福井市江上町４７番４５号,36.128096611111104,136.17017695833334,100,
3395,公設消火栓,川西分署,福井市江上町４７番３８号,36.12753565,136.1693300833333,100,
3396,公設消火栓,東分署,福井市開発１丁目１７１３番,36.07778783055556,136.2424508138889,100,
3397,公設消火栓,東分署,福井市開発２丁目１３０８番,36.07807383888889,136.24310878611112,250,
3398,公設消火栓,東分署,福井市開発１丁目１８０６番１号,36.078071852777775,136.24337777500003,100,
3399,公設消火栓,東分署,福井市開発２丁目１４１１番,36.078235863888885,136.24386675000002,250,
3400,公設消火栓,東分署,福井市開発３丁目３５１１番,36.07864690277777,136.24537767500001,250,
3401,公設消火栓,東消防署,福井市問屋町４丁目１２０５番,36.05150797777778,136.25458359722222,100,
3402,公設消火栓,東消防署,福井市問屋町４丁目１２０５番,36.05192694722222,136.25491956111108,100,
3403,公設消火栓,東消防署,福井市問屋町４丁目６１２番,36.05252688888889,136.2549115388889,150,
3404,公設消火栓,東消防署,福井市問屋町４丁目５０２番,36.0528938638889,136.2552865027778,100,
3405,公設消火栓,東消防署,福井市問屋町４丁目１０８番,36.05352179444445,136.25486151111113,100,
3406,公設消火栓,東消防署,福井市問屋町４丁目２０５番,36.0535298361111,136.25626642222224,100,
3407,公設消火栓,東消防署,福井市問屋町４丁目５０９番,36.052901905555565,136.25672541111112,100,
3408,公設消火栓,東消防署,福井市問屋町４丁目５０７番,36.05256092777778,136.25635844722223,150,
3409,公設消火栓,東消防署,福井市問屋町２丁目２０番,36.05413873888889,136.25493648611112,100,
3410,公設消火栓,東消防署,福井市問屋町１丁目５３番,36.05410470277778,136.2535945722222,100,
3411,公設消火栓,東消防署,福井市問屋町１丁目２１番,36.05407165555555,136.251963675,100,
3412,公設消火栓,東消防署,福井市問屋町１丁目１０番,36.05404060833334,136.25029178055553,100,
3413,公設消火栓,清水分署,福井市片粕町２２番２号１,36.04891712777778,136.15878096666665,150,
3414,公設消火栓,清水分署,福井市竹生町３２番４８号,36.04836417777778,136.15695916944443,200,
3415,公設消火栓,清水分署,福井市竹生町２１番９号,36.047645244444446,136.1550953722222,200,
3416,公設防火水槽,清水分署,福井市竹生町１９番９号,36.046417375000004,136.15336455555556,,
3417,公設防火水槽,清水分署,福井市竹生町４８番７号,36.049417052777784,136.15636724444443,,
3418,公設防火水槽,清水分署,福井市竹生町３４番９号,36.04833716666667,136.15508638055556,,
3419,公設防火水槽,清水分署,福井市竹生町２０番４号,36.045025527777774,136.15190670833334,,
3420,公設消火栓,南消防署,福井市月見４丁目８番,36.04636342222222,136.2070477611111,100,
3421,公設消火栓,南消防署,福井市月見４丁目４番１８号,36.047601155555554,136.2029199888889,100,
3422,公設消火栓,南消防署,福井市月見５丁目１１番１号,36.04567641111112,136.20328403333332,100,
3423,公設防火水槽,南消防署,福井市月見１丁目８番１６号,36.04585172777777,136.21623923055557,,
3424,公設防火水槽,南消防署,福井市月見３丁目９番１号,36.046049588888884,136.21180547777777,,
3425,公設防火水槽,南消防署,福井市月見２丁目１３番１号,36.04472684722222,136.21511433333333,,
3426,公設防火水槽,南消防署,福井市月見２丁目４番,36.04753246666667,136.21458026944447,,
3427,公設防火水槽,南消防署,福井市月見５丁目１１番,36.04495150833334,136.20343405,,
3428,公設防火水槽,南消防署,福井市月見４丁目８番,36.046615411111105,136.2078557027778,,
3429,私設防火水槽,南消防署,福井市月見２丁目４番１号,36.047093513888896,136.21417830833332,,
3430,私設防火水槽,南消防署,福井市月見２丁目４番１号,36.04665456666666,136.21397233333334,,
3431,私設防火水槽,南消防署,福井市月見２丁目４番１号,36.046799513888885,136.21270040277778,,
3432,私設防火水槽,南消防署,福井市月見５丁目４番,36.04594628333334,136.19971526111115,,
3433,私設防火水槽,南消防署,福井市月見１丁目９番,36.04559679444444,136.21743917222224,,
3434,私設防火水槽,南消防署,福井市月見２丁目４番地１,36.04795137222222,136.2130163472222,,
3435,公設消火栓,南消防署,福井市月見４丁目３番２９号,36.0481541111111,136.20401989999996,100,
3436,公設消火栓,南消防署,福井市月見５丁目２番７号,36.04727419166667,136.2026900166667,100,
3437,公設消火栓,足羽分遣所,福井市栂野町１０番５３号,36.03478475555556,136.2533894222222,150,
3438,公設消火栓,足羽分遣所,福井市栂野町９番１３号,36.036292533333324,136.25219840833336,100,
3439,公設消火栓,麻生津分遣所,福井市角原町３４番２２号,35.994520047222224,136.21864973333334,75,
3440,公設消火栓,麻生津分遣所,福井市角原町３２番４３号,35.99353213333334,136.2167769222222,100,
3441,公設消火栓,麻生津分遣所,福井市角原町地係,35.99229324722223,136.21463815833332,150,
3442,公設消火栓,麻生津分遣所,福井市角原町３０番２号,35.99601166666667,136.21360817777776,100,
3443,公設防火水槽,麻生津分遣所,福井市角原町３１番４９号,35.99454899166667,136.2170248861111,,
3444,公設防火水槽,麻生津分遣所,福井市角原町３４号４２番,35.99459603888888,136.21879071666666,,
3445,公設防火水槽,麻生津分遣所,福井市角原町３２番７２号,35.993246186111115,136.21712089444446,,
3446,公設防火水槽,麻生津分遣所,福井市角原町３２番８８号,35.99318214722222,136.21554105,,
3447,公設消火栓,清水分署,福井市坪谷町,36.009552980555554,136.14169085277774,150,
3448,公設消火栓,清水分署,福井市坪谷町４１番６号,36.00891701666667,136.138189325,100,
3449,公設消火栓,清水分署,福井市坪谷町４１番１７号,36.008717052777776,136.13902523055557,75,
3450,公設消火栓,清水分署,福井市坪谷町４３番１号,36.00833009722222,136.13868129444444,75,
3451,公設消火栓,清水分署,福井市坪谷町４０番３１号,36.00835510277778,136.13936420833338,100,
3452,公設消火栓,南消防署,福井市つくも２丁目１番１９号,36.06289432500001,136.21032540555558,100,
3453,公設消火栓,南消防署,福井市つくも１丁目５番２０号,36.06234141944445,136.21099733333335,100,
3454,公設消火栓,南消防署,福井市月見５丁目５番１２号,36.046829197222216,136.20077015555555,100,
3455,公設消火栓,南消防署,福井市月見１丁目１２番１号,36.04577472777778,136.21580525833332,100,
3456,公設消火栓,南消防署,福井市月見３丁目１１番１３号,36.045813519444444,136.20801971388892,100,
3457,公設消火栓,東分署,福井市開発１丁目２６０２番,36.07874391944445,136.2458506527778,150,
3458,公設消火栓,東分署,福井市開発３丁目３６０１番１号,36.07891591666667,136.2461226361111,100,
3459,公設消火栓,東分署,福井市開発４丁目４０４番,36.08368494166666,136.2387668888889,100,
3460,公設消火栓,東分署,福井市開発３丁目２２０４番,36.081721375,136.24230374722225,100,
3461,公設消火栓,東分署,福井市開発３丁目９１０番,36.08162633055556,136.24135079444443,100,
3462,公設消火栓,東分署,福井市開発１丁目２５０４番１号,36.07834396666666,136.24587266111112,100,
3463,公設消火栓,東分署,福井市開発３丁目２９０１番,36.07899875277778,136.24344175277776,100,
3464,公設消火栓,東分署,福井市開発２丁目１５０１番,36.07853580555555,136.24345876111113,100,
3465,公設消火栓,東分署,福井市開発２丁目９０８番,36.07823576666667,136.24217282222222,250,
3466,公設消火栓,東分署,福井市開発１丁目１１０３番,36.07713784166667,136.24138686388886,150,
3467,公設消火栓,東分署,福井市開発１丁目１２０３番,36.076065975,136.24171985555557,150,
3468,公設消火栓,東分署,福井市開発３丁目２３０８番,36.08163546666666,136.24372268055552,100,
3469,公設消火栓,東分署,福井市開発２丁目１２０６番,36.07897667222223,136.2420138138889,100,
3470,公設消火栓,東分署,福井市開発２丁目１５０９番,36.078779825,136.24425572222222,150,
3471,公設消火栓,中消防署,福井市大手２丁目８番１０号,36.06348860277778,136.2221543138889,100,
3472,公設消火栓,麻生津分遣所,福井市太田町１５番１４号,36.01140480833333,136.22994491666665,150,
3473,公設消火栓,麻生津分遣所,福井市太田町１６番１４号,36.01029398333333,136.23060289166668,100,
3474,公設消火栓,麻生津分遣所,福井市太田町２９番,36.008469286111115,136.23240080833332,100,
3475,公設消火栓,麻生津分遣所,福井市太田町１９番３１号,36.00841425555556,136.2306108972222,100,
3476,公設消火栓,麻生津分遣所,福井市田治島町９番２号,35.99932795555556,136.25947399444445,150,
3477,公設消火栓,麻生津分遣所,福井市田治島町７番１号,36.00169961388889,136.25760620000003,250,
3478,公設消火栓,麻生津分遣所,福井市田治島町１０番２号,36.001113680555555,136.25663625833332,100,
3479,公設消火栓,麻生津分遣所,福井市田治島町６番１０号,36.00052578333334,136.25867808888887,250,
3480,公設消火栓,麻生津分遣所,福井市田治島町７番１８号,36.00144966111111,136.2586711138889,250,
3481,公設消火栓,麻生津分遣所,福井市田治島町４番３４号,36.002293547222216,136.25866313888892,250,
3482,公設消火栓,麻生津分遣所,福井市田治島町地係,36.00174958055556,136.25569434444446,250,
3483,公設消火栓,麻生津分遣所,福井市田治島町１９番６号,36.00422528333333,136.25865818333332,250,
3484,公設防火水槽,麻生津分遣所,福井市田治島町７番６号,36.00216356666667,136.25873213055556,,
3485,公設防火水槽,美山分署,福井市田尻町７番１号　,36.01885952222222,136.32042737222224,,
3486,公設消火栓,清水分署,福井市田尻栃谷町１番２０号,36.03794052777778,136.17113455277777,150,
3487,公設消火栓,清水分署,福井市滝波町５０番７号,36.021724138888885,136.11185173055557,200,
3488,公設消火栓,清水分署,福井市滝波町５１番６号,36.0221191,136.11253064722223,200,
3489,公設消火栓,中消防署,福井市灯明寺町２番５１号,36.09618221666667,136.20355726944445,100,
3490,公設消火栓,中消防署,福井市灯明寺町１番１号２３,36.09672318333333,136.20419318333333,100,
3491,公設消火栓,中消防署,福井市新田塚１丁目８８番４０号,36.093702574999995,136.209387425,100,
3492,公設消火栓,中消防署,福井市灯明寺町５９番２７号４,36.09137521111111,136.22263405555555,100,
3493,公設消火栓,中消防署,福井市灯明寺町５９番１０号８,36.09095322500001,136.22204606944442,100,
3494,公設消火栓,足羽分遣所,福井市栂野町１０番９号,36.036431513888886,136.2530423166667,100,
3495,公設消火栓,足羽分遣所,福井市栂野町１番４２号,36.03589059166667,136.25133452499998,100,
3496,公設消火栓,足羽分遣所,福井市栂野町１２番７号,36.035473655555556,136.25374233055555,100,
3497,公設消火栓,足羽分遣所,福井市栂野町２番９号,36.035776608333336,136.249334725,100,
3498,公設消火栓,足羽分遣所,福井市栂野町２番３５号,36.035142699999994,136.25027068888892,100,
3499,公設消火栓,足羽分遣所,福井市栂野町２２番６号,36.03618155,136.25702595833334,150,
3500,公設消火栓,足羽分遣所,福井市栂野町９９９,36.03507071944445,136.25807795555556,150,
3501,公設消火栓,足羽分遣所,福井市栂野町２８番５号,36.03440682222222,136.25892293611108,150,
3502,公設消火栓,足羽分遣所,福井市栂野町２８番８４号,36.033422997222225,136.2601999222222,150,
3503,公設消火栓,足羽分遣所,福井市栂野町２８番５号,36.03397688611111,136.25789206944444,150,
3504,公設消火栓,足羽分遣所,福井市栂野町２８番８号,36.033249016666666,136.26001995,100,
3505,公設消火栓,足羽分遣所,福井市栂野町１６番５号,36.03688446666667,136.25520309444445,150,
3506,公設消火栓,足羽分遣所,福井市栂野町９番１７号,36.03698145277777,136.25226436666665,150,
3507,公設消火栓,中消防署,福井市灯明寺３丁目４６３５番,36.09759845277778,136.21814413055557,100,
3508,公設消火栓,中消防署,福井市灯明寺３丁目４１０４番,36.097498438888884,136.21717928055557,100,
3509,公設消火栓,中消防署,福井市灯明寺３丁目４１２０番,36.09785739166667,136.2167583611111,100,
3510,公設消火栓,中消防署,福井市灯明寺４丁目地係,36.097109294444444,136.2103343611111,100,
3511,公設消火栓,中消防署,福井市灯明寺３丁目３７１１番,36.097573333333344,136.21343388055556,150,
3512,公設消火栓,中消防署,福井市寺前町３番１７号,36.10153464444444,136.23458734444446,100,
3513,公設消火栓,南消防署,福井市月見４丁目１９番２２号,36.04590146111111,136.20629782499998,100,
3514,公設消火栓,南消防署,福井市月見４丁目１４番２号,36.04634934999999,136.20423394722224,100,
3515,公設消火栓,南消防署,福井市月見３丁目１０番,36.04568559166667,136.21010558611113,100,
3516,公設消火栓,南消防署,月見４丁目６－１８,36.047051269444445,136.20465589722224,100,
3517,公設消火栓,南消防署,福井市月見５丁目１番２４号,36.04802107222221,136.20179504444448,100,
3518,公設消火栓,南消防署,福井市月見３丁目,36.04808828055556,136.21019151111113,100,
3519,公設消火栓,南消防署,福井市月見５丁目１１番２８号,36.045076458333334,136.20219212777778,100,
3520,公設消火栓,南消防署,福井市月見１丁目１５番１号,36.04449990277779,136.2161332888889,100,
3521,公設消火栓,南消防署,福井市月見４丁目１７番２０号,36.04556845833334,136.2045449527778,100,
3522,公設消火栓,南消防署,福井市月見３丁目１４番４号,36.04501568055555,136.21013360277774,100,
3523,公設消火栓,南消防署,福井市月見１丁目２番６６号,36.04658562777777,136.21600021944445,100,
3524,公設消火栓,南消防署,福井市月見３丁目８番１９号,36.04617653888889,136.2105035472222,100,
3525,公設消火栓,南消防署,福井市月見５丁目８番１５号,36.046618263888895,136.20230906388892,100,
3526,公設消火栓,南消防署,福井市月見４丁目１２番１号,36.04703225555555,136.2040009388889,100,
3527,公設消火栓,南消防署,福井市月見４丁目１３番３号,36.046504325,136.20401695555555,100,
3528,公設消火栓,南消防署,福井市月見２丁目１２番７号,36.04419390277777,136.21460338888892,150,
3529,公設消火栓,南消防署,福井市月見１丁目２番１５号,36.047451494444445,136.21528323055554,200,
3530,公設消火栓,中消防署,福井市灯明寺３丁目１０４番,36.096709633333326,136.22149355833335,100,
3531,公設消火栓,中消防署,福井市灯明寺町地係,36.09886828888888,136.2164504472222,100,
3532,公設消火栓,麻生津分遣所,福井市太田町１６番２６号,36.00980304722221,136.23030090555554,150,
3533,公設消火栓,麻生津分遣所,福井市太田町３９番２号,36.009439166666674,136.23333676388887,150,
3534,公設消火栓,麻生津分遣所,福井市太田町３０番１１号,36.009482122222224,136.23159684722222,150,
3535,公設消火栓,麻生津分遣所,福井市太田町４７番１３号３,36.00928226944444,136.23797455277779,150,
3536,公設消火栓,麻生津分遣所,福井市太田町１０番２号,36.01040388055555,136.22666607222223,150,
3537,公設消火栓,麻生津分遣所,福井市太田町２７番１号,36.00806533333333,136.23191283333335,150,
3538,公設消火栓,麻生津分遣所,福井市太田町４７番１２号,36.00888134444445,136.23903350277777,150,
3539,公設消火栓,麻生津分遣所,福井市太田町３１番２８号,36.010181027777776,136.23190683055552,100,
3540,公設消火栓,川西分署,福井市大谷町２３番１４号,36.13106413888889,136.13640580833334,100,
3541,公設消火栓,川西分署,福井市大谷町２０番３号,36.130089238888885,136.13520598333335,100,
3542,公設消火栓,川西分署,福井市大谷町１８番１号,36.129359319444454,136.13435608888886,100,
3543,公設消火栓,川西分署,福井市大谷町１４番３号,36.13055835,136.14181413611112,200,
3544,公設消火栓,川西分署,福井市大谷町２５番１８号,36.13113817777777,136.13822757222223,100,
3545,公設消火栓,川西分署,福井市大谷町１８番７号,36.129154338888895,136.13334716944445,100,
3546,公設消火栓,川西分署,福井市大谷町３０番３号,36.12887458611112,136.14250913055557,200,
3547,公設消火栓,南消防署,福井市江端町１０番１９号１,36.029352894444436,136.21431909999998,100,
3548,公設消火栓,南消防署,福井市江端町１２番２１号２１,36.0257663888889,136.21460423611111,100,
3549,公設消火栓,中消防署,福井市灯明寺３丁目３５０３番,36.09798727777778,136.21273100555558,100,
3550,公設消火栓,中消防署,福井市灯明寺３丁目１５０６番,36.09550157499999,136.21514753611112,150,
3551,公設消火栓,中消防署,福井市灯明寺２丁目２３２１番,36.09459565833334,136.2150835138889,150,
3552,公設消火栓,中消防署,福井市灯明寺３丁目１３０２番,36.09495466944445,136.21668026666669,150,
3553,公設消火栓,中消防署,福井市灯明寺３丁目１５１４番,36.09501863611112,136.21571642499998,150,
3554,公設消火栓,中消防署,福井市灯明寺３丁目１８０１番,36.09501560277778,136.21456961388887,150,
3555,公設消火栓,中消防署,福井市灯明寺３丁目１４１０番,36.095920558333326,136.2160114111111,150,
3556,公設消火栓,中消防署,福井市灯明寺３丁目５１１番,36.095962583333325,136.21701924722223,150,
3557,公設消火栓,中消防署,福井市灯明寺３丁目５０１番,36.09602660555556,136.2180160888889,150,
3558,公設消火栓,中消防署,福井市灯明寺４丁目１７０６番,36.09679827222222,136.2083066416667,150,
3559,公設消火栓,中消防署,福井市灯明寺４丁目２５０３番,36.096868227777776,136.20674884722226,100,
3560,公設消火栓,中消防署,福井市灯明寺３丁目２４０７番,36.09701239444445,136.21378080833335,250,
3561,公設消火栓,中消防署,福井市灯明寺３丁目３９０２番,36.09711843333333,136.21560051944442,250,
3562,公設消火栓,中消防署,福井市灯明寺３丁目４１０７番,36.097176463888886,136.2170002972222,250,
3563,公設消火栓,中消防署,福井市灯明寺４丁目９３４番,36.09599336666666,136.20942347500002,100,
3564,公設消火栓,清水分署,福井市坪谷町２４番６号,36.00846912777777,136.14232483055554,150,
3565,公設消火栓,清水分署,福井市坪谷町２２番２号,36.007922197222214,136.14237485277778,100,
3566,公設消火栓,清水分署,福井市坪谷町２２番３５号,36.00688334444444,136.14340677777778,150,
3567,公設消火栓,清水分署,福井市坪谷町３９番２０号,36.00793017499999,136.14083704444445,100,
3568,公設消火栓,中消防署,福井市舟橋３丁目５１８番,36.101909563888896,136.23360945833335,100,
3569,公設消火栓,中消防署,福井市寺前町４番６号,36.10221558055556,136.23485133333332,150,
3570,公設消火栓,中消防署,福井市寺前町４番６号３,36.10196566666667,136.23596422500003,100,
3571,公設消火栓,中消防署,福井市寺前町３番３号２,36.102687513888895,136.23462836666667,100,
3572,公設消火栓,中消防署,福井市寺前町１番２９号１２,36.10269560555555,136.23637819999996,100,
3573,公設消火栓,中消防署,福井市寺前町１番９号４０,36.103298513888895,136.23598124722218,100,
3574,公設消火栓,中消防署,福井市寺前町５番６号３,36.1017157361111,136.23672615,150,
3575,公設消火栓,中消防署,福井市寺前町,36.10265769722221,136.2380590388889,150,
3576,公設消火栓,中消防署,福井市寺前町１８番１号,36.10259878055556,136.23950290000002,150,
3577,公設消火栓,中消防署,福井市寺前町,36.10251889999999,136.24158670277782,150,
3578,公設消火栓,中消防署,福井市寺前町,36.102504938888885,136.2422756361111,150,
3579,公設消火栓,中消防署,福井市寺前町,36.10237710833333,136.24517836388887,150,
3580,公設消火栓,中消防署,福井市寺前町１番２号１７,36.1039684,136.23538131388887,100,
3581,公設消火栓,中消防署,福井市寺前町１番２号５２,36.10372343055556,136.23540330833336,100,
3582,公設消火栓,中消防署,福井市寺前町２番２号２,36.10326545833333,136.2348703527778,100,
3583,公設消火栓,中消防署,福井市寺前町２番２号２,36.10375140000001,136.2348563611111,100,
3584,公設消火栓,中消防署,福井市寺前町１９番６号,36.100341136111105,136.24113073333334,150,
3585,公設消火栓,中消防署,福井市寺前町６番３８号,36.10045795555556,136.23803101111113,150,
3586,公設消火栓,東消防署,福井市手寄１丁目６番１０号,36.06035604166667,136.22327428611112,100,
3587,公設消火栓,西分署,福井市花月１丁目,36.06767373888889,136.2119833333333,100,
3588,公設消火栓,西分署,福井市花月３丁目１０番１０号,36.068235533333336,136.20681191944445,100,
3589,公設消火栓,西分署,福井市花月５丁目６番１０号,36.06854343333333,136.20367628888886,100,
3590,公設消火栓,西分署,福井市花月３丁目２番２８号,36.06887648333333,136.20852274444445,100,
3591,公設消火栓,西分署,福井市花月２丁目９番２２号,36.068712516666665,136.20922265833335,100,
3592,公設防火水槽,西分署,福井市花月１丁目３番,36.069415513888885,136.21211934722223,,
3593,公設防火水槽,西分署,福井市花月１丁目３番,36.070123366666664,136.21054454444442,,
3594,公設防火水槽,西分署,福井市花月４丁目４番１号,36.070401241666666,136.2066150222222,,
3595,公設防火水槽,西分署,福井市花月２丁目１０番１０号,36.06913345,136.20864273611113,,
3596,河川,西分署,福井市花月４丁目１０番１６号　境用水,36.07030123333333,136.20546715555557,,
3597,受水槽,西分署,福井市花月１丁目２番２６号,36.068235644444435,136.2113644111111,,
3598,受水槽,中消防署,福井市大手３丁目４番１号,36.06275361944444,136.2195315638889,,
3599,受水槽,中消防署,福井市大手３丁目１１番１７号,36.06526634444444,136.22119737777774,,
3600,その他,中消防署,福井市大手３丁目１７番１号,36.06596728611112,136.22219826944445,,
3601,公設消火栓,川西分署,福井市池尻町３３番８号１,36.14563288888889,136.15162750555558,150,
3602,公設消火栓,南消防署,福井市江端町１１番１２号　プラザ江端Ａ西側,36.02784108055555,136.2135762111111,100,
3603,公設消火栓,南消防署,福井市江端町４番１１号２,36.032223527777774,136.21541690277778,150,
3604,公設消火栓,南消防署,福井市江端町１０番５号,36.03014077222222,136.21380908888887,100,
3605,公設消火栓,南消防署,福井市江端町１０番５号,36.029915788888886,136.21324513333332,100,
3606,公設消火栓,南消防署,福井市江端町１０番２２号,36.029434866666676,136.2137151277778,100,
3607,公設消火栓,南消防署,福井市江端町１０番３２号,36.02926586944445,136.21295917777778,100,
3608,公設消火栓,南消防署,福井市江端町１０番６５号,36.02849901111111,136.21436213888887,150,
3609,公設消火栓,南消防署,福井市江端町２１番１５号,36.02872394444445,136.21299020277775,150,
3610,公設消火栓,南消防署,福井市江端町２１番４９号,36.02822800833334,136.21286723333333,100,
3611,公設消火栓,南消防署,福井市江端町２０番１８号,36.027246125,136.21226730833334,100,
3612,公設消火栓,南消防署,福井市江端町２０番２７号,36.02631025833333,136.21259032777775,100,
3613,公設消火栓,南消防署,福井市江端町２０番３２号,36.026702230555564,136.21345926388892,150,
3614,公設消火栓,南消防署,福井市江端町１２番１３号,36.02684623055556,136.2141842166667,100,
3615,公設消火栓,南消防署,福井市江端町１１番１５号,36.02762912777778,136.21426218055558,100,
3616,公設消火栓,南消防署,福井市江端町１１番２２号,36.02786010833333,136.21469215000002,100,
3617,公設消火栓,南消防署,福井市江端町１１番２９号,36.027068225,136.21510915833332,100,
3618,公設消火栓,南消防署,福井市江端町２０番１０号,36.026360227777786,136.21166737500002,100,
3619,公設消火栓,南消防署,福井市江端町１番６号,36.03262350277778,136.21656181944445,100,
3620,公設消火栓,西分署,福井市花月１丁目,36.06948245277777,136.210575525,100,
3621,公設消火栓,南消防署,福井市つくも２丁目５番１１号,36.06188641666666,136.20860353888892,100,
3622,公設消火栓,南消防署,福井市つくも２丁目１１番２号,36.06346320833333,136.20862858055554,100,
3623,公設消火栓,南消防署,福井市つくも２丁目１７番１号,36.06258030833334,136.20770564444447,100,
3624,公設消火栓,南消防署,福井市つくも２丁目１６番４号,36.06169441666666,136.2072366583333,100,
3625,公設消火栓,南消防署,福井市つくも２丁目１８番２０号,36.063222208333336,136.20701073055557,250,
3626,公設消火栓,南消防署,福井市つくも２丁目８番１６号,36.06286928611111,136.20866656111113,100,
3627,公設消火栓,南消防署,福井市つくも２丁目９番１８号,36.06328325,136.2095304888889,100,
3628,公設消火栓,南消防署,福井市つくも２丁目１４番１０号,36.06211636666666,136.20763363611107,100,
3629,公設消火栓,南消防署,福井市左内町６番１３号,36.06026273055555,136.21226020833336,100,
3630,公設消火栓,南消防署,福井市つくも１丁目３番１３号,36.06098860277778,136.2111972972222,100,
3631,公設消火栓,南消防署,福井市つくも１丁目４番１３号,36.0616415,136.2106003527778,100,
3632,公設消火栓,南消防署,福井市つくも２丁目２番６号,36.06173348055556,136.21036137500002,100,
3633,公設消火栓,北分署,福井市つくし野２１５番,36.11800708055556,136.21530353333335,100,
3634,公設消火栓,北分署,福井市つくし野１１４番,36.11790213333333,136.21696635,100,
3635,公設消火栓,川西分署,福井市田の谷町１０番１号,36.10673593333334,136.17855723611112,150,
3636,公設消火栓,川西分署,福井市田の谷町１１番８号,36.10581106666666,136.17695734722224,100,
3637,公設消火栓,川西分署,福井市田の谷町１１番８号,36.106427977777784,136.17791228333334,100,
3638,公設消火栓,川西分署,福井市田の谷町１５番１１号,36.10448627499999,136.1767543361111,100,
3639,公設消火栓,川西分署,福井市田の谷町１７番５６号,36.10435029166666,136.17516245,100,
3640,公設消火栓,東消防署,福井市手寄１丁目４番１号,36.0608,136.22368224166664,150,
3641,公設防火水槽,中消防署,福井市田原１丁目１２番１６号,36.07477596111111,136.21655486666668,,
3642,公設防火水槽,中消防署,福井市田原１丁目６番　田原公園北東側,36.07248828611112,136.21740475277778,,
3643,公設消火栓,中消防署,福井市大願寺３丁目４番１号,36.08153457777778,136.2275765611111,100,
3644,公設消火栓,中消防署,福井市大願寺３丁目２番２７号,36.08094771111111,136.22873750277776,250,
3645,公設消火栓,中消防署,福井市大願寺３丁目５番２５号,36.08258146111111,136.22773952222224,100,
3646,公設消火栓,中消防署,福井市大願寺１丁目７番１７号,36.08275958333333,136.2304763555556,150,
3647,公設消火栓,中消防署,福井市大願寺１丁目７番１号,36.082392688888895,136.2316452916667,150,
3648,公設消火栓,中消防署,福井市大願寺３丁目２番１２号,36.08096366944445,136.2279635527778,100,
3649,公設消火栓,中消防署,福井市大願寺３丁目２番２５号,36.08137066388889,136.22883748611113,100,
3650,公設消火栓,中消防署,福井市大願寺１丁目２番１０号,36.08092586388889,136.23165131388893,150,
3651,公設消火栓,中消防署,福井市大願寺１丁目７番１１号,36.08217565,136.23042836944444,100,
3652,公設消火栓,中消防署,福井市大願寺２丁目４番,36.08197859166667,136.22884547222225,100,
3653,公設消火栓,中消防署,福井市大願寺２丁目７番１号,36.08282548333334,136.22872345833335,250,
3654,公設消火栓,中消防署,福井市大願寺３丁目８番２５号,36.08398632777777,136.22848744444445,100,
3655,公設消火栓,中消防署,福井市大願寺２丁目２１番,36.081614697222214,136.23004840555555,100,
3656,公設消火栓,中消防署,福井市大願寺２丁目１番１３号,36.08111873888889,136.22965343888887,100,
3657,公設消火栓,中消防署,福井市大願寺３丁目９番８号,36.08447528333333,136.22872041944447,100,
3658,公設消火栓,中消防署,福井市大願寺２丁目７番１号,36.083586411111106,136.22911241666665,100,
3659,公設消火栓,川西分署,福井市大年町１番６号,36.116608150000005,136.14132251111113,150,
3660,公設消火栓,川西分署,福井市大年町８番４１号,36.11572530555555,136.14295834999996,100,
3661,公設消火栓,川西分署,福井市大年町１２番７号,36.1152913861111,136.14397325000002,100,
3662,公設消火栓,川西分署,福井市大年町１番８６号,36.115325338888894,136.14209443611114,150,
3663,公設消火栓,川西分署,福井市大年町２４番１号,36.112864686111116,136.14278836944445,150,
3664,公設消火栓,川西分署,福井市大年町２４番４号,36.110755922222225,136.1410975361111,100,
3665,公設消火栓,川西分署,福井市大年町２６番６号,36.10935412222222,136.14183645833336,100,
3666,公設消火栓,川西分署,福井市大年町１８番３５号,36.1114949,136.1438632666667,100,
3667,公設消火栓,川西分署,福井市大年町４１番１１号,36.110520066666666,136.1452441277778,100,
3668,公設消火栓,川西分署,福井市大年町４４番４号,36.10949826944445,136.1473969083333,100,
3669,公設消火栓,川西分署,福井市大年町４１番１４号,36.109654336111106,136.14937968055557,100,
3670,公設消火栓,川西分署,福井市大年町６５－３２,36.11415645277778,136.1403106111111,100,
3671,公設消火栓,川西分署,福井市大年町,36.110256075,136.14427222222218,150,
3672,公設防火水槽,川西分署,福井市大年町１６番５８号,36.112933675,136.14266138333335,,
3673,河川,川西分署,福井市大年町,36.11571129166666,136.14231341388893,,
3674,公設消火栓,社分署,福井市江守の里２丁目１９１９番,36.02742800555556,136.18148368055557,250,
3675,公設消火栓,社分署,福井市江守中２丁目１４１０番,36.03643635277777,136.1958100027778,100,
3676,公設消火栓,社分署,福井市江守中１丁目１０１８番,36.03640233333334,136.19500208333335,100,
3677,公設消火栓,社分署,福井市江守中１丁目１７１４番,36.036472274999994,136.19345222777778,100,
3678,公設消火栓,西分署,福井市花月２丁目６番５号,36.06955440833334,136.20933966666666,100,
3679,公設消火栓,西分署,福井市花月３丁目８番１号,36.069607375000004,136.20804481944444,100,
3680,公設消火栓,西分署,福井市花月４丁目５番７号,36.07047920555556,136.20522619444444,100,
3681,公設消火栓,西分署,福井市花月４丁目３番２２号,36.07008728611112,136.20669199999998,100,
3682,公設消火栓,西分署,福井市花月３丁目７番１５号,36.070385269444444,136.20791986388892,100,
3683,公設消火栓,西分署,福井市花月２丁目６番１４号,36.07033230555556,136.2094006833333,100,
3684,公設消火栓,西分署,福井市花月２丁目４番１６号,36.07057130555556,136.21044656944443,100,
3685,公設消火栓,西分署,福井市花月１丁目４番７号,36.070272383333325,136.21159842499998,100,
3686,公設消火栓,中消防署,福井市春山２丁目２１番８号,36.07034140555555,136.21256131666667,100,
3687,公設消火栓,西分署,福井市花月１丁目５番１３号,36.07076828888889,136.21075953888888,150,
3688,公設消火栓,西分署,福井市花月４丁目２番１号,36.068807452777776,136.2065869638889,100,
3689,公設消火栓,西分署,福井市花月４丁目１番８号,36.06836249444444,136.20562005833335,100,
3690,公設消火栓,西分署,福井市花月４丁目５番２２号,36.070887163888884,136.20591713055555,200,
3691,公設消火栓,西分署,福井市花月５丁目１番３２号,36.07101809722223,136.20340044444447,250,
3692,公設消火栓,西分署,福井市花月３丁目１３番１０号,36.07070420555555,136.20679601388886,250,
3693,公設消火栓,西分署,福井市花月３丁目１１番１１号,36.069490366666656,136.20675096944447,250,
3694,公設消火栓,西分署,福井市花月３丁目５番１１号,36.07087120833333,136.2081418555556,300,
3695,公設消火栓,西分署,福井市花月４丁目７番１号,36.06883343055555,136.20558108055556,200,
3696,公設消火栓,川西分署,福井市田の谷町１９番４３号,36.104008347222226,136.17432050277776,100,
3697,公設消火栓,川西分署,福井市田の谷町１８番２５号,36.10342244444444,136.17340155000002,100,
3698,公設消火栓,川西分署,福井市田の谷町１９番１５号,36.10276455555556,136.17240759166668,100,
3699,公設消火栓,川西分署,福井市田の谷町１９番４０号,36.10253154722222,136.17123772222226,100,
3700,公設消火栓,川西分署,福井市田の谷町１０番５号,36.10670594722222,136.1797151416667,100,
3701,公設消火栓,川西分署,福井市田の谷町２０番６号,36.102314522222215,136.17021285555558,100,
3702,公設消火栓,川西分署,福井市田の谷町２１番４号,36.10227844722223,136.16884904444444,100,
3703,公設消火栓,川西分署,福井市田の谷町１１番８号,36.10616901944445,136.17834324444445,150,
3704,公設防火水槽,川西分署,福井市田の谷町１９番４３号,36.10398935,136.17442649444442,,
3705,公設防火水槽,川西分署,福井市田の谷町２１番４号,36.10157849444445,136.16771917500003,,
3706,その他,川西分署,福井市田ノ谷町地係　大安禅寺付近,36.10206752777777,136.1696129277778,,
3707,その他,川西分署,福井市田ノ谷町地係　大安禅寺付近　砂防治水ダム,36.10085861666666,136.16776313888892,,
3708,公設消火栓,臨海消防署,福井市為寄町２番２７号,36.140974727777774,136.12127338055552,100,
3709,公設消火栓,社分署,福井市種池町１番２６号３６,36.03797484722223,136.18518597777776,150,
3710,公設消火栓,社分署,福井市種池町２１番１号２８,36.03401934444445,136.18621100277775,150,
3711,公設消火栓,東分署,福井市堂島町２２番７号,36.08939291111111,136.2491691666667,150,
3712,公設消火栓,東分署,福井市堂島町４番２７号,36.09407100833333,136.258807275,150,
3713,公設消火栓,東分署,福井市堂島町１４番２４号,36.09404006388889,136.25959920833333,250,
3714,公設消火栓,中消防署,福井市田原２丁目１４番１０号,36.07245423333333,136.21568596666665,100,
3715,公設消火栓,中消防署,福井市田原２丁目１３番１号,36.072007316666664,136.21646886666667,150,
3716,公設消火栓,清水分署,福井市田尻栃谷町３８番３６号１３９,36.035518725,136.16487927499998,100,
3717,公設消火栓,清水分署,福井市田尻栃谷町３８番３６号１５７,36.035316755555556,136.16536222500002,100,
3718,公設消火栓,清水分署,福井市田尻栃谷町３８番３６号１６８,36.03517778333333,136.16605915000002,200,
3719,公設消火栓,清水分署,福井市田尻栃谷町３８番３６号１８４,36.03500079722223,136.16531923611112,100,
3720,公設消火栓,清水分署,福井市田尻栃谷町３８番３６号,36.03682559166666,136.1668240416667,75,
3721,公設防火水槽,清水分署,福井市田尻栃谷町２９番２３号,36.03569068333333,136.16343843333334,,
3722,公設防火水槽,清水分署,福井市田尻栃谷町３８番３６号,36.03545474722222,136.16605214722222,,
3723,公設防火水槽,清水分署,福井市田尻栃谷町３８番３６号５２,36.03682357777778,136.1658761472222,,
3724,私設防火水槽,清水分署,福井市田尻栃谷町１４番３号,36.03400499444445,136.1710266222222,,
3725,公設消火栓,社分署,福井市種池２丁目１２８番,36.0373551,136.1911744111111,100,
3726,公設消火栓,社分署,福井市種池１丁目１２０１番,36.03540233611111,136.1912024833333,200,
3727,公設消火栓,社分署,福井市種池１丁目１４０６番,36.03566126111111,136.18981660555556,100,
3728,公設消火栓,社分署,福井市種池２丁目９１８番,36.03819987500001,136.18698579444447,100,
3729,公設消火栓,社分署,福井市種池１丁目５０１番３号,36.03596931388889,136.1926633222222,200,
3730,公設消火栓,社分署,福井市種池１丁目２０４番,36.036622211111116,136.19194336388887,400,
3731,公設消火栓,社分署,福井市種池２丁目７１２番,36.03765797222222,136.1881386972222,400,
3732,公設消火栓,社分署,福井市種池２丁目１００１番,36.03872485,136.18821365555553,400,
3733,公設消火栓,社分署,福井市江守中１丁目５１２番,36.034152644444454,136.19619607222222,100,
3734,公設消火栓,社分署,福井市江守中２丁目１３２２番,36.03719728611111,136.19667688611113,100,
3735,公設消火栓,社分署,福井市江守中２丁目９１０番,36.03887209444444,136.19718175833333,100,
3736,公設消火栓,社分署,福井市江守中２丁目９０７番,36.03818318055556,136.19722978888888,100,
3737,公設消火栓,社分署,福井市江守中１丁目１００２番,36.035800441666666,136.19617699722224,150,
3738,公設消火栓,社分署,福井市江守中２丁目４０２番,36.03792233611111,136.2011265333333,100,
3739,公設消火栓,社分署,福井市江守中２丁目７０１番,36.038166261111115,136.19970161944445,100,
3740,公設消火栓,社分署,福井市江守中２丁目７０８番,36.03838619444445,136.19846569444448,100,
3741,公設消火栓,社分署,福井市江守中２丁目３０４番,36.03760036111111,136.20064058333332,100,
3742,公設消火栓,社分署,福井市江守中２丁目２３０３番,36.03746425277778,136.19667687222218,200,
3743,公設消火栓,社分署,福井市江守中２丁目２５０３番１号,36.03854812777777,136.1969727916667,200,
3744,公設消火栓,社分署,福井市江守中２丁目２５１０番,36.03841911388889,136.19593790000002,100,
3745,公設消火栓,社分署,福井市江守中２丁目２２１３番,36.03770518611111,136.1954929777778,100,
3746,公設消火栓,社分署,福井市江守中２丁目２３０６番,36.03750023333333,136.19614292222224,100,
3747,公設消火栓,社分署,福井市江守中１丁目１８０７番,36.03608933055555,136.19373821666665,200,
3748,公設消火栓,社分署,福井市江守中１丁目１６０３番,36.035547397222224,136.1937242416667,100,
3749,公設消火栓,社分署,福井市江守中１丁目１０１１番,36.03574740833333,136.19490212222226,100,
3750,公設消火栓,南消防署,福井市春日１丁目１７番１７号,36.05290692777777,136.220868675,100,
3751,公設消火栓,西分署,福井市花月５丁目３番３１号,36.069607294444445,136.20391530555557,100,
3752,公設消火栓,中消防署,福井市大手２丁目１,36.06386162500001,136.22409614999998,100,
3753,公設消火栓,中消防署,福井市大手２丁目２－８,36.064322597222215,136.22486008333334,100,
3754,公設消火栓,中消防署,福井市大手２丁目４番１８号,36.06404458611111,136.22366318333331,150,
3755,公設消火栓,中消防署,福井市大手２丁目１番１号,36.062841730555554,136.2234022222222,100,
3756,公設消火栓,中消防署,福井市大手２丁目１－１,36.06354966666666,136.2241291527778,100,
3757,公設消火栓,中消防署,福井市大手２丁目２－１５,36.06390664166668,136.22465510555557,100,
3758,公設消火栓,中消防署,福井市大手１丁目８－１６,36.06670542222223,136.22802679722224,250,
3759,公設消火栓,中消防署,福井市大手２丁目１－１,36.06346167777778,136.22413215277774,100,
3760,公設防火水槽,中消防署,福井市大手３丁目１０番,36.063541488888895,136.21865763888889,,
3761,公設防火水槽,中消防署,福井市大手２丁目２番１２号,36.06447459444444,136.22531304444445,,
3762,公設防火水槽,中消防署,福井市大手１丁目１番１３号,36.06554448611111,136.22598197500002,,
3763,私設防火水槽,中消防署,福井市大手３丁目,36.064837436111105,136.222370275,,
3764,私設防火水槽,中消防署,福井市大手３丁目１２番３号,36.06453935555556,136.21852464722224,,
3765,堀,中消防署,福井市大手３丁目１７番,36.063988499999994,136.22089342499999,,
3766,プール,中消防署,福井市大手３丁目１６番１号　順化小学校プール,36.066736150000004,136.22104937499998,,
3767,受水槽,中消防署,福井市大手３丁目１０番１号　福井市役所,36.063944455555564,136.21926358055555,,
3768,公設消火栓,東分署,福井市堂島町１３番１５号,36.09396519166666,136.26136004722224,250,
3769,公設消火栓,東分署,福井市堂島町１３番１１号,36.09392926944444,136.26243494722223,250,
3770,公設消火栓,東分署,福井市堂島町８番２３号,36.09387136944445,136.26381481944446,250,
3771,公設消火栓,東分署,福井市堂島町２２番１０号２,36.089234972222215,136.24983011666666,100,
3772,公設防火水槽,東分署,福井市堂島町５番１９号,36.09630992777778,136.2616099638889,,
3773,その他,東分署,福井市堂島町９９９９番　芝原用水パイプライン,36.09291829722222,136.2611570916667,,
3774,公設消火栓,南消防署,福井市中荒井町１０番１８号,36.019913758333324,136.20345718055557,150,
3775,公設消火栓,南消防署,福井市中荒井町６０７番,36.02182958333333,136.20520698055554,100,
3776,公設消火栓,南消防署,福井市中荒井町３０３番,36.021510655555545,136.20589294444446,100,
3777,公設消火栓,南消防署,福井市中荒井町１８番３号,36.02150259722222,136.2045660361111,150,
3778,公設消火栓,西分署,福井市豊岡２丁目８番１１号,36.07178187777778,136.18973397499997,150,
3779,公設消火栓,西分署,福井市豊岡２丁目３番３０号,36.07015407777778,136.19001885555556,100,
3780,公設消火栓,西分署,福井市豊岡１丁目３番２４号,36.06746842222222,136.19226847499996,100,
3781,公設消火栓,東消防署,福井市豊島２丁目７番４号,36.05814835,136.22411828888892,300,
3782,公設消火栓,東消防署,福井市豊島２丁目１番１号,36.05858925555556,136.2229133666667,350,
3783,公設消火栓,足羽分遣所,福井市東郷二ヶ町２０番１２号１,36.01653175833333,136.26810320833334,125,
3784,公設消火栓,足羽分遣所,福井市東郷二ヶ町２３番２２号３,36.016459797222225,136.2692670888889,150,
3785,公設消火栓,社分署,福井市種池１丁目６０７番,36.035261408333334,136.19296632500004,100,
3786,公設消火栓,清水分署,福井市田尻栃谷町４番１号,36.03752956111112,136.17018266111114,150,
3787,公設消火栓,清水分署,福井市田尻栃谷町１１番４０号,36.0353358,136.1688878361111,150,
3788,公設消火栓,西分署,福井市照手３丁目６番９号,36.067798591666666,136.20672891388887,250,
3789,公設消火栓,西分署,福井市照手４丁目４番２号,36.06649676388889,136.20667387499998,250,
3790,公設消火栓,西分署,福井市照手４丁目１４番１２号,36.066429725000006,136.2041731416667,100,
3791,公設消火栓,西分署,福井市照手４丁目１６番５号,36.067226625,136.20452013611109,100,
3792,公設消火栓,西分署,福井市照手４丁目９番１５号,36.06615179166667,136.2057289638889,100,
3793,公設消火栓,西分署,福井市照手４丁目１６番１０号,36.06773555277777,136.20437617500002,100,
3794,公設消火栓,西分署,福井市照手１丁目１６番１号,36.06459611666667,136.21092338611112,100,
3795,公設消火栓,西分署,福井市照手４丁目１０番２５号,36.065040941666666,136.20588390555557,100,
3796,公設消火栓,西分署,福井市照手２丁目６番１５号,36.06774264722222,136.20917463888887,100,
3797,公設消火栓,西分署,福井市照手３丁目３番１６号,36.066965716666665,136.20743680833334,200,
3798,公設消火栓,西分署,福井市照手４丁目６番１８号,36.068142525000006,136.20569604166667,100,
3799,公設消火栓,西分署,福井市照手１丁目１０番１４号,36.06761269444444,136.21035050833333,100,
3800,公設消火栓,西分署,福井市照手３丁目５番２０号,36.06789260277778,136.2079167833333,150,
3801,公設消火栓,西分署,福井市照手３丁目５番５号,36.06763764722223,136.2084647138889,150,
3802,公設消火栓,西分署,福井市照手２丁目４番４号,36.0667128,136.20981954444446,100,
3803,公設消火栓,南消防署,福井市春日２丁目１９番１号,36.05227100555555,136.22072171111114,100,
3804,公設消火栓,南消防署,福井市春日２丁目１８番１９号,36.05152410555555,136.22079973611113,100,
3805,公設消火栓,南消防署,福井市春日１丁目９番５号,36.053675791666656,136.2194967444444,100,
3806,公設消火栓,南消防署,福井市春日１丁目３番１０号,36.05380974999999,136.21852780833336,100,
3807,公設消火栓,南消防署,福井市春日１丁目１４番２１号,36.05297088611111,136.21957975833334,100,
3808,公設消火栓,南消防署,福井市春日２丁目１０番２６号,36.05163205555556,136.21942481944447,200,
3809,公設消火栓,南消防署,福井市春日２丁目５番１４号,36.05053219722222,136.2192778722222,150,
3810,公設消火栓,南消防署,福井市春日１丁目５番１１号,36.05299585277778,136.21844083055555,100,
3811,公設消火栓,南消防署,福井市春日２丁目１６番８号,36.05057922777778,136.22067478333335,100,
3812,公設消火栓,南消防署,福井市春日２丁目１２番８号,36.05104314444444,136.21979081944446,200,
3813,公設消火栓,南消防署,福井市春日２丁目６番２１号,36.05152405277777,136.21875486666667,100,
3814,公設消火栓,南消防署,福井市春日３丁目６２０番,36.05127626111112,136.22550743888888,100,
3815,公設消火栓,南消防署,福井市春日３丁目１５１３番,36.04974042777777,136.22427158888888,100,
3816,公設消火栓,南消防署,福井市春日３丁目１１０７番,36.04963248888889,136.22619046944445,250,
3817,公設消火栓,南消防署,福井市春日３丁目１００３番,36.05016843888889,136.22687739999998,100,
3818,公設消火栓,南消防署,福井市春日３丁目１５０７番,36.050213380555554,136.22481853333335,100,
3819,公設消火栓,南消防署,福井市春日３丁目１５０１番,36.05014036111112,136.2236856083333,100,
3820,公設消火栓,南消防署,福井市春日３丁目,36.05072931666666,136.22497149722224,100,
3821,公設消火栓,南消防署,福井市春日３丁目１３０３番,36.05124322500001,136.22392454444443,100,
3822,受水槽,中消防署,福井市大手３丁目１７番１号,36.065527330555554,136.22186830833334,,
3823,公設消火栓,社分署,福井市江守中町２番８号,36.03790026388889,136.1987846944444,100,
3824,河川,南消防署,福井市江端町２５番１５号,36.03201745,136.21135413611114,,
3825,プール,南消防署,福井市江端町１４－１－１,36.031045605555555,136.21217813611108,,
3826,公設消火栓,西分署,福井市海老助町１３番４１号,36.08864588333333,136.19048369444448,100,
3827,公設消火栓,西分署,福井市海老助町１６番１号,36.08860993888889,136.18901773611108,100,
3828,公設消火栓,西分署,福井市海老助町１６番１０号,36.08788797222222,136.1898867333333,100,
3829,公設消火栓,西分署,福井市海老助町６番２１号,36.09034870277778,136.1914586111111,150,
3830,公設消火栓,西分署,福井市海老助町地係,36.08912961666666,136.19723646388888,400,
3831,公設消火栓,西分署,福井市海老助町地係,36.09043851944445,136.19720839999997,400,
3832,公設消火栓,西分署,福井市海老助町６番３９号,36.08915980555555,136.1914146527778,150,
3833,公設防火水槽,西分署,福井市海老助町１７番３４号,36.08743307499999,136.18822278333337,,
3834,公設消火栓,社分署,福井市江守中１丁目４０５番,36.03469759166666,136.19661000833335,100,
3835,公設消火栓,社分署,福井市江守中１丁目３０３番,36.03466164166667,136.19796590555555,100,
3836,公設消火栓,社分署,福井市江守中２丁目１６０５番,36.0365502888889,136.19414615833335,100,
3837,公設消火栓,社分署,福井市江守中２丁目１６０５番,36.03704422222222,136.19400515,100,
3838,公設消火栓,社分署,福井市江守中２丁目２００２番,36.037472197222215,136.19488804722224,100,
3839,公設消火栓,社分署,福井市江守中２丁目１７０１番,36.03688926666666,136.1948300777778,100,
3840,公設消火栓,社分署,福井市江守中２丁目１９０６番　,36.036858225,136.1933382222222,200,
3841,公設消火栓,足羽分遣所,福井市東郷二ヶ町２５番１号,36.01644382222222,136.27028398333331,150,
3842,公設消火栓,足羽分遣所,福井市東郷二ヶ町２９番１９号,36.01637686388889,136.2715528527778,100,
3843,公設消火栓,足羽分遣所,福井市東郷二ヶ町２８番２７号,36.016298927777775,136.27304769166668,150,
3844,公設消火栓,足羽分遣所,福井市東郷二ヶ町３６番１７号,36.01596603333334,136.2744335416667,100,
3845,公設消火栓,足羽分遣所,福井市東郷二ヶ町２７番４号,36.01561600555556,136.2725667611111,100,
3846,公設消火栓,足羽分遣所,福井市東郷二ヶ町２７番１０号,36.01621893611111,136.27300569722223,125,
3847,公設消火栓,足羽分遣所,福井市東郷二ヶ町２６番２１号,36.01629088055556,136.27174483611114,150,
3848,公設消火栓,足羽分遣所,福井市東郷二ヶ町１２番４３号,36.01707372222222,136.2698360138889,100,
3849,公設消火栓,足羽分遣所,福井市東郷二ヶ町２３番４号,36.017079691666666,136.26870613055556,100,
3850,公設消火栓,足羽分遣所,福井市東郷二ケ町２８番３１号,36.016690897222226,136.27367561111112,100,
3851,公設消火栓,足羽分遣所,福井市東郷二ヶ町３０番３５号,36.01691680555555,136.27225676666666,100,
3852,公設消火栓,足羽分遣所,福井市東郷二ヶ町３０－１３,36.01781867777778,136.27225275,100,
3853,公設消火栓,足羽分遣所,福井市東郷二ヶ町２１番３９号,36.016018825,136.26778125277778,100,
3854,公設消火栓,足羽分遣所,福井市東郷二ヶ町２１番１８号,36.01524891944444,136.26710134444443,100,
3855,公設消火栓,東消防署,福井市問屋町４丁目１１０６番,36.05198898055555,136.25635246666667,100,
3856,公設消火栓,東消防署,福井市問屋町４丁目１１１２番,36.05159401944444,136.25637247777777,100,
3857,公設消火栓,東消防署,福井市問屋町４丁目１０１６番,36.05161605277778,136.25770839166665,100,
3858,公設消火栓,東消防署,福井市問屋町４丁目９０８番,36.05204701944445,136.25790836388893,100,
3859,公設消火栓,北分署,福井市つくし野７０１番,36.117830161111115,136.21772526944443,100,
3860,公設消火栓,西分署,福井市照手２丁目７番２号,36.06688575555556,136.2089726388889,150,
3861,公設消火栓,西分署,福井市照手４丁目５番２６号,36.06762959999999,136.2060289861111,100,
3862,公設防火水槽,西分署,福井市照手４丁目９番３号,36.06567384722222,136.20539198055553,,
3863,公設消火栓,西分署,福井市照手１丁目１２番１号,36.065798958333325,136.21098640277773,200,
3864,公設消火栓,西分署,福井市照手１丁目４番１２号,36.06565296666666,136.21068243055552,100,
3865,公設消火栓,東消防署,福井市大東３丁目１番１４号,36.06817816666667,136.24891151944448,100,
3866,公設消火栓,東消防署,福井市大東１丁目３番,36.06486752777778,136.24970852500002,100,
3867,公設消火栓,東消防署,福井市大東１丁目８番２８号,36.06460960277778,136.25084445555558,100,
3868,公設消火栓,東消防署,福井市大東１丁目８番１４号,36.064923619444436,136.25189738333336,100,
3869,公設消火栓,東消防署,福井市大東１丁目１０番１４号,36.06527060833333,136.25238634444443,100,
3870,公設消火栓,東消防署,福井市大東３丁目６番１４号,36.068356191666666,136.24978645833332,100,
3871,公設消火栓,東消防署,福井市大東２丁目４街区,36.066278399999995,136.24995048333335,100,
3872,公設消火栓,東消防署,福井市大東１丁目９番１４号,36.06533956111111,136.25145540277776,100,
3873,公設消火栓,東消防署,福井市大東１丁目９番４号,36.06522853333333,136.2505944611111,100,
3874,公設防火水槽,東消防署,福井市大東２丁目６番,36.065603436111104,136.24923854166667,,
3875,公設消火栓,中消防署,福井市中央１丁目９番２３号,36.061927727777785,136.2196105611111,100,
3876,公設消火栓,中消防署,福井市中央１丁目８番２１号,36.062155672222225,136.2187436388889,100,
3877,公設消火栓,中消防署,福井市中央１丁目１０番２８号,36.06171679444444,136.22097944444445,100,
3878,公設消火栓,中消防署,福井市中央１丁目１０番１号,36.06160183055556,136.22165338611114,150,
3879,私設防火水槽,清水分署,福井市大森町６９番１号,36.027852563888885,136.12950354999998,,
3880,私設防火水槽,清水分署,福井市大森町,36.02962734722222,136.1305873722222,,
3881,河川,清水分署,福井市大森町１０６番,36.02611180277778,136.1311924166667,,
3882,プール,清水分署,福井市大森町９番２号,36.018387616666665,136.11753321666666,,
3883,公設防火水槽,殿下分遣所,福井市大矢町５番２４号,36.034791899999995,136.0483022416667,,
3884,河川,殿下分遣所,福井市大矢町地係　殿下診療所付近,36.03385699444444,136.0479863527778,,
3885,公設消火栓,東分署,福井市大和田町４６番５号,36.09727260555556,136.25875120277774,150,
3886,公設消火栓,東分署,福井市大和田町４１－１５－１,36.09736647222222,136.25689136388885,150,
3887,公設消火栓,東分署,福井市大和田町３５－１５－１３,36.09775929444444,136.25497052499998,150,
3888,公設消火栓,東分署,福井市大和田町４３番９号,36.09652562222222,136.25756832222223,100,
3889,公設消火栓,東分署,福井市大和田町２７番９号,36.09612856388889,136.25593547499997,100,
3890,公設消火栓,社分署,福井市江守中２丁目２２２４番,36.038291108333325,136.19520997777775,100,
3891,公設消火栓,社分署,福井市江守中２丁目１３１１番,36.03621442222222,136.1971908861111,100,
3892,公設消火栓,社分署,福井市江守中１丁目１００１番,36.03623938888889,136.19620197499998,100,
3893,公設消火栓,清水分署,福井市風巻町１３番２２号,36.02633289999999,136.14438386111112,250,
3894,公設消火栓,清水分署,福井市風巻町地係,36.027733694444436,136.14261102222224,250,
3895,公設消火栓,清水分署,福井市風巻町３９番２０号,36.028826477777784,136.13327808333335,100,
3896,公設消火栓,清水分署,福井市風巻町２７番,36.02840862777778,136.14896525000003,150,
3897,公設消火栓,清水分署,福井市風巻町２７番地係,36.02865859166667,136.15000112222222,150,
3898,公設消火栓,清水分署,福井市風巻町２７番１１号,36.02953947500001,136.1503960583333,150,
3899,公設消火栓,清水分署,福井市風巻町２７番１号,36.02809767499999,136.14775440277776,150,
3900,公設防火水槽,清水分署,福井市風巻町１４番４４号,36.0263088861111,136.1426300694444,,
3901,公設防火水槽,清水分署,福井市風巻町１４番１号,36.02670081944444,136.14109123611112,,
3902,公設防火水槽,清水分署,福井市風巻町９番２２号,36.02703976111111,136.13933343333335,,
3903,公設防火水槽,清水分署,福井市風巻町６番２３号,36.02745070277778,136.138841475,,
3904,公設防火水槽,清水分署,福井市風巻町８番２０号,36.02729471388889,136.13776660833332,,
3905,公設防火水槽,清水分署,福井市風巻町１番１０号,36.02833656944444,136.13630274444444,,
3906,公設防火水槽,清水分署,福井市風巻町２７番,36.02824765000001,136.1489012611111,,
3907,私設防火水槽,清水分署,福井市風巻町２１番４号,36.030625336111115,136.14827328888887,,
3908,公設消火栓,北分署,福井市つくし野２１５番,36.1177462,136.2188391472222,100,
3909,公設消火栓,北分署,福井市つくし野５０１番,36.11787705555555,136.21370571388888,100,
3910,公設消火栓,北分署,福井市つくし野５１８番,36.117216163888884,136.21484460555553,100,
3911,公設消火栓,北分署,福井市つくし野９０８番,36.117032236111115,136.21687238055554,100,
3912,公設消火栓,北分署,福井市つくし野７１０番,36.11738820833334,136.2174833055556,150,
3913,公設消火栓,北分署,福井市つくし野４０７番,36.11719625555556,136.2184332027778,100,
3914,公設消火栓,北分署,福井市つくし野３１０番,36.11689930555556,136.21895815000002,100,
3915,公設消火栓,北分署,福井市つくし野７１９番,36.11666024444444,136.21536955833332,150,
3916,公設消火栓,北分署,福井市つくし野１０１番,36.11650528888889,136.21643644166664,100,
3917,公設消火栓,北分署,福井市つくし野６１４番,36.11651331111111,136.2173303416667,150,
3918,公設消火栓,北分署,福井市つくし野４１２番,36.116638313888885,136.21801426111114,100,
3919,公設消火栓,北分署,福井市つくし野１００７番,36.115832366666666,136.21621148333335,150,
3920,公設消火栓,北分署,福井市つくし野６１０番,36.116038369444446,136.2174053416667,100,
3921,公設消火栓,北分署,福井市つくし野５１５番,36.11629336666667,136.21854720833335,100,
3922,公設消火栓,北分署,福井市つくし野８２５番,36.115635366666666,136.21525359722224,150,
3923,公設消火栓,北分署,福井市つくし野９０６番,36.11525242500001,136.21572855277776,100,
3924,公設消火栓,北分署,福井市つくし野１００６番,36.1145135,136.21511664166664,150,
3925,公設防火水槽,北分署,福井市つくし野１丁目,36.12030479722223,136.21525847222222,,
3926,私設防火水槽,南消防署,福井市月見２丁目４番１号,36.047107491666665,136.2134003527778,,
3927,公設消火栓,中消防署,福井市中央１丁目１６番８号,36.06136379722223,136.21946358055555,100,
3928,公設消火栓,中消防署,福井市中央１丁目２２番６号,36.059925025000005,136.2209354888889,100,
3929,公設消火栓,東消防署,福井市大東３丁目１番７号,36.06812014722222,136.2484255527778,150,
3930,公設消火栓,東消防署,福井市大東３丁目２番１８号,36.06879209444444,136.24867252499996,100,
3931,公設消火栓,麻生津分遣所,福井市中野３丁目１２０４番,36.00227081944445,136.18867733333332,100,
3932,公設消火栓,麻生津分遣所,福井市中野２丁目２０７番,36.002430772222226,136.18814937222226,150,
3933,公設消火栓,麻生津分遣所,福井市中野３丁目１２１０番,36.002854674999995,136.1876453888889,100,
3934,公設消火栓,麻生津分遣所,福井市中野２丁目２０１番,36.003123608333325,136.18717641111115,150,
3935,公設消火栓,麻生津分遣所,福井市中野２丁目１０１番９号,36.00378347777778,136.18695138611113,100,
3936,公設消火栓,麻生津分遣所,福井市中野３丁目９０２番,36.00261281666666,136.19027415555553,100,
3937,公設消火栓,麻生津分遣所,福井市中野３丁目８０３番,36.00221788888889,136.19036217500002,100,
3938,公設消火栓,麻生津分遣所,福井市中野１丁目２１０１番,36.000548069444434,136.18685864444447,150,
3939,公設消火栓,麻生津分遣所,福井市中野２丁目６０７番,36.00147194722223,136.18820943888892,150,
3940,公設消火栓,麻生津分遣所,福井市中野２丁目４０１番,36.002444733333334,136.18719246388892,100,
3941,公設消火栓,麻生津分遣所,福井市中野２丁目３０９番５号,36.00222075833333,136.186743525,150,
3942,公設消火栓,麻生津分遣所,福井市中野２丁目,36.001458875000004,136.18605965277774,150,
3943,公設消火栓,麻生津分遣所,福井市中野１丁目１３０１番,36.0019537611111,136.18537767777775,150,
3944,公設消火栓,東分署,福井市大和田町４７番２１号,36.098292475,136.25871818055555,150,
3945,公設消火栓,社分署,福井市江守の里２丁目１４０１番,36.02839790277778,136.1820655888889,250,
3946,公設消火栓,社分署,福井市江守の里１丁目１５１４番,36.02879186388889,136.18248053611114,100,
3947,公設消火栓,社分署,福井市江守の里１丁目１４０５番　,36.029362799999994,136.18263450277774,250,
3948,公設消火栓,社分署,福井市江守の里１丁目１５１９番　,36.02966876944445,136.1829574611111,100,
3949,公設消火栓,社分署,福井市江守の里１丁目１３０７番,36.03003972777778,136.1830334416667,250,
3950,公設消火栓,社分署,福井市江守の里１丁目１７０６番,36.03038069722221,136.1834143916667,100,
3951,公設消火栓,社分署,福井市江守の里１丁目１２１０番,36.03073365555556,136.18346737500002,250,
3952,公設消火栓,社分署,福井市江守の里１丁目１２０１番,36.031602561111114,136.18388930277777,100,
3953,公設消火栓,社分署,福井市江守の里１丁目１１０９番,36.03096461666667,136.18294442222222,100,
3954,公設消火栓,社分署,福井市江守の里１丁目９０３番,36.0298197388889,136.18225652777778,100,
3955,公設消火栓,社分署,福井市江守の里１丁目１４１５番,36.02907781666667,136.18182859444448,100,
3956,公設消火栓,社分署,福井市江守の里２丁目１２０４番,36.028058924999996,136.18122568333334,100,
3957,公設消火栓,社分署,福井市江守の里２丁目１６１６番,36.027240013888886,136.18080675555555,100,
3958,公設消火栓,社分署,福井市江守の里２丁目８１３番,36.02640908888889,136.1796699,100,
3959,公設消火栓,社分署,福井市江守の里２丁目８０７番,36.027067011111114,136.17966487777775,100,
3960,公設消火栓,社分署,福井市江守の里２丁目１００８番,36.02766495277778,136.18031179166664,150,
3961,公設消火栓,社分署,福井市江守の里２丁目３０１番,36.02819489722223,136.18063373888887,150,
3962,私設防火水槽,清水分署,福井市風巻町２１番４号,36.02909354166666,136.1482023277778,,
3963,私設防火水槽,清水分署,福井市風巻町２１番４号,36.029605475000004,136.14694846666663,,
3964,公設消火栓,南消防署,福井市春日２丁目７番１号,36.05248991111111,136.21817986666665,250,
3965,公設消火栓,南消防署,福井市春日３丁目５０１番,36.05203512777778,136.22414349444443,250,
3966,公設消火栓,南消防署,福井市春日１丁目１６番１３号,36.05244602222222,136.22218860833337,100,
3967,公設消火栓,清水分署,福井市大森町出村９９番１８号４,36.02513588055556,136.12689294722222,150,
3968,公設消火栓,清水分署,福井市大森町出村６４番８号１,36.02556783055555,136.12723789166665,150,
3969,公設消火栓,清水分署,福井市大森町６４番１１号,36.02664370555555,136.1282787361111,150,
3970,公設消火栓,清水分署,福井市大森町出村９９番２８号１,36.02740961666667,136.12913960833336,150,
3971,公設消火栓,清水分署,福井市大森町７１番１号１１,36.02796155277777,136.12968952500003,150,
3972,公設消火栓,清水分署,福井市大森町７０番１号,36.028562477777776,136.1299104805556,150,
3973,公設消火栓,清水分署,福井市大森町９０番１３号,36.029955297222216,136.1299124416667,75,
3974,公設消火栓,清水分署,福井市大森町９０番４号,36.02945237777778,136.131481275,200,
3975,公設消火栓,清水分署,福井市大森町９０番１６号,36.030222269444444,136.13071434166665,150,
3976,公設消火栓,清水分署,福井市大森町９０番２５号,36.03086119166666,136.13119826666667,150,
3977,公設消火栓,清水分署,福井市大森町１０６番,36.02596482777777,136.13169336666664,150,
3978,公設消火栓,清水分署,福井市大森町７７番３３号１,36.025361911111105,136.13236031111109,100,
3979,公設消火栓,清水分署,福井市大森町８０番１号,36.02429504999999,136.13274830555557,100,
3980,公設消火栓,清水分署,福井市大森町１０８番３号,36.026714750000004,136.13329515277778,100,
3981,プール,南消防署,福井市月見３丁目９番地１,36.0451497,136.21156651944446,,
3982,公設消火栓,社分署,福井市種池町２１番１号６９,36.03311645000001,136.18614403888887,150,
3983,公設消火栓,社分署,福井市種池町２１番１号８４,36.033666358333335,136.1853080972222,100,
3984,公設消火栓,社分署,福井市種池町１番１５号４７,36.03737493611111,136.1857749361111,250,
3985,公設消火栓,社分署,福井市種池町３番９０号,36.03530017222223,136.18555801944444,150,
3986,公設防火水槽,社分署,福井市種池町３番１０号,36.03534719444444,136.1864329361111,,
3987,公設消火栓,麻生津分遣所,福井市田中町１１番１３号,36.00575304444445,136.25656036944446,200,
3988,公設消火栓,麻生津分遣所,福井市田中町１０番２号,36.005631077777785,136.2577732777778,150,
3989,公設消火栓,麻生津分遣所,福井市岩倉町７番１０号１,36.00557509722222,136.25869520833334,200,
3990,公設消火栓,麻生津分遣所,福井市田中町地係,36.00820873333333,136.2586222666667,150,
3991,公設消火栓,麻生津分遣所,福井市田中町１０番３５号,36.00495018333334,136.25866019722224,250,
3992,公設消火栓,麻生津分遣所,福井市田中町１２番２４号１,36.00587900555555,136.25503448611113,200,
3993,公設消火栓,麻生津分遣所,福井市田中町５番１１号,36.006234988888885,136.2574393138889,100,
3994,公設消火栓,麻生津分遣所,福井市田中町１０番１４号,36.00534911388888,136.2575932861111,100,
3995,公設消火栓,臨海消防署,福井市田ノ頭町３番２号,36.13617329722222,136.11799199722222,100,
3996,公設消火栓,臨海消防署,福井市田ノ頭町３番３０号　南部製紙倉庫　南東側,36.135210427777785,136.11766506388886,100,
3997,公設消火栓,臨海消防署,福井市田ノ頭町９番２６号　,36.13442053611111,136.1174821138889,100,
3998,公設消火栓,川西分署,福井市田の谷町１４番６号,36.105100175000004,136.1762683861111,75,
3999,公設消火栓,麻生津分遣所,福井市中野２丁目１２１４番,36.00279157777778,136.18466867499998,150,
4000,公設消火栓,北分署,福井市中角町５０番４１号２,36.10128680833334,136.20552703333334,150,
4001,公設消火栓,北分署,福井市中角町５０番２２号,36.101925763888886,136.20609097777776,150,
4002,公設消火栓,北分署,福井市中角町５０番１２号,36.10283968055556,136.205938,150,
4003,公設消火栓,北分署,福井市中角町４４番４５号,36.102244750000004,136.20663192222224,100,
4004,公設消火栓,北分署,福井市中角町４４番１２号,36.103414638888886,136.2067159138889,150,
4005,公設消火栓,北分署,福井市中角町４４番２６号,36.10257573611111,136.20724886111114,100,
4006,公設消火栓,足羽分遣所,福井市栃泉町７４番１９号,36.005046575,136.27573352777782,100,
4007,公設消火栓,足羽分遣所,福井市栃泉町７７番９号,36.00433370277777,136.2768364166667,100,
4008,公設消火栓,足羽分遣所,福井市栃泉町７６番５１号,36.004039722222224,136.2761664888889,100,
4009,公設消火栓,足羽分遣所,福井市栃泉町７６番２８号,36.003970705555545,136.27541656666668,100,
4010,公設消火栓,足羽分遣所,福井市栃泉町８５番４５号,36.003628711111105,136.2740887083333,150,
4011,公設消火栓,足羽分遣所,福井市栃泉町８８番１２号,36.00312875555555,136.27337278333331,100,
4012,公設消火栓,足羽分遣所,福井市栃泉町地係,36.01288816944444,136.26312883055556,100,
4013,公設消火栓,足羽分遣所,福井市栃泉町６４番２５号,36.00738111944444,136.27135898333333,150,
4014,公設消火栓,足羽分遣所,福井市栃泉町７０番２号,36.006907149999996,136.26971414722223,150,
4015,公設消火栓,足羽分遣所,福井市栃泉町３２番１７号,36.01057174444444,136.27320077777776,150,
4016,公設消火栓,足羽分遣所,福井市栃泉町６９番１１号,36.00417851666666,136.2694811638889,100,
4017,公設消火栓,足羽分遣所,福井市栃泉町２６番１３７号,36.01105666111112,136.27270383333334,100,
4018,公設消火栓,社分署,福井市江守の里１丁目６０２番,36.029694736111104,136.1815286055556,150,
4019,公設消火栓,社分署,福井市江守の里１丁目１０１２番,36.030761625,136.18221450555558,150,
4020,公設消火栓,北分署,福井市上野本町１丁目１５１５番,36.11312835277778,136.23675226111115,100,
4021,公設消火栓,北分署,福井市上野本町３丁目１４０９番,36.11201670833333,136.2413077444444,100,
4022,公設消火栓,北分署,福井市上野本町４丁目９０４番,36.116287386111104,136.2458561694444,150,
4023,公設消火栓,北分署,福井市石盛３丁目９１６番,36.11534595277778,136.2340245777778,100,
4024,公設消火栓,北分署,福井市上野本町４丁目２８２５番,36.11281193055555,136.248000975,100,
4025,公設消火栓,北分署,福井市上野本町４丁目２８２５番,36.112499,136.24853791944443,100,
4026,公設消火栓,北分署,福井市上野本町３丁目６１７番,36.11238969722223,136.24207265555555,100,
4027,公設消火栓,北分署,福井市上野本町３丁目１５０９番,36.11307669999999,136.2439404361111,100,
4028,公設消火栓,北分署,福井市上野本町４丁目１６０３番,36.11338470833334,136.2448983222222,100,
4029,公設消火栓,北分署,福井市上野本町４丁目２３０１番,36.11342074444445,136.24574422222219,100,
4030,公設消火栓,北分署,福井市上野本町４丁目２０２７番,36.11368474722222,136.24652512777777,200,
4031,公設消火栓,北分署,福井市上野本町４丁目２４１７番,36.11378179166667,136.24766299722225,100,
4032,公設消火栓,北分署,福井市上野本町４丁目３１２番,36.11763424444444,136.2464720722222,150,
4033,公設消火栓,北分署,福井市上野本町４丁目７０９番,36.11755927777778,136.24692701944448,200,
4034,公設消火栓,北分署,福井市上野本町４丁目３１２番,36.11790326666667,136.2475769361111,150,
4035,公設消火栓,北分署,福井市上野本町４丁目２４２６番,36.113368875,136.24824593888886,100,
4036,公設消火栓,清水分署,福井市大森町１０８番３号９,36.02626180833333,136.13345415277774,100,
4037,公設消火栓,清水分署,福井市大森町７１番１号６,36.027597605555556,136.130242475,100,
4038,公設消火栓,清水分署,福井市大森町７１番,36.02787756944444,136.13040744444447,100,
4039,公設消火栓,清水分署,福井市大森町７１番,36.02725464722222,136.13016549444447,100,
4040,公設防火水槽,清水分署,福井市大森町７番４９号,36.021540263888895,136.12021381944444,,
4041,公設防火水槽,清水分署,福井市大森町６番１３号,36.02144225555556,136.1184690138889,,
4042,公設防火水槽,清水分署,福井市加茂町７字２－１９,36.021831191666664,136.11725513333332,,
4043,公設消火栓,社分署,福井市江守中町１番４０号,36.038272311111115,136.20181246944443,150,
4044,公設消火栓,社分署,福井市江守中町６番１８号,36.03603645277777,136.197454875,150,
4045,公設消火栓,社分署,福井市江守中町６番１号,36.03676141944444,136.19921571944445,250,
4046,公設消火栓,社分署,福井市江守中町２番１２号,36.03735532222222,136.19848474166668,100,
4047,公設消火栓,社分署,福井市江守中町６番１２８号,36.03532553333333,136.1972549222222,100,
4048,公設消火栓,社分署,福井市江守中町１２番１号,36.03493663333334,136.1987268388889,100,
4049,公設消火栓,社分署,福井市江守中町６番２９号,36.03698933611111,136.197512825,100,
4050,公設消火栓,社分署,福井市江守中町８番１０号,36.03386485,136.20108472777775,200,
4051,公設消火栓,社分署,福井市江守中町７番７号,36.0351367,136.20141564444444,200,
4052,公設消火栓,社分署,福井市江守中町７－１０１　,36.0359526,136.20159259444446,100,
4053,公設消火栓,社分署,福井市江守中町８－１３－１　山善運輸機工　西側,36.03456473611111,136.2004067416667,100,
4054,公設消火栓,川西分署,福井市田の谷町１８番１１号,36.10346443888888,136.172370625,100,
4055,公設消火栓,社分署,福井市種池１丁目６１１番,36.03527738333334,136.1921963972222,100,
4056,公設消火栓,社分署,福井市種池２丁目６０７番,36.03766397777778,136.18832167777776,150,
4057,公設消火栓,東分署,福井市若栄町１２５３番,36.08519135833333,136.2642489916667,100,
4058,公設消火栓,東分署,福井市若栄町１１０４番,36.08574123333333,136.26318707500002,150,
4059,公設消火栓,東分署,福井市若栄町１２０１番,36.08569731388889,136.26435096944442,150,
4060,公設消火栓,東分署,福井市若栄町１２１４番,36.08555240833333,136.26555986111111,150,
4061,公設消火栓,東分署,福井市若栄町１３０３番,36.08622216666667,136.2629490861111,150,
4062,公設消火栓,東分署,福井市若栄町３０８番,36.08314444166666,136.2623712138889,100,
4063,公設消火栓,東分署,福井市若栄町２０１番,36.08187241388889,136.2599494666667,100,
4064,公設消火栓,東分署,福井市若栄町８１０番,36.08346117777777,136.25878252500002,100,
4065,公設消火栓,東分署,福井市若栄町８０９番,36.08404418333333,136.2598124277778,100,
4066,公設防火水槽,東消防署,福井市米松１丁目１０番,36.065592047222225,136.24015901944446,,
4067,公設消火栓,臨海消防署,福井市両橋屋町２９番２８号,36.14461046944445,136.09321908611113,250,
4068,公設消火栓,臨海消防署,福井市両橋屋町２６番４８号,36.143987583333335,136.0919151972222,250,
4069,公設消火栓,臨海消防署,福井市両橋屋町３０番６９号,36.14541239166666,136.0924330861111,100,
4070,公設消火栓,臨海消防署,福井市両橋屋町２３番２５号１,36.14318579166667,136.08796447499998,250,
4071,公設消火栓,臨海消防署,福井市両橋屋町３８番１号,36.14276587222223,136.08690256111112,250,
4072,公設消火栓,臨海消防署,福井市両橋屋町２５番４２号,36.14344370277778,136.09010533333336,250,
4073,公設消火栓,足羽分遣所,福井市栃泉町３３番４８号,36.00980779444445,136.2715529611111,100,
4074,公設消火栓,足羽分遣所,福井市栃泉町３３番２４号,36.01015172777778,136.27071405,100,
4075,公設消火栓,足羽分遣所,福井市栃泉町１０４番９号,36.00742417222222,136.27325978055558,100,
4076,公設消火栓,麻生津分遣所,福井市徳光町５４番４号,36.006077944444435,136.25267566388888,200,
4077,公設消火栓,麻生津分遣所,福井市徳光町４４番１６号,36.00693775277777,136.24764605555555,200,
4078,公設消火栓,麻生津分遣所,福井市徳光町４０番１４号,36.00727768333333,136.24618614722223,150,
4079,公設消火栓,麻生津分遣所,福井市徳光町２１番１号２,36.00900740277777,136.24376329166665,100,
4080,公設消火栓,麻生津分遣所,福井市徳光町地係,36.00745767777778,136.24746108055555,150,
4081,公設消火栓,中消防署,福井市中央１丁目２１番６号,36.06001700277778,136.22054351944445,100,
4082,公設消火栓,中消防署,福井市中央１丁目４番２９号,36.06233670833333,136.22072145833337,200,
4083,公設消火栓,中消防署,福井市中央３丁目７番１２号,36.06396924166667,136.21234423611114,150,
4084,公設消火栓,中消防署,福井市中央３丁目３番１９号,36.06287446388889,136.21493898333335,150,
4085,公設消火栓,中消防署,福井市中央１丁目２１番３７号,36.060363938888884,136.21988256666668,100,
4086,公設消火栓,中消防署,福井市中央１丁目４番１４号,36.062033730555555,136.22015751388886,100,
4087,公設消火栓,中消防署,福井市中央１丁目１１番１１号,36.06041997222222,136.22136344166665,100,
4088,公設消火栓,中消防署,福井市中央１丁目１１番１号,36.060203011111106,136.22170741666665,100,
4089,公設消火栓,中消防署,福井市中央１丁目１１番１号,36.060738952777776,136.22207737222223,100,
4090,公設消火栓,中消防署,福井市中央１丁目１１－２０,36.059703066666664,136.22144345277778,100,
4091,公設消火栓,中消防署,福井市中央１丁目１１番３号,36.06098990555555,136.2215904055556,100,
4092,公設消火栓,北分署,福井市上野本町４丁目６番１２号,36.11743118611111,136.2446772972222,150,
4093,公設消火栓,北分署,福井市上野本町１丁目３５１４番,36.11201962222222,136.23952294722224,100,
4094,公設消火栓,北分署,福井市上野本町３丁目２２１５番,36.11180886666667,136.2440464361111,100,
4095,公設消火栓,北分署,福井市上野本町２丁目４０６番,36.11038771111111,136.23713320555552,100,
4096,公設消火栓,北分署,福井市上野本町２丁目５１６番,36.110819722222224,136.2384990583333,100,
4097,公設消火栓,東分署,福井市大和田１丁目１６０７番,36.090097988888886,136.25161895555553,250,
4098,公設消火栓,東分署,福井市大和田１丁目１００３番,36.09232867499999,136.25074998611112,100,
4099,公設消火栓,東分署,福井市大和田１丁目２０６番,36.09255941944444,136.2473202666667,150,
4100,公設消火栓,東分署,福井市大和田１丁目５０２番,36.093094427777785,136.24838816944444,100,
4101,公設消火栓,東分署,福井市大和田１丁目５０２番,36.09243956666666,136.24930510555555,150,
4102,公設消火栓,東分署,福井市大和田１丁目２０１番,36.09389718333333,136.24595235,150,
4103,公設消火栓,東分署,福井市大和田１丁目３０８番,36.09360428055556,136.24702027499998,100,
4104,公設消火栓,東分署,福井市大和田１丁目４０５番,36.093517452777775,136.24950106944442,100,
4105,公設消火栓,東分署,福井市大和田１丁目１０１番,36.092100391666676,136.245926375,150,
4106,公設消火栓,東分署,福井市大和田２丁目１７０２番,36.09625930833333,136.25231278611113,100,
4107,公設消火栓,東分署,福井市大和田２丁目１６０２番,36.09622237222222,136.25318771111114,100,
4108,公設消火栓,東分署,福井市大和田２丁目１７０１番,36.09667029444445,136.25289072777778,100,
4109,公設消火栓,東分署,福井市大和田１丁目２０６番,36.093025283333326,136.2459333638889,150,
4110,公設防火水槽,社分署,福井市江守中町１番１５号,36.03696245000001,136.20093559166668,,
4111,公設防火水槽,社分署,福井市江守中１丁目６０１番,36.034705575000004,136.19611805555553,,
4112,河川,社分署,福井市江守中町８番１８号,36.03435870555556,136.1987598638889,,
4113,公設消火栓,社分署,福井市江守の里２丁目１８０４番,36.025312247222224,136.18118678888888,100,
4114,公設消火栓,社分署,福井市江守の里２丁目１７０４番,36.02578119444444,136.1813287583333,100,
4115,公設消火栓,社分署,福井市江守の里２丁目１６２５番,36.02572818611112,136.18054783611112,250,
4116,公設消火栓,社分署,福井市江守の里２丁目１７１９番,36.02640611666667,136.18110875555553,100,
4117,公設消火栓,社分署,福井市江守の里２丁目１６０３番,36.02685606666666,136.18115373611113,250,
4118,公設消火栓,南消防署,福井市羽水１丁目３１７番６号,36.040719719444446,136.2298576916667,200,
4119,公設消火栓,南消防署,福井市羽水１丁目７０５番,36.04119467500001,136.2307356166667,100,
4120,公設消火栓,南消防署,福井市羽水１丁目２０６番,36.04119759444445,136.22686583888893,250,
4121,公設消火栓,南消防署,福井市羽水１丁目３０２番,36.04207249166667,136.2274107611111,100,
4122,公設消火栓,南消防署,福井市羽水２丁目３１９番,36.04046970000001,136.22739084444441,200,
4123,公設消火栓,南消防署,福井市羽水２丁目８０２,36.04053075,136.23010768888886,100,
4124,公設消火栓,南消防署,福井市羽水２丁目２０６番,36.03969182777778,136.2285548222222,100,
4125,公設消火栓,南消防署,福井市羽水２丁目７２２番,36.03966186111111,136.23000274166665,100,
4126,公設消火栓,南消防署,福井市羽水３丁目１１２番,36.036628236111106,136.2289219666667,100,
4127,公設消火栓,南消防署,福井市羽水３丁目１０７番,36.037970077777786,136.22973885,100,
4128,公設消火栓,南消防署,福井市羽水２丁目７２６番,36.03863399722222,136.23013279166668,100,
4129,公設防火水槽,臨海消防署,福井市両橋屋町２７番２５号,36.143974580555565,136.09209118888887,,
4130,公設消火栓,東消防署,福井市寮町４５番４３号,36.061660569444435,136.2667714333333,150,
4131,公設消火栓,東消防署,福井市寮町４３番４１号,36.061860636111106,136.26860128888887,150,
4132,公設消火栓,東消防署,福井市寮町３９番８号１,36.061981761111106,136.27148506666668,150,
4133,公設防火水槽,北分署,福井市山室町４４番２７号,36.12191492222222,136.18474452222225,,
4134,公設防火水槽,北分署,福井市山室町１５番１６号,36.12124798888889,136.18403961944446,,
4135,プール,北分署,福井市山室町１０番１２号,36.11965439444445,136.19416367222226,,
4136,受水槽,北分署,福井市山室町７０番,36.12615517222222,136.17866206111108,,
4137,受水槽,北分署,福井市山室町７２,36.12255852777778,136.17469860833333,,
4138,受水槽,北分署,福井市山室町６９番１０号１,36.12358040555555,136.17519052222224,,
4139,公設消火栓,川西分署,福井市八幡町３０番１号,36.12742081666666,136.14441296666666,200,
4140,公設消火栓,川西分署,福井市八幡町３２番１号,36.125652025,136.14372210000002,200,
4141,公設消火栓,川西分署,福井市燈豊町３６番１１号,36.12408817777777,136.14163236944444,200,
4142,公設消火栓,川西分署,福井市八幡町２９番７号,36.12945961388888,136.14649661388887,150,
4143,公設防火水槽,清水分署,福井市山内町１７番２５号,36.01192738333334,136.11615861111113,,
4144,公設防火水槽,清水分署,福井市山内町１４番１２号,36.013552205555555,136.11755840277777,,
4145,公設防火水槽,清水分署,福井市山内町３番４号,36.01579592222222,136.11671640555556,,
4146,公設防火水槽,清水分署,福井市山内町８番１７号,36.013641155555554,136.11478068888886,,
4147,河川,清水分署,福井市山内町９番１８号,36.01376816666667,136.11660249444444,,
4148,公設消火栓,中消防署,福井市中央２丁目１５番,36.06051385000001,136.21752176388893,100,
4149,公設消火栓,中消防署,福井市中央１丁目３番１３号,36.06231673055555,136.22141339722225,150,
4150,公設消火栓,中消防署,福井市中央３丁目１４番５号,36.06126672222222,136.2165438361111,100,
4151,公設防火水槽,中消防署,福井市中央２丁目１３番１３号,36.05756428333334,136.21930767499998,,
4152,公設防火水槽,中消防署,福井市中央１丁目１７番６号,36.06098383888889,136.21924960833334,,
4153,公設防火水槽,中消防署,福井市中央３丁目１番３号,36.06244158888889,136.217204775,,
4154,公設防火水槽,中消防署,福井市中央１丁目３番８号,36.06182279166667,136.22131841111113,,
4155,公設消火栓,中消防署,福井市中央１丁目５番５号,36.062377661111114,136.21933258333334,200,
4156,公設消火栓,中消防署,福井市中央１丁目５番１０号,36.062380644444445,136.21882962777778,200,
4157,河川,足羽分遣所,福井市中毘沙門町１９番５号,36.01971852777778,136.27504139444443,,
4158,公設消火栓,中消防署,福井市新田本町２－５０,36.10549592777778,136.2489829638889,150,
4159,公設消火栓,中消防署,福井市中藤新保町１５番２０号,36.106501849999994,136.2498408638889,150,
4160,公設消火栓,中消防署,福井市寺前町,36.10337105277777,136.24646723333333,150,
4161,公設消火栓,中消防署,福井市中藤新保町,36.10447291666666,136.24653621666664,150,
4162,公設消火栓,中消防署,福井市中藤新保町７番２１号,36.10523787500001,136.2475501111111,150,
4163,公設消火栓,中消防署,福井市中藤新保町８番１号６,36.10521003888889,136.25017984722223,100,
4164,公設消火栓,中消防署,福井市中藤新保町,36.10572694444445,136.24975488333337,100,
4165,公設防火水槽,中消防署,福井市中藤新保町１５番２号,36.106576833333335,136.2497298722222,,
4166,公設消火栓,東分署,福井市長本町１１０,36.07374116944445,136.24055592222223,300,
4167,私設消火栓,東分署,福井市大和田１丁目,36.088834927777775,136.24841623611107,65,
4168,公設防火水槽,東分署,福井市大和田町４６番２号,36.09777550277777,136.25816524166666,,
4169,公設防火水槽,東分署,福井市大和田町４６番８号１,36.09565373055556,136.2575353472222,,
4170,私設防火水槽,東分署,福井市大和田１丁目,36.091678486111114,136.246719325,,
4171,私設防火水槽,東分署,福井市大和田１丁目,36.08988668888888,136.24660035833335,,
4172,私設防火水槽,東分署,福井市大和田１丁目,36.091603608333344,136.24846618888887,,
4173,公設消火栓,中消防署,福井市大宮２丁目１４番２８号,36.08238611111112,136.21982426666668,100,
4174,公設消火栓,中消防署,福井市大宮４丁目５番４号,36.07988100000001,136.2068044222222,100,
4175,公設消火栓,中消防署,福井市大宮２丁目１番,36.08129536944445,136.22298185833336,150,
4176,公設消火栓,中消防署,福井市大宮２丁目２１番２６号,36.08287525555556,136.22456770277776,150,
4177,公設消火栓,西分署,福井市大宮６丁目３番１８号,36.07955385,136.19913161111108,100,
4178,公設消火栓,西分署,福井市大宮６丁目７番５号,36.07952687499999,136.20003046666668,100,
4179,公設消火栓,西分署,福井市大宮６丁目１番４号,36.07912597222223,136.20170717222223,100,
4180,公設消火栓,西分署,福井市大宮６丁目８番６号,36.07984184166667,136.20035644166668,100,
4181,公設消火栓,西分署,福井市大宮６丁目９番１８号,36.08043777499999,136.20101338611113,100,
4182,公設消火栓,西分署,福井市大宮６丁目９番２４号,36.07984086666667,136.20139627777777,100,
4183,公設消火栓,西分署,福井市大宮６丁目１番３０号,36.07986787777777,136.20193819444447,150,
4184,公設消火栓,西分署,福井市大宮５丁目２番１６号,36.080135925,136.20518169444443,100,
4185,公設消火栓,西分署,福井市大宮５丁目１０番１号,36.075309580555555,136.20619829722222,100,
4186,公設消火栓,南消防署,福井市羽水２丁目７２２号,36.03923392777777,136.23055773611108,100,
4187,公設消火栓,南消防署,福井市羽水２丁目３０９番,36.04074469722222,136.22889374444443,200,
4188,公設消火栓,南消防署,福井市羽水２丁目２０１番,36.040297738888896,136.22808581666666,100,
4189,公設消火栓,南消防署,福井市羽水２丁目５０２番,36.04000580555556,136.2295687472222,100,
4190,公設消火栓,南消防署,福井市羽水２丁目７０１番,36.03910590555556,136.22860785,100,
4191,公設消火栓,南消防署,福井市羽水３丁目１０７番,36.038526,136.22953583055556,200,
4192,公設消火栓,南消防署,福井市羽水２丁目１１９番,36.03916188888889,136.22822986666668,200,
4193,公設消火栓,南消防署,福井市羽水２丁目１２７番,36.03964781388889,136.2275688777778,100,
4194,公設消火栓,南消防署,羽水２丁目１３２番,36.04025071666666,136.22670289444446,100,
4195,公設消火栓,西分署,福井市上伏町１２番２５号,36.09355941666667,136.1919134833333,150,
4196,公設消火栓,東分署,福井市大和田町９番８号,36.099896936111115,136.25356561111113,150,
4197,公設消火栓,東分署,福井市大和田２丁目１００２番,36.099050022222215,136.25326065555558,150,
4198,公設消火栓,東分署,福井市大和田２丁目２００２番,36.098279097222225,136.25293969722225,150,
4199,公設消火栓,東分署,福井市大和田１丁目７０１番,36.09321157777777,136.25083296388885,150,
4200,公設消火栓,東分署,福井市大和田１丁目地係,36.09213966944444,136.2503610222222,150,
4201,公設消火栓,東分署,福井市大和田１丁目,36.09078478888888,136.24976609444445,150,
4202,公設消火栓,東分署,福井市大和田２丁目９０４番,36.09852497777777,136.25159081388887,100,
4203,公設消火栓,東分署,福井市大和田２丁目４１９番,36.095609124999996,136.24833913888887,100,
4204,公設消火栓,東分署,福井市大和田２丁目１０５番,36.09519103333333,136.24602433055554,150,
4205,公設消火栓,北分署,福井市山室町４７番１５号,36.124272577777774,136.18351158333334,150,
4206,公設消火栓,北分署,福井市山室町４６番５２号,36.12322574444445,136.18451150555558,150,
4207,公設消火栓,北分署,福井市山室町４３番２５号,36.12139199166667,136.18486952499998,150,
4208,公設消火栓,北分署,福井市山室町４０番１７号,36.11936525555556,136.18472559722224,150,
4209,公設消火栓,北分署,福井市山室町４６番２２号,36.11939520833333,136.18324775555553,150,
4210,公設消火栓,南消防署,福井市みのり４丁目８番６号,36.04917902777778,136.20587274999997,100,
4211,公設消火栓,南消防署,福井市みのり４丁目１５番１号,36.04913999722223,136.2045058361111,100,
4212,公設消火栓,南消防署,福井市みのり３丁目２１番２１号,36.04823520833334,136.20813363611109,200,
4213,公設消火栓,南消防署,福井市みのり４丁目１３番１号,36.04824617777778,136.20708670277776,200,
4214,公設消火栓,南消防署,福井市みのり４丁目１４番１４号,36.048276116666656,136.20482884444445,200,
4215,公設消火栓,南消防署,福井市みのり２丁目３番７号,36.051767908333325,136.21438013888888,150,
4216,公設消火栓,南消防署,福井市みのり２丁目３番１０号,36.051287975,136.21460014166666,150,
4217,公設消火栓,南消防署,福井市みのり２丁目３番１４号,36.050679055555555,136.21463315833333,150,
4218,公設消火栓,南消防署,福井市みのり１丁目２８番１９号,36.04819639722221,136.21528020555556,200,
4219,公設消火栓,南消防署,福井市みのり３丁目１３番５号,36.04816036388889,136.21380829444445,200,
4220,公設消火栓,南消防署,福井市みのり１丁目２５番２５号,36.05005415277777,136.21523614166668,200,
4221,公設消火栓,南消防署,福井市みのり１丁目５番２５号,36.04841041388889,136.21698309444446,100,
4222,公設消火栓,南消防署,福井市みのり２丁目５番３７号,36.04937422222222,136.21447821388887,300,
4223,公設消火栓,南消防署,福井市みのり２丁目５番５号,36.04956521388889,136.2150441722222,200,
4224,公設消火栓,東分署,福井市長本町１０３４,36.07593604166667,136.24263081666663,100,
4225,公設消火栓,東分署,福井市長本町１０２４,36.0767470388889,136.24415074444448,100,
4226,公設消火栓,川西分署,福井市中町９番５７号,36.10249597777777,136.14074754722222,100,
4227,公設消火栓,川西分署,福井市中町１４番２２号,36.101907086111105,136.14134749166666,100,
4228,公設消火栓,麻生津分遣所,福井市中野２丁目１６０１,36.00391341666667,136.18600146388889,150,
4229,公設消火栓,麻生津分遣所,福井市中野２丁目１１０１番,36.00318357777778,136.18660946111112,150,
4230,公設消火栓,麻生津分遣所,福井市中野２丁目１００７番,36.002260722222225,136.1859475972222,100,
4231,公設消火栓,麻生津分遣所,福井市中野１丁目１６１２番,36.00124188611111,136.18519575555555,200,
4232,公設防火水槽,麻生津分遣所,福井市中野１丁目２０６番,36.00271257777778,136.18414373055552,,
4233,公設防火水槽,麻生津分遣所,福井市中野２丁目１１２０番,36.003245549999995,136.18618749722225,,
4234,河川,川西分署,福井市燈豊町,36.123121141666665,136.13130341944446,,
4235,受水槽,川西分署,福井市燈豊町,36.119392633333334,136.12600893333334,,
4236,その他,川西分署,福井市燈豊町４３字才田９－３　九頭竜ワークショップ　七瀬ノ郷,36.12200235833333,136.13724987499998,,
4237,公設消火栓,中消防署,福井市灯明寺１丁目２８０１番１号,36.09172078888889,136.2101292444444,150,
4238,公設消火栓,中消防署,福井市灯明寺１丁目２３０６番１号,36.091873855555555,136.21282677222226,150,
4239,公設消火栓,中消防署,福井市灯明寺１丁目２１０１番,36.091580916666665,136.21391556666666,100,
4240,公設消火栓,中消防署,福井市灯明寺１丁目１１４番,36.09013306111112,136.21402448055554,100,
4241,公設消火栓,中消防署,福井市灯明寺１丁目２１０１番,36.091330891666665,136.2122758472222,200,
4242,公設消火栓,西分署,福井市大宮５丁目１４番３号,36.081480747222216,136.20498480277777,150,
4243,公設消火栓,西分署,福井市大宮５丁目１８番１３号,36.082369650000004,136.20559275,100,
4244,公設消火栓,西分署,福井市大宮５丁目１４番２１号,36.08220561388888,136.20367107222225,100,
4245,公設消火栓,西分署,福井市大宮５丁目１２番３９号,36.08146370833334,136.20350705000004,100,
4246,公設消火栓,西分署,福井市大宮５丁目６番２号,36.08042484166666,136.20343799166665,100,
4247,公設消火栓,西分署,福井市大宮５丁目１２番１７号,36.08121968888889,136.20171033333332,200,
4248,公設消火栓,西分署,福井市大宮６丁目１６番９号,36.08100569166667,136.2007604722222,100,
4249,公設消火栓,北分署,福井市上野本町４丁目１０１３番,36.11651441944444,136.24716100833334,100,
4250,公設消火栓,北分署,福井市上野本町４丁目１２３１番,36.11603646388889,136.24683105555556,100,
4251,公設消火栓,北分署,福井市上野本町１丁目３６０８番,36.11221463611112,136.24031685555553,150,
4252,公設消火栓,北分署,福井市上野本町１丁目３６０２番,36.11292254999999,136.2403618472222,150,
4253,公設消火栓,北分署,福井市上野本町２丁目１２４番,36.109731700000005,136.2352983972222,100,
4254,公設消火栓,北分署,福井市上野本町４丁目８０１番,36.116911238888896,136.24440533611107,100,
4255,公設消火栓,北分署,福井市上野本町４丁目８０４番,36.116164336111105,136.2444383416667,100,
4256,公設消火栓,北分署,福井市上野本町３丁目１５３３番,36.11193876944445,136.24239862222225,100,
4257,公設消火栓,北分署,福井市上野本町３丁目１５２６番,36.11262375555556,136.24391744166664,100,
4258,公設消火栓,北分署,福井市栗森１丁目１１０２番,36.11543640277779,136.24391941111108,100,
4259,公設消火栓,北分署,福井市上野本町４丁目１４０６番,36.11472251666666,136.24444135833332,100,
4260,公設消火栓,東分署,福井市大和田町３５番８号,36.096706386111116,136.25431260277776,100,
4261,公設消火栓,東分署,福井市大和田町２９番４７号,36.09447562222222,136.25370169722223,100,
4262,公設消火栓,東分署,福井市大和田１丁目７０１番,36.09247268611111,136.2511829472222,250,
4263,公設消火栓,東分署,福井市大和田町２２番５号,36.09420979166667,136.255799525,150,
4264,公設消火栓,東分署,福井市大和田２丁目２０２番,36.096513900000005,136.24654428055555,150,
4265,公設消火栓,東分署,福井市大和田２丁目１４０１番,36.09430161111112,136.2532457388889,250,
4266,公設消火栓,東分署,福井市大和田２丁目８０１番,36.099110869444445,136.25103585555556,100,
4267,公設消火栓,東分署,福井市大和田２丁目８０１番,36.09882976388889,136.2489050527778,100,
4268,公設消火栓,東分署,福井市大和田町２７番９号,36.09614250833334,136.25512454444444,100,
4269,公設消火栓,東分署,福井市大和田２丁目１６０２番,36.09561440833333,136.2525997722222,100,
4270,公設消火栓,東分署,福井市大和田１丁目１２１０番,36.09139384444444,136.25170092500002,250,
4271,公設防火水槽,中消防署,福井市中央３丁目１４番２号,36.061319719444434,136.21662982777775,,
4272,公設防火水槽,中消防署,福井市中央１丁目１１番１０号,36.06031198333333,136.2212384527778,,
4273,公設防火水槽,殿下分遣所,福井市千合町１８番１５号,36.04847299722222,136.0334058861111,,
4274,私設防火水槽,殿下分遣所,福井市千合町１４番７号,36.04706108611111,136.0322580777778,,
4275,公設消火栓,南消防署,福井市みのり２丁目３番２８号,36.0501381111111,136.2140582138889,150,
4276,公設消火栓,南消防署,福井市みのり２丁目５番１７号,36.04851534444444,136.21483321944444,200,
4277,公設消火栓,南消防署,福井市みのり２丁目３番４４号,36.05074301666667,136.21345823055555,100,
4278,公設消火栓,南消防署,福井市みのり２丁目１３番３号,36.051525902777776,136.21301623333335,100,
4279,公設消火栓,南消防署,福井市みのり２丁目１４番１５号,36.05191683611111,136.21235926388886,100,
4280,公設消火栓,南消防署,福井市みのり２丁目１９番８号,36.05223776944444,136.21139631666662,200,
4281,公設消火栓,東消防署,福井市和田中１丁目７１２番,36.04702223888889,136.24596735000003,200,
4282,公設消火栓,東消防署,福井市和田中２丁目２１０７番,36.04469958333334,136.2513330777778,100,
4283,公設消火栓,東消防署,福井市和田中２丁目２３１１番,36.04465056111111,136.24966220277776,100,
4284,公設消火栓,東消防署,福井市和田中２丁目１１０６番,36.04678033055555,136.2492151444444,100,
4285,公設消火栓,東消防署,福井市和田中２丁目２８１１番,36.04445252777777,136.2461644583333,100,
4286,公設消火栓,東消防署,福井市和田中２丁目２９０８番,36.04365864444445,136.24759541111112,100,
4287,公設消火栓,東消防署,福井市和田中２丁目１５０５番,36.046464308333334,136.24649534444447,100,
4288,公設消火栓,東消防署,福井市和田中２丁目２９０６番,36.044227575,136.24751238333332,100,
4289,公設消火栓,東消防署,福井市和田中２丁目７１０番,36.04718322777778,136.24624532777779,100,
4290,公設消火栓,東消防署,福井市和田中２丁目２５０９番,36.04712525555555,136.24739225555555,100,
4291,公設消火栓,東消防署,福井市和田中２丁目,36.04496850277778,136.24833628333334,100,
4292,公設消火栓,東消防署,福井市和田中１丁目３２１番,36.04797212222223,136.24535634722224,150,
4293,公設消火栓,東消防署,福井市和田中１丁目９０１番,36.04690021666667,136.2441144722222,200,
4294,公設消火栓,中消防署,福井市灯明寺１丁目１２１番,36.08925814444445,136.2139394555556,100,
4295,公設消火栓,中消防署,福井市灯明寺２丁目１４１０番,36.094418633333326,136.21367773611112,150,
4296,公設消火栓,中消防署,福井市灯明寺２丁目２２０４番,36.092509825,136.21383662222226,150,
4297,公設消火栓,中消防署,福井市灯明寺１丁目２４０１番,36.09248276666667,136.21184796666668,100,
4298,公設消火栓,中消防署,福井市灯明寺１丁目２７０４番,36.09241773611111,136.2106351777778,100,
4299,公設消火栓,中消防署,福井市灯明寺２丁目１３０９番１号,36.09469557777778,136.21270590833336,100,
4300,公設消火栓,中消防署,福井市灯明寺２丁目１４０９番１号,36.09474359722223,136.2135477722222,100,
4301,公設消火栓,川西分署,福井市燈豊町２４番１４号,36.122824191666666,136.1334642388889,100,
4302,公設消火栓,川西分署,福井市燈豊町２４番１１号,36.12305715277778,136.1317893777778,100,
4303,公設消火栓,川西分署,福井市燈豊町２３番４号,36.12336510555555,136.13042848888887,100,
4304,公設消火栓,川西分署,福井市燈豊町３６番２号,36.12147949722222,136.1408275166667,150,
4305,公設消火栓,東消防署,福井市問屋町１丁目１８１番,36.05599041111111,136.25006973333333,100,
4306,公設消火栓,東消防署,福井市問屋町１丁目２０４番,36.05572946944444,136.251119675,100,
4307,公設消火栓,東消防署,福井市問屋町１丁目２０４番,36.05560152499999,136.25242259722222,100,
4308,公設消火栓,東消防署,福井市問屋町２丁目１２６番,36.055568575,136.2538225111111,100,
4309,公設消火栓,東消防署,福井市問屋町１丁目１６０番,36.05670134166666,136.2500837111111,100,
4310,公設消火栓,東消防署,福井市問屋町１丁目２０８番,36.05654040833333,136.2515506222222,150,
4311,公設消火栓,東消防署,福井市問屋町１丁目２５１番,36.056246475,136.2527385583333,100,
4312,公設消火栓,東消防署,福井市問屋町２丁目１１８番,36.055924561111105,136.2544584611111,100,
4313,公設消火栓,北分署,福井市上野本町３丁目１３０２番,36.113567647222226,136.24411640833333,100,
4314,公設消火栓,北分署,福井市上野本町４丁目１１６番,36.117956174999996,136.24586314444443,100,
4315,公設消火栓,北分署,福井市上野本町４丁目１５０１番,36.115318474999995,136.24515126666668,100,
4316,公設消火栓,北分署,福井市上野本町４丁目１６０３番,36.11424561388889,136.245207275,100,
4317,公設消火栓,北分署,福井市上野本町４丁目１５０１番,36.1146276,136.24593218333334,150,
4318,公設消火栓,北分署,福井市上野本町４丁目１７１８番,36.115165563888894,136.2465840972222,100,
4319,公設消火栓,北分署,福井市上野本町１丁目３１４番,36.11302530277778,136.23545640833333,100,
4320,公設消火栓,東分署,福井市開発４丁目３０３番,36.08383285833334,136.23766594444447,100,
4321,公設消火栓,東分署,福井市開発２丁目９０５番,36.07762381111112,136.24181384444444,100,
4322,公設消火栓,国見分遣所,福井市大丹生町１３番１５号,36.072695977777784,136.03039663333337,100,
4323,公設防火水槽,国見分遣所,福井市大丹生町４８番１２号,36.07289887222222,136.026551875,,
4324,河川,国見分遣所,福井市大丹生町　,36.07269388611112,136.02650489166663,,
4325,公設消火栓,東消防署,福井市大畑町７８番２２号,36.042037674999996,136.27794637222223,100,
4326,公設消火栓,東消防署,福井市大畑町５２番４１号,36.041303811111106,136.2794992916667,100,
4327,公設消火栓,東消防署,福井市大畑町５１番２３号,36.04185982777778,136.28134310833335,100,
4328,公設消火栓,東消防署,福井市宮地町５９番４号,36.04386259722223,136.28049005,150,
4329,公設消火栓,東消防署,福井市大畑町５４番１号,36.04369564722223,136.28135698611112,150,
4330,公設消火栓,東消防署,福井市大畑町６９番,36.04228144166666,136.2726127916667,200,
4331,公設防火水槽,東消防署,福井市大畑町５９番２１号,36.04145981666666,136.2800682361111,,
4332,私設防火水槽,殿下分遣所,福井市千合町１２番３号,36.04850097222223,136.03251095833335,,
4333,公設消火栓,南消防署,福井市月見４丁目１２番１５号,36.046751263888886,136.20297001666668,100,
4334,公設消火栓,南消防署,福井市月見５丁目１１番１１号,36.04483852777777,136.20355404444447,100,
4335,公設消火栓,南消防署,福井市月見２丁目２番５号,36.047565463888894,136.2146942611111,150,
4336,公設消火栓,南消防署,福井市月見２丁目５番６号,36.0464856138889,136.21503027777777,150,
4337,公設消火栓,南消防署,福井市月見２丁目５番１２号,36.045971683333335,136.21513328888886,150,
4338,公設消火栓,南消防署,福井市月見２丁目７番２０号,36.04599962222222,136.21290341666668,150,
4339,公設消火栓,南消防署,福井市月見３丁目８番７号,36.046110580555556,136.21183947500003,100,
4340,公設消火栓,南消防署,福井市月見２丁目１０番１１号,36.044899819444446,136.21489134166669,150,
4341,公設消火栓,中消防署,福井市中央１丁目１８番４号,36.06158871388889,136.21768873333335,200,
4342,公設消火栓,中消防署,福井市中央１丁目８番１０号,36.06161173611111,136.21852765833333,200,
4343,公設消火栓,清水分署,福井市滝波町５１番３号,36.02254205555555,136.11323555833332,200,
4344,公設消火栓,清水分署,福井市滝波町５６番１１号,36.02290901944444,136.1139114722222,200,
4345,公設消火栓,清水分署,福井市滝波町５６番２２号,36.02329498055556,136.11467937777775,200,
4346,河川,清水分署,福井市滝波町５０番１号,36.0210122,136.11006994444443,,
4347,公設消火栓,清水分署,福井市竹生町１９番３０号,36.04483754722222,136.15121778333332,200,
4348,公設消火栓,清水分署,福井市竹生町１７番５号,36.04570644444445,136.15109280555555,100,
4349,公設消火栓,清水分署,福井市竹生町１９番１９号,36.04541248333333,136.15214768333334,100,
4350,公設消火栓,清水分署,福井市竹生町２０番５号,36.044987533333334,136.15230666111114,100,
4351,公設消火栓,麻生津分遣所,福井市中野１丁目１３１３番,36.001803772222225,136.18490073611113,100,
4352,公設消火栓,麻生津分遣所,福井市中野１丁目６０１番,36.002554611111115,136.18426773333334,100,
4353,公設消火栓,麻生津分遣所,福井市中野１丁目２３０４番,35.99964321666667,136.1862557777778,100,
4354,公設消火栓,麻生津分遣所,福井市中野１丁目２５１２番,35.99936622777778,136.18480594999997,100,
4355,公設消火栓,麻生津分遣所,福井市中野１丁目２５１８番,35.99974715833334,136.18491890833332,100,
4356,公設消火栓,麻生津分遣所,福井市中野１丁目１９０９番,36.00010609444444,136.18500386944442,100,
4357,公設消火栓,麻生津分遣所,福井市中野１丁目１７１１番,36.00058500555556,136.18506982222226,100,
4358,公設消火栓,麻生津分遣所,福井市中野１丁目２１０５番,36.00019811111111,136.18614574444442,150,
4359,公設消火栓,麻生津分遣所,福井市中野１丁目１５１４番,36.00088697222222,136.185777725,100,
4360,公設消火栓,麻生津分遣所,福井市中野２丁目１２０４番,36.00263763055556,136.1853226277778,100,
4361,公設消火栓,麻生津分遣所,福井市中野２丁目１１１４番,36.00312953888888,136.18536358333336,100,
4362,公設消火栓,麻生津分遣所,福井市中野２丁目１３０４番,36.00347244722222,136.18463162499998,100,
4363,公設消火栓,麻生津分遣所,福井市中野２丁目１７０１番２号,36.003966375000005,136.18519153611115,150,
4364,公設消火栓,麻生津分遣所,福井市中野２丁目１０１番１号,36.004400322222224,136.18589943611107,100,
4365,公設消火栓,麻生津分遣所,福井市中野３丁目２０１番,36.00414450833333,136.18930914166668,100,
4366,公設消火栓,麻生津分遣所,福井市中野３丁目５０１番,36.004366530555565,136.1908219861111,200,
4367,公設消火栓,麻生津分遣所,福井市中野３丁目６０２番１３号,36.00372663333333,136.19061004722218,200,
4368,公設消火栓,麻生津分遣所,福井市中野３丁目１００２番１号,36.00312571944444,136.19009413611113,200,
4369,公設消火栓,南消防署,福井市みのり３丁目１８番１５号,36.04943813055555,136.21128040555553,200,
4370,公設消火栓,南消防署,福井市みのり３丁目１８番３号,36.049363177777785,136.2127193222222,150,
4371,公設消火栓,南消防署,福井市みのり３丁目２９番８号,36.049038180555556,136.211178425,100,
4372,公設消火栓,南消防署,福井市みのり１丁目１４番１３号,36.04832438888889,136.21553918333336,200,
4373,公設消火栓,南消防署,福井市みのり１丁目７番２号,36.0512490388889,136.21687199722226,100,
4374,公設消火栓,南消防署,福井市みのり１丁目５番２０号,36.04929929722222,136.21692806666664,100,
4375,公設消火栓,南消防署,福井市みのり１丁目１９番７号,36.05017614722223,136.21560311666664,100,
4376,公設消火栓,南消防署,福井市みのり４丁目１５番２９号,36.04905998611111,136.20366689166667,100,
4377,公設消火栓,南消防署,福井市みのり４丁目６番３６号,36.04991490555555,136.2048197888889,100,
4378,公設消火栓,南消防署,福井市みのり４丁目４番２号,36.05103183333333,136.20770058055558,100,
4379,公設消火栓,南消防署,福井市みのり４丁目１２番１号,36.04973800277777,136.20781461111108,100,
4380,公設消火栓,南消防署,福井市みのり４丁目１１番３０号,36.049856961111104,136.20671667499997,100,
4381,公設消火栓,南消防署,福井市みのり４丁目１３番１号,36.048754116666665,136.20724467777777,100,
4382,公設消火栓,西分署,福井市深谷町４０番２号,36.085131525,136.1687320638889,100,
4383,公設消火栓,麻生津分遣所,福井市帆谷町９番１６号,36.003178991666665,136.22952797222223,100,
4384,公設消火栓,麻生津分遣所,福井市今市町４番１５号,36.00747753611111,136.2028757583333,150,
4385,公設消火栓,臨海消防署,福井市浜住町２番２８号,36.134104533333335,136.07164593888888,100,
4386,公設消火栓,北分署,福井市石盛３丁目３０８番,36.11877465555556,136.23701323611112,100,
4387,公設消火栓,社分署,福井市若杉１丁目２５１２番,36.058666505555564,136.19075220555558,100,
4388,公設消火栓,社分署,福井市若杉１丁目２７２６番,36.05836951111112,136.18872144444444,100,
4389,公設消火栓,社分署,福井市若杉１丁目２９０１番,36.057905555555564,136.1881245027778,100,
4390,公設消火栓,社分署,福井市若杉１丁目３００５番,36.05755561111112,136.18898538333332,100,
4391,公設消火栓,社分署,福井市若杉１丁目３１０１番,36.05800858888888,136.19092415833336,200,
4392,公設消火栓,社分署,福井市若杉１丁目２５１５番,36.058191574999995,136.19162707777778,100,
4393,公設消火栓,社分署,福井市若杉４丁目３０５番,36.05800552222223,136.1866496888889,100,
4394,公設消火栓,東消防署,福井市米松２丁目２１番１８号,36.072030475,136.24288681944444,100,
4395,公設消火栓,麻生津分遣所,福井市森行町１６番２０号,35.99536029722221,136.1993146638889,150,
4396,公設消火栓,麻生津分遣所,福井市森行町２６番１５号,35.99204675833334,136.19847292222224,100,
4397,公設消火栓,麻生津分遣所,福井市森行町１５番２８号,35.994377427777785,136.19871577777778,100,
4398,公設消火栓,麻生津分遣所,福井市森行町２０番１号２５,35.99482631111112,136.19710993055557,100,
4399,公設消火栓,麻生津分遣所,福井市森行町２０番１号７,35.995442216666675,136.1972898777778,100,
4400,公設消火栓,麻生津分遣所,福井市森行町２０番１号２９,35.995019266666674,136.1965239861111,100,
4401,公設消火栓,麻生津分遣所,福井市森行町１５番２８号,35.994203486111104,136.19972867777778,100,
4402,公設消火栓,麻生津分遣所,福井市森行町７番１３号３,35.99630220555555,136.20096244444443,100,
4403,公設消火栓,麻生津分遣所,福井市森行町１６番１４号,35.99531033888889,136.2002755638889,100,
4404,公設消火栓,麻生津分遣所,福井市森行町２４番１号,35.99484228888889,136.19610204444442,100,
4405,公設消火栓,川西分署,福井市燈豊町,36.123552205555555,136.13962759722224,150,
4406,公設消火栓,川西分署,福井市燈豊町,36.124234124999994,136.14006353611114,100,
4407,公設消火栓,川西分署,福井市燈豊町,36.12529699444444,136.14032748611115,150,
4408,公設消火栓,川西分署,福井市燈豊町,36.12563894166666,136.13992552222226,100,
4409,公設消火栓,川西分署,福井市燈豊町,36.124900025,136.1394475888889,100,
4410,公設消火栓,川西分署,福井市燈豊町３９－６－１８２　,36.12572690833334,136.1390306194444,150,
4411,公設消火栓,川西分署,福井市燈豊町　日本住研第１発電所北西側,36.12556991388889,136.13828670555557,150,
4412,公設消火栓,川西分署,福井市燈豊町,36.12532095555556,136.13870366388886,100,
4413,公設消火栓,川西分署,福井市燈豊町,36.124410075,136.13873767777778,100,
4414,公設消火栓,川西分署,福井市燈豊町,36.12253532777778,136.13909967222224,150,
4415,公設防火水槽,川西分署,福井市燈豊町地係　,36.12600686944444,136.13891962777777,,
4416,公設防火水槽,川西分署,福井市燈豊町ネオポリス本郷内,36.12456308055556,136.1399415416667,,
4417,公設消火栓,足羽分遣所,福井市東郷二ヶ町３１番７号,36.01876553333334,136.27206375000003,100,
4418,公設消火栓,足羽分遣所,福井市東郷二ヶ町２４番３１号,36.01670179999999,136.2708139222222,100,
4419,公設消火栓,足羽分遣所,福井市東郷二ヶ町１５番１号,36.017615574999994,136.2670922833333,150,
4420,公設消火栓,足羽分遣所,福井市東郷二ヶ町１６番１１号,36.01726264166667,136.26775122499998,100,
4421,公設消火栓,南消防署,福井市天王町８番１３号,36.02759963888889,136.2378110444444,150,
4422,公設消火栓,南消防署,福井市天王町１５番１１号,36.02754366666667,136.23931597777778,150,
4423,公設消火栓,南消防署,福井市天王町１９番３５号,36.02651377499999,136.23645016944442,100,
4424,公設消火栓,麻生津分遣所,福井市中野３丁目９１３番,36.002763772222224,136.1898421861111,200,
4425,公設消火栓,麻生津分遣所,福井市中野３丁目９０８番,36.001933891666674,136.18903632500002,200,
4426,公設消火栓,足羽分遣所,福井市東郷二ヶ町１６番１号,36.01566585833333,136.26708733611113,100,
4427,公設消火栓,足羽分遣所,福井市東郷二ヶ町３７番３１号,36.01546282499999,136.26446761388888,100,
4428,公設消火栓,足羽分遣所,福井市東郷二ヶ町６番１３号,36.018468438888895,136.26657031388888,150,
4429,公設消火栓,足羽分遣所,福井市東郷二ヶ町１１番１号,36.019045402777785,136.26847310555556,150,
4430,公設消火栓,足羽分遣所,福井市東郷二ヶ町１１番１号,36.01928139444444,136.26946400000003,100,
4431,公設消火栓,足羽分遣所,福井市東郷二ヶ町３１番１号,36.01833456388888,136.27076989166665,150,
4432,公設消火栓,足羽分遣所,福井市東郷二ヶ町１１番１号,36.018840461111104,136.26964799166663,150,
4433,公設消火栓,足羽分遣所,福井市東郷二ヶ町１１番１号,36.01852048333333,136.2686731,100,
4434,公設消火栓,足羽分遣所,福井市東郷二ヶ町１３番１０号,36.017827580555554,136.268591125,100,
4435,公設消火栓,足羽分遣所,福井市東郷二ケ町３０番,36.017781649999996,136.2710668722222,100,
4436,公設消火栓,足羽分遣所,福井市東郷二ケ町３６番２９号,36.01601600555556,136.27393659722222,150,
4437,公設消火栓,足羽分遣所,福井市東郷二ヶ町２１番２９号,36.015462916666664,136.2682872138889,100,
4438,公設消火栓,足羽分遣所,福井市東郷二ヶ町２２番,36.01554893055555,136.26943209444445,100,
4439,公設消火栓,足羽分遣所,福井市東郷二ケ町３５番３号,36.017423799999996,136.27382558055558,100,
4440,公設消火栓,川西分署,福井市燈豊町３７番１３号,36.122948313888884,136.1410524583333,200,
4441,公設消火栓,川西分署,福井市燈豊町２７番３９号,36.123063166666675,136.13468913055556,100,
4442,公設消火栓,足羽分遣所,福井市東郷中島町１１番１３号,36.023575488888895,136.2596787222222,100,
4443,公設消火栓,北分署,福井市栗森２丁目３１０番,36.11677396111111,136.23816309444445,200,
4444,公設消火栓,北分署,福井市上野本町１丁目１０７７番,36.11582299166666,136.2362703222222,150,
4445,公設消火栓,東分署,福井市新保北１丁目３０３番,36.086205255555555,136.24878025277778,100,
4446,公設消火栓,足羽分遣所,福井市深見町１０３番３号,36.00162090833333,136.27250585277778,150,
4447,公設消火栓,足羽分遣所,福井市深見町１０３番１号,36.001925855555555,136.27200890555557,150,
4448,公設消火栓,足羽分遣所,福井市深見町１０２番２号,36.00207581666667,136.27087601388888,150,
4449,公設消火栓,清水分署,福井市平尾町１２番３６号,36.03739212222223,136.10873554166665,100,
4450,公設消火栓,清水分署,福井市平尾町１３－４０,36.03699615277778,136.1075726638889,100,
4451,公設消火栓,清水分署,福井市平尾町１３番３８号,36.03684518888888,136.10847658055556,150,
4452,公設消火栓,清水分署,福井市平尾町４７番１号,36.036219286111105,136.109261525,100,
4453,公設消火栓,清水分署,福井市平尾町２５番８２号,36.035458388888884,136.1093525472222,150,
4454,公設消火栓,清水分署,福井市平尾町２４番１２号,36.03540136111111,136.1076997111111,100,
4455,公設防火水槽,清水分署,福井市平尾町１６番２７号,36.03789003611111,136.1076246361111,,
4456,公設消火栓,社分署,福井市舞屋町２－１９－１,36.03573368055555,136.20316549722222,100,
4457,公設消火栓,足羽分遣所,福井市前波町１２番１９号,36.01951091388889,136.2984054361111,150,
4458,公設消火栓,足羽分遣所,福井市前波町１２番２０号,36.01875603333334,136.2987634111111,150,
4459,公設消火栓,足羽分遣所,福井市前波町１２番２９号,36.01787516666667,136.29914438055556,150,
4460,公設消火栓,北分署,福井市東森田３丁目１１２７番,36.11796347777778,136.25181045277776,100,
4461,公設消火栓,北分署,福井市東森田３丁目１１１９番,36.117793522222215,136.25225940555555,100,
4462,公設消火栓,北分署,福井市東森田２丁目４１４番,36.11817933333333,136.24955970555555,100,
4463,公設消火栓,北分署,福井市東森田２丁目１０１４番,36.118244358333335,136.25022263055558,100,
4464,公設消火栓,北分署,福井市東森田２丁目１５０３番,36.12003423055556,136.252139375,200,
4465,公設消火栓,北分署,福井市河合寄安町１６０２番,36.12065914166666,136.25193238055553,150,
4466,公設消火栓,北分署,福井市東森田３丁目１１６番,36.11946731388889,136.25231836944442,100,
4467,公設消火栓,北分署,福井市東森田１丁目７０６番,36.115619697222215,136.25031666666663,100,
4468,公設消火栓,北分署,福井市東森田３丁目１６１５番,36.11666863888888,136.25175448333334,100,
4469,公設消火栓,東消防署,福井市南四ツ居１丁目３番１２号,36.063123463888886,136.24390086944442,300,
4470,公設消火栓,東消防署,福井市南四ツ居１丁目１番２号,36.06227548055556,136.24196397500003,100,
4471,公設消火栓,東消防署,福井市南四ツ居２丁目４番,36.060042744444445,136.24262000833335,100,
4472,公設消火栓,東消防署,福井市南四ツ居２丁目６番１７号,36.05988477777777,136.24312598888892,100,
4473,公設消火栓,東消防署,福井市南四ツ居１丁目４番５号,36.06245050277778,136.24306991944445,100,
4474,公設消火栓,東消防署,福井市南四ツ居１丁目４番１３号,36.062398541666674,136.2439698777778,100,
4475,公設消火栓,東消防署,福井市南四ツ居１丁目５番２１号,36.061625622222216,136.24389189166664,100,
4476,公設消火栓,東消防署,福井市南四ツ居１丁目１０番１３号,36.0630675,136.24470083333333,300,
4477,公設消火栓,東消防署,福井市南四ツ居１丁目１１番３号,36.06311254444445,136.2459697722222,300,
4478,公設消火栓,南消防署,福井市天王町１６番８号,36.02658878333333,136.23780810555553,100,
4479,公設消火栓,南消防署,福井市天王町２７番１１号,36.02407218055556,136.23985017500002,100,
4480,公設消火栓,南消防署,福井市天王町２７番２１号,36.02400320833334,136.24094414166666,100,
4481,公設防火水槽,南消防署,福井市天王町２７番１１号,36.02414716944445,136.23971117500002,,
4482,公設消火栓,東消防署,福井市問屋町１丁目７番,36.05479351666667,136.2497587916667,100,
4483,公設消火栓,東消防署,福井市問屋町１丁目３３番,36.05498854444445,136.25120869444444,150,
4484,公設消火栓,東消防署,福井市問屋町１丁目３９番,36.05502959444445,136.25293658333334,150,
4485,公設消火栓,東消防署,福井市問屋町２丁目８番,36.05506365,136.25474746944448,150,
4486,公設消火栓,東消防署,福井市問屋町２丁目４２番,36.05577160000001,136.25521341944443,100,
4487,公設消火栓,東消防署,福井市問屋町２丁目４４番,36.05564365833333,136.25664133333336,100,
4488,公設消火栓,東消防署,福井市問屋町２丁目３８番,36.05508869166667,136.25611938333333,150,
4489,公設消火栓,東消防署,福井市問屋町２丁目５６番,36.05511874444445,136.25789427222225,150,
4490,公設消火栓,東消防署,福井市問屋町２丁目１６番,36.05419982499999,136.25793629722224,100,
4491,公設消火栓,東消防署,福井市問屋町２丁目３２番,36.05416578333333,136.25643839166668,100,
4492,公設防火水槽,西分署,福井市照手２丁目３番,36.066293844444445,136.20943357222222,,
4493,公設防火水槽,西分署,福井市照手３丁目６番１２号,36.06799856666667,136.20683690833334,,
4494,公設防火水槽,西分署,福井市照手１丁目９番,36.06713779722222,136.21158336666664,,
4495,公設消火栓,中消防署,福井市高柳１丁目１９０１番,36.089366544444445,136.24312558611112,100,
4496,公設消火栓,中消防署,福井市高木中央３丁目３０５番,36.08892534444445,136.23886585277776,100,
4497,公設消火栓,足羽分遣所,福井市前波町１６番７号,36.01697533333333,136.2999223027778,150,
4498,公設消火栓,足羽分遣所,福井市前波町１３番１０号,36.018317144444445,136.2994853277778,100,
4499,公設消火栓,足羽分遣所,福井市前波町,36.020555730555564,136.29793545277775,150,
4500,公設消火栓,足羽分遣所,福井市前波町,36.02168251111111,136.29724149166665,150,
4501,公設消火栓,足羽分遣所,福井市前波町,36.02248532777778,136.29624760000002,150,
4502,公設消火栓,足羽分遣所,福井市前波町,36.02278014722222,136.2941558888889,100,
4503,公設防火水槽,足羽分遣所,福井市前波町,36.019712950000006,136.29906434722224,,
4504,公設消火栓,麻生津分遣所,福井市真木町１３６番１６号１０（福井ハイツ）,35.99896573055555,136.199389475,100,
4505,公設消火栓,麻生津分遣所,福井市真木町１３６番１号９（福井ハイツ）,35.99862682222222,136.20047438333336,100,
4506,公設消火栓,麻生津分遣所,福井市真木町６１番３号１１（福井ハイツ）,35.99834190000001,136.20141930000003,100,
4507,公設消火栓,社分署,福井市舞屋町１番３号１７,36.037091483333334,136.20244048333333,100,
4508,公設消火栓,社分署,福井市舞屋町１番８号－２３,36.03667254166666,136.2026514861111,100,
4509,公設消火栓,社分署,福井市舞屋町２番１９号,36.03518973611111,136.20272955277778,100,
4510,公設消火栓,社分署,福井市舞屋町１５番１号,36.03438691388888,136.20487344444444,200,
4511,公設消火栓,社分署,福井市舞屋町６番４１１号,36.03355097222223,136.20341258333337,200,
4512,公設消火栓,社分署,福井市舞屋町５番１０号,36.03539481111112,136.20574033611112,200,
4513,公設消火栓,中消防署,福井市文京４丁目４番１４号,36.075036727777785,136.21074466111114,100,
4514,公設消火栓,中消防署,福井市文京３丁目２３番８号,36.07915016388889,136.20974793055555,100,
4515,公設消火栓,東消防署,福井市日之出１丁目１８番１号,36.06163091944445,136.2243461638889,100,
4516,公設防火水槽,東消防署,福井市日之出３丁目７番２号,36.06436175,136.22908174444441,,
4517,公設消火栓,社分署,福井市舞屋町１２番４５号,36.03329504722222,136.2045765166667,200,
4518,公設消火栓,社分署,福井市舞屋町５番１３号,36.03542778055555,136.2049813861111,100,
4519,公設消火栓,社分署,福井市舞屋町１５番１１号,36.034794930555556,136.2068702861111,150,
4520,公設消火栓,社分署,福井市舞屋町１番２‐６,36.037633397222216,136.20194049166665,100,
4521,公設消火栓,社分署,福井市舞屋町１５番２８号,36.03341705555555,136.20524846388886,100,
4522,公設消火栓,社分署,福井市舞屋町１０番７０４号,36.031737277777786,136.20524554444444,150,
4523,公設消火栓,社分署,福井市舞屋町１０番８－２号,36.031962288888884,136.20635645833332,150,
4524,公設消火栓,社分署,福井市舞屋町１０番８１０号,36.031290347222225,136.20547954999998,100,
4525,公設消火栓,社分署,福井市舞屋町１０番３１５号,36.031345383333324,136.20663746666668,100,
4526,公設消火栓,社分署,福井市舞屋町７番１０１号,36.03454481111112,136.20246260277779,100,
4527,公設消火栓,社分署,福井市舞屋町８番１７号,36.03345594444445,136.20227366666666,200,
4528,公設消火栓,社分署,福井市舞屋町６番１５号,36.03386391111111,136.20279761111112,100,
4529,公設消火栓,社分署,福井市舞屋町１２番２８号,36.03324801666667,136.20349059166665,200,
4530,公設消火栓,社分署,福井市舞屋町６番２１号,36.03405091944445,136.2037625361111,100,
4531,公設消火栓,西安居分遣所,福井市本堂町８９番８号１６,36.05102758888889,136.13038406666666,100,
4532,公設消火栓,西安居分遣所,福井市本堂町５１番３３号,36.056335841666666,136.12636255,150,
4533,公設消火栓,川西分署,福井市南楢原町１２番１２号,36.10057284166666,136.17947306666665,150,
4534,公設消火栓,川西分署,福井市南楢原町１２番６号,36.10145371944445,136.1790511111111,150,
4535,公設消火栓,川西分署,福井市南楢原町１１番２号,36.10261155833334,136.178462175,150,
4536,公設消火栓,川西分署,福井市南楢原町２２番８号,36.09671639444444,136.17910500833332,75,
4537,公設消火栓,川西分署,福井市南楢原町１１番３９号,36.10194764999999,136.1791761111111,100,
4538,公設消火栓,川西分署,福井市南楢原町２０番１５号,36.09870110555555,136.17946503333334,100,
4539,公設防火水槽,川西分署,福井市南楢原町１２番４号,36.10171768611111,136.17881513055556,,
4540,公設防火水槽,川西分署,福井市南楢原町１９番３号,36.09916803055556,136.17992001666667,,
4541,公設防火水槽,川西分署,福井市南楢原町２０番３号,36.09809018888889,136.17954801666667,,
4542,公設防火水槽,美山分署,福井市南野津又町２１番４号,35.9652292138889,136.4243042916667,,
4543,公設消火栓,東消防署,福井市和田３丁目３１５番,36.050299894444436,136.24648717222223,100,
4544,公設消火栓,社分署,福井市若杉浜３丁目７１５番,36.060566197222215,136.1850859472222,150,
4545,公設消火栓,社分署,福井市若杉浜３丁目２０２番,36.06086319166668,136.18729669444443,150,
4546,公設消火栓,社分署,福井市若杉浜２丁目２１３番,36.06216303611111,136.18740773333334,100,
4547,公設消火栓,社分署,福井市若杉浜１丁目５１０番,36.062776975,136.18849963888889,100,
4548,公設消火栓,社分署,福井市若杉浜１丁目２１１番,36.063643875,136.18914660833337,100,
4549,公設消火栓,社分署,福井市若杉浜１丁目８０１番,36.06286098611111,136.19035743333333,100,
4550,公設消火栓,社分署,福井市若杉浜１丁目９１２番,36.06224905277777,136.1896134861111,100,
4551,公設消火栓,社分署,福井市若杉３丁目１００８番,36.05242323611111,136.1892322083333,100,
4552,公設消火栓,中消防署,福井市高柳２丁目７０７番,36.09480396666666,136.24404048333332,100,
4553,公設消火栓,中消防署,福井市高柳３丁目４６１３番,36.099521258333326,136.24155369166667,100,
4554,公設消火栓,中消防署,福井市高木中央３丁目２０１８番,36.09359989166667,136.24035276111113,100,
4555,公設消火栓,中消防署,福井市高柳３丁目１５１２番,36.094652825000004,136.24127769166668,100,
4556,公設消火栓,中消防署,福井市高柳３丁目３２０８番,36.09813938055556,136.24076375277778,100,
4557,公設消火栓,中消防署,福井市高柳３丁目３００１番,36.097105508333335,136.2408777361111,100,
4558,公設消火栓,中消防署,福井市高柳３丁目３３０２番,36.096522569444446,136.2406947472222,100,
4559,公設消火栓,中消防署,福井市高柳２丁目１１０１番,36.09797865,136.24526037500002,100,
4560,公設消火栓,中消防署,福井市高柳２丁目６２３番,36.09631684444444,136.2451063972222,100,
4561,公設消火栓,中消防署,福井市高柳３丁目２００１番,36.094099902777785,136.241541675,100,
4562,公設消火栓,中消防署,福井市高柳２丁目２０１番,36.09361704444445,136.24301156666667,100,
4563,公設消火栓,中消防署,福井市高柳２丁目７１０番,36.09470893888889,136.2433745333333,100,
4564,公設消火栓,中消防署,福井市高柳３丁目１３０８番,36.094133811111114,136.24000278888892,100,
4565,公設消火栓,中消防署,福井市高柳２丁目４０６番,36.094632963888884,136.24363351666665,100,
4566,公設消火栓,中消防署,福井市高柳３丁目４３０６番,36.10003515555556,136.2408027611111,100,
4567,公設消火栓,中消防署,福井市寺前町１１１番,36.09856256666666,136.24507138888887,250,
4568,公設消火栓,中消防署,福井市高柳３丁目４８０１番,36.09916534444445,136.2423336222222,100,
4569,公設消火栓,中消防署,福井市寺前町１０３番,36.09936338333334,136.24349552222225,100,
4570,公設消火栓,中消防署,福井市文京３丁目１８番１１号,36.07833132222222,136.21149763888886,100,
4571,公設消火栓,西分署,福井市文京５丁目３２番３１号,36.07863714722223,136.20641641944445,150,
4572,公設消火栓,西分署,福井市文京５丁目２番１号,36.074895649999995,136.20688718333335,100,
4573,公設消火栓,西分署,福井市文京５丁目１番３号,36.074397727777786,136.20743108888888,100,
4574,公設消火栓,中消防署,福井市文京１丁目２５番１号,36.07961151388889,136.22146808611112,100,
4575,公設消火栓,中消防署,福井市文京２丁目９番１号,36.07791263611111,136.21879154444446,100,
4576,公設消火栓,中消防署,福井市文京１丁目１１番２２号,36.07622910833334,136.2250428722222,100,
4577,公設消火栓,中消防署,福井市文京１丁目１０番３３号,36.076306986111106,136.22268504166667,100,
4578,公設消火栓,中消防署,福井市文京２丁目１４番１１号,36.07875448888889,136.21763070833333,100,
4579,公設消火栓,中消防署,福井市文京１丁目３１番１５号,36.078378683333334,136.22183207777775,150,
4580,公設消火栓,中消防署,福井市文京２丁目１６番８号,36.07934548888889,136.21972936944448,100,
4581,公設消火栓,西分署,福井市文京６丁目２１番５号,36.07622033333333,136.20032717222225,150,
4582,公設消火栓,西分署,福井市文京７丁目９番２４号,36.07585034444445,136.19384286944444,100,
4583,公設消火栓,中消防署,福井市文京１丁目２６番５号,36.07795672222222,136.2213851583333,100,
4584,公設消火栓,西分署,福井市文京７丁目７番２２号,36.07572833333332,136.1971915805556,300,
4585,公設消火栓,西分署,福井市文京７丁目２３番２６号,36.07883091111111,136.19738081111115,200,
4586,公設消火栓,西分署,福井市文京６丁目３４番６号,36.07824199722223,136.19753573055553,100,
4587,公設消火栓,西分署,福井市文京７丁目１８番２８号,36.07731911944444,136.1972906916667,150,
4588,河川,社分署,福井市渕３丁目２０１番,36.044054138888896,136.18514182222225,,
4589,公設消火栓,西安居分遣所,福井市本堂町４９番３号１７,36.05510101111111,136.12674449166664,150,
4590,公設消火栓,西安居分遣所,福井市本堂町６８－１,36.059946472222215,136.1317820611111,100,
4591,公設消火栓,西安居分遣所,福井市本堂町８番２３号,36.058810677777785,136.13503870555556,100,
4592,公設消火栓,西安居分遣所,福井市本堂町５９番４号１,36.05860767777778,136.13368084166666,100,
4593,公設消火栓,南消防署,福井市みのり３丁目２番１８号,36.052331716666664,136.2098554138889,100,
4594,公設消火栓,南消防署,福井市みのり３丁目２番３０号,36.05219570833333,136.2088664777778,100,
4595,公設消火栓,南消防署,福井市みのり２丁目１４番２号,36.052037838888886,136.2130912138889,300,
4596,公設消火栓,南消防署,福井市みのり２丁目３番１号,36.05184891111111,136.21496609722226,100,
4597,公設消火栓,南消防署,福井市みのり１丁目１番１７号,36.05239289166666,136.21691895277777,100,
4598,公設消火栓,南消防署,福井市みのり１丁目２２番１０号,36.05192791666667,136.21558205555556,100,
4599,公設消火栓,南消防署,福井市みのり１丁目２１番１１号,36.050838075,136.21614105833333,100,
4600,公設消火栓,南消防署,福井市みのり１丁目１７番１号,36.049823205555555,136.21610109722224,100,
4601,公設消火栓,南消防署,福井市みのり１丁目６番４号,36.05018218055555,136.2168550388889,100,
4602,公設消火栓,南消防署,福井市みのり１丁目１５番４号,36.049032308333324,136.21607512777774,100,
4603,公設消火栓,臨海消防署,福井市蓑町３番１号,36.12608099166666,136.0591052388889,100,
4604,公設消火栓,臨海消防署,福井市蓑町１０番３号,36.126135983333334,136.0583083027778,100,
4605,公設消火栓,臨海消防署,福井市蓑町９番５４号,36.12678188333333,136.05739334722224,100,
4606,公設消火栓,臨海消防署,福井市蓑町９番８１号,36.12681587777778,136.0561894472222,100,
4607,公設消火栓,社分署,福井市若杉１丁目２３０５番,36.06005232777778,136.19024931666667,100,
4608,公設消火栓,社分署,福井市若杉１丁目２４１０番,36.05915844166666,136.19058524444446,100,
4609,公設消火栓,社分署,福井市若杉１丁目１２０５番,36.05979731111111,136.186777725,100,
4610,公設消火栓,社分署,福井市若杉２丁目９１０番,36.05371710555555,136.19063003055558,200,
4611,公設消火栓,社分署,福井市若杉１丁目１３１０番,36.05942235555555,136.18670572222223,100,
4612,公設消火栓,社分署,福井市若杉１丁目６１６番,36.06026128333333,136.18884149166664,100,
4613,公設消火栓,社分署,福井市若杉１丁目２０６番,36.06159113333332,136.18969144166667,100,
4614,公設消火栓,社分署,福井市若杉１丁目６０１番,36.06077722222223,136.1887825166667,100,
4615,公設消火栓,社分署,福井市若杉１丁目９１７番,36.05961634722223,136.18786058888887,100,
4616,公設防火水槽,社分署,福井市若杉１丁目６０１番,36.06094120555556,136.18917747777778,,
4617,公設防火水槽,社分署,福井市若杉１丁目２５０６番,36.05969437499999,136.19042428333333,,
4618,公設消火栓,社分署,福井市門前２丁目６１２番,36.04804889444444,136.19489260833336,100,
4619,公設消火栓,東消防署,福井市米松１丁目１４番１号,36.067344847222216,136.24001700277776,100,
4620,公設消火栓,東消防署,福井市米松２丁目２４番４５号,36.06738693611111,136.24208890000003,250,
4621,公設消火栓,東消防署,福井市米松２丁目４番１０号,36.06853379722222,136.2417699027778,100,
4622,公設消火栓,東消防署,福井市米松１丁目５番３０号,36.0647781138889,136.23958905555554,200,
4623,公設消火栓,東消防署,福井市米松１丁目１６番２０号,36.06428725277777,136.24171695833334,100,
4624,公設消火栓,東消防署,福井市米松１丁目１５番２５号,36.06597308055556,136.24191992777776,100,
4625,公設消火栓,東消防署,福井市米松２丁目２４番４５号,36.06754792499999,136.2422278916667,100,
4626,公設消火栓,中消防署,福井市灯明寺１丁目４１６番,36.09035701944444,136.21330662222223,100,
4627,公設消火栓,中消防署,福井市灯明寺１丁目２００１番,36.0902959888889,136.21217182777778,150,
4628,公設消火栓,中消防署,福井市灯明寺１丁目２１０１番,36.09084493333333,136.21210686111112,100,
4629,公設消火栓,中消防署,福井市灯明寺１丁目７０８番,36.08974303333333,136.2118068722222,100,
4630,公設消火栓,中消防署,福井市灯明寺１丁目３１１番,36.089502080555555,136.21260071666666,100,
4631,公設消火栓,中消防署,福井市灯明寺１丁目３１９番,36.089666091666665,136.21353655,100,
4632,公設消火栓,中消防署,福井市灯明寺２丁目７１１番１号,36.094579527777775,136.21063724444443,100,
4633,公設防火水槽,中消防署,福井市灯明寺１丁目,36.08961300833334,136.21058409722224,,
4634,公設防火水槽,中消防署,福井市灯明寺２丁目,36.095251524999995,136.21268992777777,,
4635,プール,中消防署,福井市灯明寺１丁目２１０１番,36.09068000277777,136.21380554444448,,
4636,公設消火栓,中消防署,福井市灯明寺３丁目２８０２番,36.0956434638889,136.21178408888886,100,
4637,公設消火栓,中消防署,福井市灯明寺３丁目３７０３番,36.09702935833334,136.21246001944445,100,
4638,公設消火栓,中消防署,福井市灯明寺３丁目１００７番,36.09700444166666,136.21548053333336,250,
4639,公設消火栓,中消防署,福井市灯明寺３丁目２２０２番,36.09640448611112,136.21505558333334,150,
4640,公設消火栓,中消防署,福井市灯明寺３丁目２２０５番,36.095590550000004,136.214611625,150,
4641,公設消火栓,中消防署,福井市灯明寺３丁目２６０５番,36.09522955,136.21348679722223,150,
4642,公設消火栓,中消防署,福井市灯明寺２丁目１００７番,36.09419059166667,136.21149009166666,100,
4643,公設消火栓,中消防署,福井市灯明寺２丁目１２１５番,36.09425461111112,136.2123649472222,100,
4644,公設消火栓,中消防署,福井市灯明寺２丁目１４０５番,36.09403465277777,136.21310081666664,100,
4645,私設防火水槽,社分署,福井市渕上町４３番１７号,36.043590430555554,136.19420185277775,,
4646,公設消火栓,社分署,福井市渕町３１番５０５号,36.04209353333333,136.191291225,100,
4647,公設消火栓,社分署,福井市渕町３１番７０１号,36.04149064722222,136.19273009722224,100,
4648,公設消火栓,社分署,福井市渕町２７番４０５号,36.04065480555555,136.19476591944442,100,
4649,公設消火栓,社分署,福井市渕町４３番５１号２５,36.04034379444444,136.19299911388887,200,
4650,公設消火栓,社分署,福井市渕町２１番４１号,36.039229741666674,136.18652180833334,150,
4651,公設消火栓,社分署,福井市渕町２０番１９号４,36.03911371666666,136.18526393888888,150,
4652,公設消火栓,社分署,福井市渕町４３番２９号,36.04186862777778,136.19369898055558,100,
4653,公設消火栓,社分署,福井市渕町２７番５０３号,36.04113573611111,136.19441593611108,100,
4654,公設消火栓,社分署,福井市渕町６番８号１,36.04716480555556,136.18643263611108,100,
4655,公設消火栓,社分署,福井市渕町６番１８号１,36.047237766666676,136.18518578333334,100,
4656,公設消火栓,社分署,福井市渕町３１－５０８,36.04214955,136.1920711388889,100,
4657,公設消火栓,社分署,福井市渕町１番１号,36.04280745555556,136.19156316944444,100,
4658,公設消火栓,社分署,福井市渕１丁目２３０８番,36.039307911111116,136.19276818055556,100,
4659,公設消火栓,社分署,福井市渕２丁目２２０１番,36.04357433333333,136.19042426388893,100,
4660,公設消火栓,社分署,福井市渕２丁目１９１１番,36.043882275,136.1895933416667,100,
4661,公設消火栓,社分署,福井市渕２丁目１００３番,36.042330449999994,136.18926543055554,100,
4662,公設消火栓,社分署,福井市渕３丁目１３０番,36.04420413888889,136.18583574166664,100,
4663,公設消火栓,社分署,福井市渕１丁目３５０３番,36.03930486944444,136.19125233055559,150,
4664,公設消火栓,臨海消防署,福井市蓑町１６番２号,36.126974816666674,136.06185298333332,200,
4665,公設消火栓,臨海消防署,福井市蓑町１２番７５号,36.12689986666666,136.05990813611115,100,
4666,公設消火栓,臨海消防署,福井市蓑町,36.12713276666667,136.06310487777776,250,
4667,公設消火栓,臨海消防署,福井市糸崎町３番１号,36.125811033333335,136.05918624722224,250,
4668,公設消火栓,臨海消防署,福井市蓑町,36.12922051944445,136.0592220861111,100,
4669,公設消火栓,臨海消防署,福井市蓑町２１番１号,36.123798263888894,136.0637079916667,300,
4670,公設消火栓,東消防署,福井市和田２丁目１４０６番,36.04791409444444,136.24364545555554,100,
4671,公設消火栓,東消防署,福井市和田３丁目９１２番,36.04865205555556,136.24571229444442,100,
4672,公設消火栓,東消防署,福井市和田２丁目２１１番,36.051876611111105,136.24203436388888,100,
4673,公設消火栓,東消防署,福井市和田２丁目８１８番,36.05071874166667,136.24202641944447,100,
4674,公設消火栓,東消防署,福井市和田２丁目８１１番,36.04956086666666,136.24167349722222,100,
4675,公設消火栓,東消防署,福井市和田１丁目６番,36.04955785555555,136.2411595277778,100,
4676,公設消火栓,東消防署,福井市和田１丁目７番１６号,36.05073572777778,136.24148445,100,
4677,公設消火栓,社分署,福井市渡町５１０番,36.06169407499999,136.185982875,100,
4678,公設消火栓,社分署,福井市渡町６１７番,36.06131610277778,136.18445303888888,100,
4679,公設消火栓,社分署,福井市渡町６４８番,36.060733155555546,136.18316918055552,100,
4680,公設消火栓,社分署,福井市渡町７０５番,36.05975527777778,136.18384707500002,100,
4681,公設消火栓,社分署,福井市渡町６７２番,36.06034920833334,136.18400307222225,100,
4682,公設消火栓,西安居分遣所,福井市渡町４０３番,36.06475471388888,136.1861999888889,200,
4683,公設消火栓,東消防署,福井市米松２丁目２４番３５号,36.06951673333332,136.24266184444443,100,
4684,公設消火栓,東消防署,福井市四ツ井１丁目１２番８号,36.06467001388889,136.2369011861111,100,
4685,公設消火栓,東消防署,福井市四ツ井１丁目２０番２２号,36.06675284166667,136.23836409166668,100,
4686,公設消火栓,東消防署,福井市四ツ井１丁目２２番３号,36.06615590555556,136.2383311,100,
4687,公設消火栓,東消防署,福井市四ツ井１丁目２８番２１号,36.06713083888889,136.23927604166667,100,
4688,公設消火栓,東消防署,福井市四ツ井１丁目２２番１２号,36.066291925,136.2390980611111,100,
4689,公設消火栓,東消防署,福井市四ツ井２丁目１１番１３号,36.06823373055556,136.2396060138889,100,
4690,公設消火栓,東消防署,福井市四ツ井１丁目１２番２７号,36.06423405555555,136.23668720277777,100,
4691,公設消火栓,東消防署,福井市四ツ井２丁目１１番５号,36.068180694444436,136.23868405833335,100,
4692,公設消火栓,東消防署,福井市四ツ井２丁目５番１号,36.06814458333333,136.23613118611107,250,
4693,公設消火栓,東消防署,福井市四ツ井１丁目１３番１号,36.06485896388889,136.23620921944442,250,
4694,公設消火栓,東消防署,福井市四ツ井１丁目７番２０号,36.06608083055555,136.2363721972222,250,
4695,公設消火栓,東消防署,福井市御幸１丁目１７番８号,36.05743960000001,136.22922692777777,250,
4696,公設防火水槽,臨海消防署,福井市蓑町９番８１号,36.12684387222222,136.05663340833337,,
4697,公設消火栓,南消防署,福井市みのり１丁目２２番１６号,36.05246286666666,136.21627999166668,250,
4698,公設消火栓,中消防署,福井市灯明寺２丁目９０４番,36.09358262777778,136.21074519444446,100,
4699,公設消火栓,南消防署,福井市つくも２丁目９番１号,36.062763313888894,136.20932849444443,100,
4700,公設消火栓,南消防署,福井市つくも２丁目１８番５号,36.06311123611111,136.2076896611111,100,
4701,公設消火栓,南消防署,福井市つくも１丁目２番８号,36.06095863888889,136.21225320833335,100,
4702,公設防火水槽,南消防署,福井市つくも１丁目４番１４号,36.061680494444445,136.21056135833334,,
4703,公設防火水槽,南消防署,福井市つくも２丁目９番,36.06283330833334,136.20942548611112,,
4704,公設消火栓,西分署,福井市土橋町９番２８号,36.09907588333333,136.1905064305556,100,
4705,公設消火栓,西分署,福井市土橋町１０番３０号,36.10102867222223,136.19053139166667,100,
4706,公設消火栓,西分署,福井市土橋町,36.102049588888896,136.18641264166664,100,
4707,公設消火栓,西安居分遣所,福井市角折町１４番１９号,36.068576238888895,136.181803625,150,
4708,公設消火栓,西安居分遣所,福井市角折町１６番２号,36.069248155555556,136.18031980555557,150,
4709,公設消火栓,西安居分遣所,福井市角折町１７番１８号,36.070251038888884,136.17849502777779,150,
4710,公設消火栓,西安居分遣所,福井市角折町６番１号,36.06616848888889,136.17786997222225,150,
4711,公設消火栓,西安居分遣所,福井市角折町２１番７４号,36.07061499444445,136.1760512861111,100,
4712,公設消火栓,西安居分遣所,福井市角折町１番６１号,36.069698091666666,136.1757982916667,100,
4713,公設消火栓,西安居分遣所,福井市角折町３番１７号,36.068876180555556,136.17543430833334,100,
4714,公設消火栓,西安居分遣所,福井市角折町１番７号,36.069626097222226,136.17490738333333,100,
4715,公設消火栓,西安居分遣所,福井市角折町２１番２３号,36.07067598333333,136.17513238333333,100,
4716,公設消火栓,西安居分遣所,福井市角折町１７番２０号,36.06942112777778,136.17774008055554,150,
4717,河川,清水分署,福井市平尾町１３番４６号,36.036312263888895,136.10874956944446,,
4718,公設消火栓,臨海消防署,福井市深坂町２０番４０号,36.14417913888888,136.11059905833332,350,
4719,公設消火栓,臨海消防署,福井市深坂町１１番３１号,36.14311230277779,136.1115490416667,350,
4720,公設消火栓,臨海消防署,福井市深坂町１５番１１号,36.14260038333334,136.11229601111114,350,
4721,公設消火栓,臨海消防署,福井市深坂町１６番１３号,36.141949483333335,136.11313598333334,350,
4722,公設消火栓,臨海消防署,福井市深坂町,36.140812641666656,136.1135390222222,350,
4723,公設防火水槽,臨海消防署,福井市深坂町２０番２１号,36.14276935277778,136.11186403611111,,
4724,公設消火栓,西分署,福井市深谷町５番７号－８,36.09039603888888,136.18000404166665,150,
4725,公設消火栓,西分署,福井市深谷町１番７号－３,36.09175191944444,136.17980101944445,150,
4726,公設消火栓,西分署,福井市深谷町５番１５号,36.08834923055555,136.17979309999998,150,
4727,公設消火栓,西分署,福井市深谷町１２番２４号,36.08609443333333,136.17996513611112,150,
4728,公設消火栓,清水分署,福井市平尾町１２番３４号,36.03831499722222,136.10863952500003,100,
4729,公設消火栓,清水分署,福井市平尾町１３番４４号,36.03761307777777,136.10795061111114,150,
4730,公設消火栓,東消防署,福井市日之出１丁目１５番３号,36.0631168,136.22625698611108,300,
4731,公設消火栓,東消防署,福井市日之出１丁目１５番,36.063816725,136.22662094722224,300,
4732,公設消火栓,東消防署,福井市日之出１丁目４番１号,36.06298077222222,136.2250540861111,100,
4733,公設消火栓,東消防署,福井市日之出１丁目７番５号,36.064216675,136.22661294444444,100,
4734,公設消火栓,東消防署,福井市日之出１丁目１４番１２号,36.063899738888885,136.2272518972222,100,
4735,公設消火栓,西安居分遣所,福井市渡町３１９番,36.064796725,136.18798579444442,100,
4736,公設消火栓,社分署,福井市渡町７１４番,36.06003323055555,136.1827832111111,100,
4737,公設消火栓,西安居分遣所,福井市渡町４１４番,36.06404880277778,136.1865919138889,100,
4738,公設消火栓,西安居分遣所,福井市渡町１２２番,36.06495772777779,136.1907684972222,100,
4739,公設消火栓,社分署,福井市渡町５１７番,36.06097715277778,136.18537192222223,100,
4740,公設消火栓,社分署,福井市渡町７０６番,36.059656286111114,136.18360410277776,100,
4741,公設消火栓,東消防署,福井市和田２丁目７０３番,36.04946891388888,136.24334240000002,100,
4742,公設防火水槽,西分署,福井市安竹町１５番５３号,36.097670019444436,136.19150039999997,,
4743,公設消火栓,北分署,福井市八重巻町２４番１０号,36.10384286944444,136.2204390111111,150,
4744,公設消火栓,北分署,福井市八重巻町２５番７５号,36.103278941666666,136.22084994722223,100,
4745,公設消火栓,北分署,福井市八重巻町３０１番,36.115543522222225,136.22118591944442,200,
4746,公設消火栓,北分署,福井市八重巻町２０１番,36.11591851666667,136.22265475277777,200,
4747,公設消火栓,北分署,福井市八重巻町１０５番,36.11581858333333,136.22437557499998,200,
4748,公設消火栓,北分署,福井市八重巻町２０１番,36.11546654166667,136.22160287222223,100,
4749,公設消火栓,北分署,福井市八重巻町２０１番,36.115891544444445,136.22343867222222,200,
4750,公設消火栓,北分署,福井市八重巻町３１０番,36.11461660555556,136.22005006666663,100,
4751,公設消火栓,北分署,福井市八重巻町３０４番,36.11475761666666,136.22117493333334,100,
4752,公設消火栓,北分署,福井市八重巻町２０３番,36.11494163055555,136.2225437777778,100,
4753,公設消火栓,社分署,福井市門前２丁目６０１番,36.04841785833333,136.1952515527778,150,
4754,公設消火栓,中消防署,福井市灯明寺３丁目３５１１番,36.09792125277777,136.2115341916667,150,
4755,公設消火栓,中消防署,福井市舟橋新１丁目２３０１番,36.100832011111116,136.21246213333333,100,
4756,公設消火栓,中消防署,福井市舟橋新１丁目１１０８番,36.09912311944444,136.21047939166667,100,
4757,公設消火栓,中消防署,福井市灯明寺３丁目１２０番,36.09734556111111,136.22128561944442,100,
4758,公設消火栓,中消防署,福井市灯明寺３丁目４５１５番,36.09835936111112,136.21738028055555,100,
4759,公設消火栓,中消防署,福井市灯明寺３丁目２１７番,36.09722651111111,136.2189439888889,100,
4760,公設消火栓,中消防署,福井市灯明寺４丁目１８１６番,36.09725030277778,136.21114323611113,250,
4761,公設消火栓,中消防署,福井市灯明寺４丁目４１７番,36.09434551388889,136.20939543888892,100,
4762,公設消火栓,中消防署,福井市灯明寺３丁目２１３番,36.09689554166666,136.21884099166667,100,
4763,公設消火栓,中消防署,福井市灯明寺３丁目４７２６番,36.09745949166667,136.21904398333334,100,
4764,公設消火栓,中消防署,福井市灯明寺３丁目４００３番,36.097648394444434,136.21605546666666,100,
4765,公設防火水槽,中消防署,福井市灯明寺４丁目地係　灯舟ひまわり公園内　南東角,36.09729025555556,136.20952049444443,,
4766,公設防火水槽,中消防署,福井市灯明寺町２番３４号８,36.095784249999994,136.2035072777778,,
4767,公設消火栓,中消防署,福井市灯明寺４丁目２５０３番,36.09687520833334,136.20583596666665,100,
4768,公設消火栓,中消防署,福井市灯明寺４丁目１９０７番,36.097640227777774,136.20959049444446,100,
4769,公設消火栓,中消防署,福井市灯明寺２丁目２１０９番,36.09330175,136.21395563888888,100,
4770,公設消火栓,中消防署,福井市灯明寺２丁目２１１６番,36.093348769444454,136.21476150277775,100,
4771,公設消火栓,中消防署,福井市灯明寺２丁目２１０６番,36.0929158,136.21432255833332,100,
4772,公設防火水槽,北分署,福井市つくし野２丁目,36.117177211111105,136.21655541388887,,
4773,公設防火水槽,北分署,福井市つくし野３丁目,36.117632091666664,136.21394769444447,,
4774,公設消火栓,南消防署,福井市月見２丁目７番１０号,36.04587466944444,136.21410335277776,150,
4775,公設消火栓,南消防署,福井市月見１丁目１３番７号,36.044185922222226,136.21527235,200,
4776,公設消火栓,南消防署,福井市月見１丁目６番２号,36.04691560555555,136.21684415833332,100,
4777,公設消火栓,南消防署,福井市月見１丁目８番１２号,36.045871741666666,136.21680819722224,100,
4778,公設消火栓,南消防署,福井市月見２丁目４番１号,36.04805136388889,136.21327832777777,100,
4779,公設消火栓,南消防署,福井市月見３丁目１番３４号,36.048076316666666,136.21156443055557,100,
4780,公設消火栓,南消防署,福井市月見１丁目２番２９号,36.04628864722223,136.2153282666667,200,
4781,公設消火栓,南消防署,福井市月見１丁目１２番２５号,36.04517179444445,136.21530330833332,200,
4782,公設消火栓,南消防署,福井市月見５丁目３番２５号,36.04791305833333,136.20076211666668,200,
4783,公設消火栓,南消防署,福井市月見２丁目２番１４号,36.048065394444436,136.21443925833336,200,
4784,公設消火栓,南消防署,福井市月見２丁目４番１号,36.04749040555555,136.21199742222225,100,
4785,公設消火栓,南消防署,福井市月見３丁目６番２８号,36.04758537222222,136.21121646666666,100,
4786,公設消火栓,南消防署,福井市月見３丁目５番８号,36.046926436111114,136.2103695333333,100,
4787,公設消火栓,南消防署,福井市月見３丁目４番３６号,36.04760731111111,136.2090305972222,100,
4788,公設消火栓,南消防署,福井市月見３丁目１０番２１号,36.04623550000001,136.20931161666664,100,
4789,公設消火栓,南消防署,福井市月見４丁目７番６号,36.04707135555556,136.20797868055556,100,
4790,公設消火栓,足羽分遣所,福井市東郷中島町３番１号,36.02542818611111,136.25787176944445,100,
4791,公設消火栓,足羽分遣所,福井市東郷二ヶ町６番５号１,36.01887635,136.26545141666668,150,
4792,公設消火栓,足羽分遣所,福井市東郷二ヶ町４番１１号,36.01808149722222,136.26662831944446,100,
4793,河川,西分署,福井市照手４丁目４番１９号　光明寺用水,36.06698569722223,136.20654790555554,,
4794,河川,西分署,福井市照手３丁目６番１５号　光明寺用水,36.06736069444444,136.20907863888888,,
4795,公設消火栓,東消防署,福井市殿下町４５番６１号,36.05941845,136.2599410111111,150,
4796,公設消火栓,東消防署,福井市殿下町４２番３４号,36.05949954444444,136.26230483611116,150,
4797,公設消火栓,東消防署,福井市殿下町３５番１７号,36.06021855555556,136.26390469444445,150,
4798,公設消火栓,東消防署,福井市殿下町３３番８号,36.061049524999994,136.26474660277782,150,
4799,公設消火栓,東消防署,福井市殿下町４２番５３号,36.06057947499999,136.26270776944443,100,
4800,公設消火栓,東消防署,福井市殿下町３６番５号,36.06146344444444,136.26367466944444,100,
4801,公設消火栓,東消防署,福井市殿下町３７番８１号,36.062124427777775,136.26446859166666,100,
4802,公設消火栓,東消防署,福井市殿下町３４番３２号,36.06033558333333,136.26477962500002,100,
4803,公設消火栓,東消防署,福井市殿下町４３番３４号,36.059393491666675,136.26083294722218,150,
4804,公設消火栓,東消防署,福井市殿下町３６番７号,36.06129643333334,136.26307971944445,100,
4805,公設消火栓,東消防署,福井市殿下町３３番２４号,36.06229946944444,136.26567449444445,100,
4806,公設消火栓,東消防署,福井市殿下町３５番５４号,36.06019950555555,136.2627217833333,100,
4807,公設消火栓,社分署,福井市門前２丁目１２１３番,36.04892579722222,136.19540951388888,200,
4808,公設消火栓,社分署,福井市門前２丁目４０７番,36.04982366944445,136.19472356666668,200,
4809,公設消火栓,社分署,福井市門前２丁目３０９番,36.05028957777778,136.19308775833335,100,
4810,公設消火栓,社分署,福井市門前２丁目５０１番,36.04966767222223,136.19394866944447,100,
4811,公設消火栓,社分署,福井市門前２丁目６０１番,36.048337880555565,136.1957954888889,200,
4812,公設消火栓,社分署,福井市門前１丁目１３１２番,36.04770996944443,136.19619546666664,100,
4813,公設消火栓,社分署,福井市門前２丁目１０１６番,36.047609902777786,136.19287086666665,100,
4814,公設消火栓,社分署,福井市門前２丁目１３０６番,36.048534808333336,136.19372373333331,100,
4815,公設消火栓,臨海消防署,福井市和布町１１番３７号,36.13024222777778,136.06643549166665,200,
4816,公設消火栓,東消防署,福井市城東４丁目２番１８号,36.057974702777784,136.23451350555555,100,
4817,公設消火栓,東消防署,福井市御幸４丁目１５番,36.05446026944444,136.2400373638889,200,
4818,公設消火栓,東消防署,福井市御幸４丁目１７番２３号,36.055985099999994,136.23998130555555,200,
4819,公設消火栓,東消防署,福井市御幸２丁目１１番１１号,36.057281700000004,136.2318457388889,100,
4820,公設消火栓,東消防署,福井市御幸２丁目１７番１７号,36.05546793888889,136.23259576388887,100,
4821,公設消火栓,東消防署,福井市御幸２丁目１６番１８号,36.05597887777778,136.2325877416667,100,
4822,公設消火栓,東消防署,福井市御幸２丁目１９番２２号,36.05592091666667,136.23363466944443,100,
4823,公設消火栓,東消防署,福井市御幸２丁目２１番２８号,36.05679881388889,136.23363462777775,100,
4824,公設消火栓,東消防署,福井市御幸３丁目２番１３号,36.05553498333333,136.23433163611108,250,
4825,公設消火栓,東消防署,福井市手寄１丁目４番１号,36.06090297777778,136.2233852611111,150,
4826,公設消火栓,東消防署,福井市手寄１丁目,36.059253130555554,136.22161545,100,
4827,公設消火栓,東消防署,福井市手寄１丁目９－５,36.05937514722223,136.2226713638889,200,
4828,公設消火栓,東消防署,福井市手寄１丁目７番５号,36.05994007777778,136.2227733388889,100,
4829,公設消火栓,東消防署,福井市手寄１丁目７番５号,36.05978110555556,136.22294233055553,100,
4830,公設消火栓,東消防署,福井市手寄１丁目７－２１,36.05983707777777,136.22232937777778,200,
4831,公設消火栓,東消防署,福井市手寄１丁目５番,36.06044501666667,136.22281831944446,200,
4832,公設消火栓,東消防署,福井市手寄１丁目１４番,36.06097500277779,136.2244071777778,100,
4833,公設消火栓,東消防署,福井市手寄１丁目１２番２３号,36.05990911111111,136.2235742777778,100,
4834,公設消火栓,東消防署,福井市手寄１丁目２０番１号,36.060300069444445,136.22386824166668,100,
4835,公設防火水槽,東消防署,福井市手寄２丁目２番５号,36.05973926666667,136.22760996388885,,
4836,公設防火水槽,東消防署,福井市手寄１丁目２０番,36.06007009722223,136.22377125555553,,
4837,公設防火水槽,東消防署,福井市手寄１丁目１０番２３号,36.05877823611112,136.22300435555556,,
4838,公設防火水槽,東消防署,福井市手寄２丁目８番１号,36.059064280555546,136.22550215277775,,
4839,プール,東消防署,福井市手寄２丁目２番５号,36.05977328888889,136.22841790000004,,
4840,受水槽,東消防署,福井市手寄２丁目１－５,36.060348152777784,136.22646803333333,,
4841,公設消火栓,中消防署,福井市寺前町６番１９号,36.10062688055555,136.23701410555552,100,
4842,公設消火栓,南消防署,福井市月見４丁目９番１号,36.04696831944444,136.20610580555558,100,
4843,公設消火栓,南消防署,福井市月見４丁目２番,36.048131158333334,136.20572179166666,100,
4844,公設防火水槽,中消防署,福井市中央１丁目４番１８号,36.06237267777778,136.21990453333336,,
4845,公設防火水槽,中消防署,福井市中央２丁目７番１号,36.059398027777775,136.21870268611107,,
4846,公設消火栓,中消防署,福井市灯明寺２丁目２１１２番,36.093398755555555,136.21446455555554,100,
4847,公設消火栓,中消防署,福井市灯明寺２丁目２２１８番,36.093957724999996,136.21528044722223,100,
4848,公設消火栓,中消防署,福井市灯明寺３丁目９０６番,36.096420513888894,136.2161644027778,100,
4849,公設消火栓,中消防署,福井市灯明寺３丁目３３１番,36.09618261666666,136.21895294444442,100,
4850,公設消火栓,中消防署,福井市灯明寺４丁目１６３１番,36.09651232499999,136.20960046388888,100,
4851,公設消火栓,中消防署,福井市灯明寺４丁目１７０６番,36.097115255555565,136.20881258333335,100,
4852,公設消火栓,中消防署,福井市舟橋新２丁目４０６番,36.09716814166667,136.20417618611108,100,
4853,公設消火栓,中消防署,福井市舟橋新２丁目６０３番,36.097042127777776,136.203097325,100,
4854,公設消火栓,中消防署,福井市灯明寺３丁目３０２番,36.09598265833333,136.21980479722222,150,
4855,公設消火栓,中消防署,福井市灯明寺４丁目２２０５番,36.09713721666666,136.2072517861111,100,
4856,公設消火栓,中消防署,福井市灯明寺４丁目２２１２番,36.097678180555555,136.2077067361111,100,
4857,公設消火栓,中消防署,福井市灯明寺３丁目２０５番,36.096519594444445,136.21937788888889,100,
4858,公設消火栓,中消防署,福井市灯明寺３丁目３９０２番,36.09737040555556,136.2154115583333,100,
4859,公設消火栓,中消防署,福井市灯明寺３丁目４２０８番,36.09855030277778,136.21581553611108,100,
4860,公設消火栓,中消防署,福井市舟橋黒竜１丁目１１０番,36.09908623888888,136.21527063888885,150,
4861,公設防火水槽,東消防署,福井市殿下町４０番６０号,36.06199037500001,136.26304670277776,,
4862,河川,東消防署,福井市殿下町４５番６１号,36.05922146111111,136.25978602777778,,
4863,公設消火栓,西分署,福井市照手３丁目１０番１号,36.06508596388888,136.2073417583333,100,
4864,公設消火栓,西分署,福井市照手１丁目９番１４号,36.067468758333334,136.21167136388888,100,
4865,公設防火水槽,東消防署,福井市南四ツ居１丁目７番,36.06207863055556,136.2453728166667,,
4866,公設防火水槽,東消防署,福井市南四ツ居２丁目４番,36.060506700000005,136.24281398055558,,
4867,公設消火栓,東消防署,福井市南四ツ居町１番１１５号,36.070948019444444,136.25142531388892,150,
4868,公設消火栓,東消防署,福井市南四ツ居町１番１２４号,36.07008908888889,136.2511583388889,100,
4869,公設消火栓,東消防署,福井市南四ツ居町１番６７号,36.069559188888896,136.25209128333333,100,
4870,公設消火栓,東消防署,福井市南四ツ居町１番２８号,36.07055008888888,136.25203827500002,150,
4871,公設消火栓,臨海消防署,福井市蓑町１７番１００号,36.12633893611112,136.06054411388888,200,
4872,公設消火栓,臨海消防署,福井市蓑町８番６０号,36.12753877499999,136.0587551972222,100,
4873,公設消火栓,臨海消防署,福井市蓑町１１番,36.12820767222223,136.05812821944446,100,
4874,公設消火栓,東消防署,福井市南四ツ居１丁目１１番６号,36.06322857222222,136.246941725,300,
4875,公設消火栓,東消防署,福井市南四ツ居１丁目６番１２号,36.06179263611111,136.24478384722224,100,
4876,公設消火栓,東消防署,福井市南四ツ居１丁目１４番３１号,36.061820672222225,136.2458367972222,100,
4877,公設消火栓,東消防署,福井市南四ツ居１丁目６番２４号,36.06153968888889,136.24546181944444,100,
4878,公設消火栓,東消防署,福井市南四ツ居１丁目１４番２０号,36.06174871666667,136.2468057527778,150,
4879,公設消火栓,東消防署,福井市南四ツ居１丁目１５番１８号,36.061217766666665,136.24673076944444,150,
4880,公設防火水槽,美山分署,福井市美山町４番９号,36.00028636388888,136.36159263055558,,
4881,公設防火水槽,美山分署,福井市美山町５番１１号,35.99948645555555,136.36277655000004,,
4882,公設防火水槽,美山分署,福井市美山町６番９号１,35.999791419444435,136.36040374444443,,
4883,プール,美山分署,福井市美山町９番３０号,35.99842758055555,136.36272358055555,,
4884,公設消火栓,東消防署,福井市御幸２丁目１６番３号,36.056414825000004,136.23253472500002,250,
4885,公設消火栓,東消防署,福井市御幸２丁目２１番１８号,36.05650086666666,136.2342535972222,250,
4886,公設消火栓,東消防署,福井市御幸１丁目１番９号,36.05972535,136.2300397722222,100,
4887,公設消火栓,東消防署,福井市御幸１丁目１３番８号,36.05788954166666,136.22911791944443,100,
4888,公設消火栓,東消防署,福井市御幸２丁目９番４号,36.05643078055556,136.23109283055555,250,
4889,公設消火栓,東消防署,福井市御幸１丁目１６番２２号,36.05667370277777,136.22950393888885,250,
4890,公設消火栓,東消防署,福井市和田東１丁目１９０４番,36.053221650000005,136.2490058861111,100,
4891,公設消火栓,東消防署,福井市和田中２丁目５０３番,36.04858306944445,136.24605327499998,100,
4892,公設消火栓,東消防署,福井市和田中２丁目１５０５番,36.04645230277778,136.24606736944446,100,
4893,公設消火栓,東消防署,福井市和田中２丁目２８０４番,36.04522744166666,136.24632340833332,200,
4894,公設消火栓,東消防署,福井市和田中１丁目１８１１番,36.04518341111111,136.2444095333333,200,
4895,公設消火栓,東消防署,福井市和田中１丁目１８１０番,36.04478645277777,136.24425356111115,100,
4896,公設消火栓,東消防署,福井市和田中１丁目１９０７番,36.04401953611111,136.24350965555556,100,
4897,公設消火栓,東消防署,福井市和田中１丁目９１１番,36.04603031944445,136.2444644916667,100,
4898,公設消火栓,東消防署,福井市和田中１丁目,36.046000341666655,136.2454894277778,200,
4899,公設消火栓,東消防署,福井市手寄１丁目１１番１０号,36.059409197222216,136.22425723888892,150,
4900,公設消火栓,東消防署,福井市手寄２丁目４番１８号,36.05909827222223,136.22540415833336,100,
4901,公設消火栓,中消防署,福井市田原１丁目１３番６号,36.07370111388889,136.21692181388886,100,
4902,公設消火栓,中消防署,福井市田原２丁目２０番９号,36.07285008333334,136.21275634166668,250,
4903,公設消火栓,中消防署,福井市田原２丁目５番１１号,36.071327277777776,136.21259433333336,100,
4904,公設消火栓,中消防署,福井市田原２丁目２０番１２号,36.073221033333326,136.21267436111114,200,
4905,公設消火栓,中消防署,福井市田原２丁目２３番２０号,36.072832155555545,136.21485507500003,100,
4906,公設消火栓,中消防署,福井市田原２丁目３３番１号,36.074056997222215,136.21487808611107,100,
4907,公設消火栓,中消防署,福井市田原２丁目２５番２１号,36.07311817777778,136.21661085277776,150,
4908,公設消火栓,中消防署,福井市田原２丁目３３番６号,36.07391198333333,136.21390821111112,100,
4909,公設消火栓,中消防署,福井市田原２丁目３１番７号,36.073410025,136.21321629444446,100,
4910,公設消火栓,中消防署,福井市田原１丁目１３番６号,36.07447504722222,136.21790768333335,100,
4911,公設消火栓,中消防署,福井市田原２丁目２９番１号,36.07349010000001,136.21567997500003,100,
4912,公設消火栓,北分署,福井市河合寄安町６０３番,36.119741141666665,136.24967266666664,150,
4913,公設消火栓,中消防署,福井市田原１丁目３番２１号,36.07174638055556,136.21729076666668,100,
4914,公設消火栓,中消防署,福井市田原２丁目２番２２号,36.07102141666666,136.2155609722222,100,
4915,公設消火栓,中消防署,福井市田原２丁目１５番１０号,36.072225227777786,136.21459010277778,100,
4916,公設消火栓,中消防署,福井市田原２丁目１０番１号,36.071979275,136.2150690388889,100,
4917,公設消火栓,中消防署,福井市田原２丁目３番１７号,36.07122634722222,136.2143281222222,100,
4918,公設消火栓,中消防署,福井市灯明寺３丁目７１５番,36.096754524999994,136.21770816666668,100,
4919,公設消火栓,中消防署,福井市灯明寺町１番４８号５,36.096593161111116,136.20274637499998,100,
4920,公設消火栓,中消防署,福井市灯明寺町１番４８号９,36.09612620833333,136.20299534444445,100,
4921,公設消火栓,中消防署,福井市灯明寺町２番３４号１５,36.09633422222223,136.20444115,100,
4922,公設消火栓,中消防署,福井市灯明寺町３番１号６,36.09672919444444,136.20477710555554,100,
4923,公設消火栓,中消防署,福井市灯明寺町２番７５号１,36.09595926111111,136.20458513055553,100,
4924,公設消火栓,東消防署,福井市手寄２丁目３番１２号,36.05955028333332,136.2274629833333,250,
4925,公設消火栓,東消防署,福井市手寄２丁目９番１９号,36.057764452777775,136.22580717500003,100,
4926,公設消火栓,東消防署,福井市手寄２丁目５番１号,36.05958423333333,136.22601309444445,100,
4927,公設消火栓,東消防署,福井市手寄２丁目８番１６号,36.05866737777778,136.22694305555558,100,
4928,公設消火栓,東消防署,福井市手寄１丁目１５番３１号,36.06098703055555,136.22524910833332,100,
4929,公設消火栓,東消防署,福井市手寄１丁目地係,36.06121697500001,136.22446816388887,300,
4930,公設消火栓,東消防署,福井市手寄１丁目９番１７号,36.05900918333334,136.22236039722222,100,
4931,公設消火栓,東消防署,福井市手寄１丁目１９番２９号,36.05882026388889,136.22410226944447,150,
4932,公設消火栓,東消防署,福井市手寄２丁目９番１号,36.058495341666664,136.22517719722222,100,
4933,公設消火栓,東消防署,福井市手寄２丁目２番５号,36.06029223333333,136.2286518611111,250,
4934,公設消火栓,東消防署,福井市手寄１丁目１９番１９号,36.05823735277778,136.22449625833335,100,
4935,公設消火栓,東消防署,福井市南四ツ居２丁目２番１８号,36.06099567777778,136.24359492500002,100,
4936,公設消火栓,東消防署,福井市南四ツ居２丁目５番１２号,36.06012376111111,136.24336396944443,100,
4937,公設消火栓,東消防署,福井市南四ツ居２丁目２２番１号,36.06079283333333,136.24734475,100,
4938,公設消火栓,東消防署,福井市南四ツ居１丁目１０番,36.062756574999995,136.2457757861111,150,
4939,公設消火栓,東消防署,福井市和田２丁目１６０７番,36.04855801666666,136.2434314361111,100,
4940,公設消火栓,足羽分遣所,福井市脇三ヶ町３番５６号,36.02035527500001,136.29091143333335,150,
4941,公設消火栓,足羽分遣所,福井市脇三ヶ町３番５４号１,36.02038933055556,136.29181930555555,150,
4942,公設消火栓,足羽分遣所,福井市脇三ケ町２８番１号,36.01189720555556,136.28813199444448,100,
4943,公設消火栓,足羽分遣所,福井市脇三ケ町５０番２号,36.01088136666666,136.28875393055554,100,
4944,公設消火栓,足羽分遣所,福井市脇三ヶ町５０番５号,36.01180629166666,136.2894988166667,100,
4945,公設消火栓,足羽分遣所,福井市脇三ヶ町４５番６号,36.01247519444445,136.28930382777776,100,
4946,公設消火栓,足羽分遣所,福井市脇三ヶ町２３番６号,36.01814129722222,136.28672406111113,100,
4947,公設消火栓,社分署,福井市若杉町２８番２１号５,36.05856341944445,136.18407501944444,100,
4948,公設消火栓,社分署,福井市若杉町２８番３３号６,36.05924431666667,136.18226725555556,100,
4949,公設消火栓,社分署,福井市若杉町６５番８号,36.057191505555565,136.17889762499996,150,
4950,公設消火栓,社分署,福井市若杉町３４番５号,36.057877438888895,136.17976453333335,150,
4951,公設消火栓,社分署,福井市若杉町３４番１号２,36.058163416666666,136.18052844444446,100,
4952,公設消火栓,社分署,福井市若杉町１１番,36.05762766388889,136.19286590000002,100,
4953,公設消火栓,社分署,福井市若杉町１１番５号６,36.05764765,136.19202100555555,250,
4954,公設消火栓,清水分署,福井市和田町１１番１２号,36.05048879166667,136.14181086111108,75,
4955,公設消火栓,清水分署,福井市和田町４０番１２号,36.04876700555555,136.14248577222222,150,
4956,公設消火栓,清水分署,福井市和田町２８番１号,36.04624834166667,136.14560741944445,150,
4957,公設消火栓,清水分署,福井市和田町３０番３号,36.04505648888888,136.14585738055555,150,
4958,公設消火栓,清水分署,福井市和田町３９番６号,36.05346353611112,136.15115988333335,75,
4959,公設防火水槽,清水分署,福井市和田町１１番８号,36.04993684722222,136.14077996111112,,
4960,公設防火水槽,清水分署,福井市和田町４番２２号,36.04871999444445,136.14055197222223,,
4961,公設防火水槽,清水分署,福井市和田町２番２５号,36.04780608888888,136.13894713055555,,
4962,公設消火栓,東消防署,福井市和田中２丁目１４１２番,36.04635733888889,136.24746628333335,100,
4963,公設消火栓,東消防署,福井市和田中２丁目２８０４番,36.04513645555556,136.24665639166668,100,
4964,公設消火栓,東消防署,福井市和田中２丁目１２１３番,36.046341355555555,136.24825323055558,150,
4965,公設消火栓,東消防署,福井市和田中２丁目１９１７番,36.04608340833333,136.2495951444444,100,
4966,公設消火栓,東消防署,福井市和田中２丁目２４０３番,36.04535846666668,136.24857025000003,200,
4967,公設消火栓,西安居分遣所,福井市安田町２番１号,36.065787155555554,136.15476178333333,300,
4968,公設消火栓,西安居分遣所,福井市安田町,36.065265197222224,136.15386788055554,300,
4969,公設消火栓,西安居分遣所,福井市安田町１番９号,36.06663902500001,136.1535489666667,100,
4970,公設消火栓,西安居分遣所,福井市安田町１番７号,36.065910108333334,136.15343195555556,100,
4971,公設消火栓,西安居分遣所,福井市安田町１番４３号,36.06524818611111,136.15325795555557,300,
4972,公設消火栓,西安居分遣所,福井市安田町４番３８号,36.06529315555556,136.15217309166664,300,
4973,公設防火水槽,中消防署,福井市田原２丁目,36.071385352777774,136.21509603055557,,
4974,公設消火栓,臨海消防署,福井市為寄町２番３２号,36.13992786111111,136.12160043611112,350,
4975,公設消火栓,臨海消防署,福井市為寄町４番３７号,36.13997983611111,136.12003455833332,350,
4976,公設消火栓,清水分署,福井市田尻栃谷町１３番３４号,36.03453591666666,136.1701357111111,75,
4977,公設消火栓,清水分署,福井市田尻栃谷町１４番３号,36.03411397777778,136.1708186416667,75,
4978,公設消火栓,清水分署,福井市田尻栃谷町１３番４５号,36.03361603611112,136.17045969166662,75,
4979,公設消火栓,清水分署,福井市田尻栃谷町１２番２８号,36.03422994999999,136.16962377222222,100,
4980,公設消火栓,清水分署,福井市田尻栃谷町１６番６号,36.033641008333326,136.1684439138889,150,
4981,公設消火栓,清水分署,福井市田尻栃谷町,36.03442187500001,136.16556921666668,200,
4982,公設消火栓,清水分署,福井市田尻栃谷町２８番８号,36.035607694444444,136.16350842500003,200,
4983,公設消火栓,清水分署,福井市田尻栃谷町３０番１８号,36.03656356388889,136.16297446944446,75,
4984,公設消火栓,清水分署,福井市田尻栃谷町３８番３６号３３,36.03729753055555,136.1662531027778,100,
4985,公設消火栓,清水分署,福井市田尻栃谷町３８番３６号５１,36.03690456666667,136.16581115555556,100,
4986,公設消火栓,清水分署,福井市田尻栃谷町３８番３６号５７,36.03697055555555,136.16543619444445,75,
4987,公設消火栓,清水分署,福井市田尻栃谷町３８番３６号７０,36.03692655277778,136.16500024444443,100,
4988,公設消火栓,清水分署,福井市田尻栃谷町３８番３６号８４,36.03653859999999,136.1652232222222,100,
4989,公設消火栓,清水分署,福井市田尻栃谷町３８番３６号１６,36.036568613888896,136.16648908055555,100,
4990,公設消火栓,清水分署,福井市田尻栃谷町３８番３６号４６,36.03624564444444,136.16589315277776,100,
4991,公設消火栓,清水分署,福井市田尻栃谷町３８番３６号９５,36.03630162777779,136.16527521944442,75,
4992,公設消火栓,東消防署,福井市手寄１丁目１０番２０号,36.05867525833334,136.22331333333335,100,
4993,公設消火栓,東消防署,福井市手寄２丁目８番,36.05820642777778,136.22674908611108,250,
4994,公設消火栓,東消防署,福井市手寄２丁目１番１１号,36.060662136111105,136.2271679638889,100,
4995,公設消火栓,東消防署,福井市手寄１丁目６番１０号,36.059973094444445,136.22332729444446,100,
4996,公設消火栓,東消防署,福井市手寄１丁目４番１号,36.06056203888889,136.22396522500003,300,
4997,公設消火栓,清水分署,福井市坪谷町４０番３６号,36.00820513055557,136.14007512777778,100,
4998,公設消火栓,清水分署,福井市坪谷町３９番１２号,36.008019175,136.1416289416667,100,
4999,公設防火水槽,臨海消防署,福井市為寄町２番３６号,36.139987850000004,136.1213594527778,,
5000,公設消火栓,中消防署,福井市田原１丁目５番１号,36.07217535,136.21810766388887,100,
5001,公設消火栓,中消防署,福井市田原２丁目３番１号,36.070846411111106,136.21471406944445,100,
5002,公設消火栓,中消防署,福井市田原２丁目５番２４号,36.07116531944444,136.21320525555555,100,
5003,公設消火栓,中消防署,福井市田原２丁目７番９号,36.07127732777777,136.2139071722222,100,
5004,公設消火栓,中消防署,福井市田原２丁目１番５号,36.07086444444445,136.21583393888892,100,
5005,公設消火栓,中消防署,福井市田原１丁目２番４号,36.07078649444444,136.21699479999998,300,
5006,公設消火栓,中消防署,福井市田原１丁目１０番２６号,36.07342119444445,136.21823264444447,150,
5007,公設消火栓,中消防署,福井市田原１丁目３番９号,36.07135140555555,136.21655285555553,100,
5008,公設消火栓,中消防署,福井市田原２丁目９番１号,36.07147133611112,136.21490805555555,100,
5009,公設消火栓,中消防署,福井市田原２丁目６番１１号,36.071746238888885,136.21306628333335,150,
5010,公設消火栓,社分署,福井市若杉町地係,36.060608269444444,136.190785275,100,
5011,公設防火水槽,社分署,福井市若杉町２８番２９号,36.05903334722222,136.18287817777775,,
5012,受水槽,中消防署,福井市文京４丁目３番１号,36.074260797222216,136.20975576944443,,
5013,公設消火栓,社分署,福井市若杉浜２丁目６０３番,36.062205049999996,136.18889656388887,150,
5014,公設消火栓,社分署,福井市若杉浜２丁目８０８番,36.06088319722222,136.18789662500004,150,
5015,公設防火水槽,社分署,福井市門前町５番１１号,36.04595119444445,136.1964175111111,,
5016,公設消火栓,東消防署,福井市米松２丁目１３番５号,36.07099947500001,136.24062793611108,100,
5017,公設消火栓,東消防署,福井市米松２丁目,36.06963061111111,136.24031996111114,100,
5018,公設消火栓,東消防署,福井市米松２丁目１７番８号,36.07142450555556,136.24222585555555,100,
5019,公設消火栓,東消防署,福井市米松２丁目１番６号,36.06749389722222,136.24151992777777,250,
5020,公設消火栓,東消防署,福井市米松２丁目２１番３９号,36.07073661944444,136.24299481944445,100,
5021,公設消火栓,東消防署,福井市米松２丁目２４番３０号,36.06883079999999,136.2425168611111,100,
5022,公設消火栓,東消防署,福井市米松１丁目６番１６号,36.06431216111111,136.23952606388892,200,
5023,公設防火水槽,東消防署,福井市米松２丁目１４番,36.07119745833334,136.24075592777777,,
5024,公設消火栓,東消防署,福井市米松２丁目４番１号,36.06881371944444,136.2407639472222,100,
5025,公設消火栓,東消防署,福井市米松２丁目８－１３,36.070061619444445,136.2415258972222,100,
5026,公設消火栓,東消防署,福井市米松１丁目３番２０号,36.06468108888888,136.23875109722223,100,
5027,公設消火栓,東消防署,福井市米松１丁目１番３４号,36.06387816666666,136.23845112222222,100,
5028,公設消火栓,東消防署,福井市米松１丁目７－２５,36.06361725,136.23977306111115,100,
5029,公設消火栓,西安居分遣所,福井市安田町４番３４号,36.065274136111114,136.1512122111111,300,
5030,公設消火栓,西安居分遣所,福井市安田町６番８２号１,36.063547269444435,136.1473106222222,300,
5031,公設消火栓,西安居分遣所,福井市安田町,36.06430434166667,136.15528667222225,150,
5032,公設消火栓,西安居分遣所,福井市安田町６番８号８,36.064569175,136.14897946111114,300,
5033,公設消火栓,西安居分遣所,福井市安田町１１番１号,36.06087672499999,136.1543116861111,100,
5034,公設消火栓,北分署,福井市八重巻中町１番１号,36.10262302777778,136.22175278888886,150,
5035,公設消火栓,北分署,福井市八重巻中町１４番１０号,36.10380889444444,136.2215218527778,150,
5036,公設消火栓,北分署,福井市八重巻中町１８番１号,36.10555369166667,136.2213249,200,
5037,公設防火水槽,北分署,福井市八重巻中町１番７号,36.10329496111111,136.22190278888888,,
5038,公設防火水槽,北分署,福井市八重巻中町８番１０号,36.10216812499999,136.22318559722225,,
5039,公設防火水槽,北分署,福井市八重巻中町６番７号,36.10460883055555,136.22252473055553,,
5040,公設防火水槽,北分署,福井市八重巻中町２４番,36.105511747222224,136.22306068611113,,
5041,公設消火栓,北分署,福井市八重巻東町２番２号,36.10325701666666,136.22338261944444,100,
5042,公設消火栓,北分署,福井市八重巻東町３番１３号,36.10375399722223,136.2243655166667,100,
5043,公設消火栓,清水分署,福井市本折町６番２８号,36.02886630555555,136.11578409166663,150,
5044,公設消火栓,臨海消防署,福井市和布町１５番１７号,36.128250577777784,136.06410275,200,
5045,公設消火栓,臨海消防署,福井市和布町１４番２６号,36.12935738888889,136.0650826305556,200,
5046,公設消火栓,臨海消防署,福井市和布町１０番１３号,36.130338222222214,136.06594352500002,100,
5047,公設消火栓,臨海消防署,福井市和布町５番４８号,36.130366272222226,136.06320873333334,100,
5048,公設消火栓,清水分署,福井市田尻栃谷町３８番３６号１０４,36.036156641666665,136.16478127499997,100,
5049,公設消火栓,清水分署,福井市竹生町４８番５号,36.04932306388889,136.1563422472222,150,
5050,公設消火栓,清水分署,福井市竹生町４８番２号,36.05002499166666,136.15719215833337,150,
5051,公設消火栓,清水分署,福井市田尻栃谷町１３番２号,36.03462189166666,136.16895184166665,150,
5052,公設消火栓,西分署,福井市照手２丁目２番１９号,36.06628584166667,136.2092785888889,200,
5053,公設消火栓,西分署,福井市照手２丁目９番１０号　,36.06627482777778,136.2083816861111,250,
5054,公設消火栓,西分署,福井市照手３丁目９番１０号,36.066143813888885,136.20680584999997,100,
5055,公設消火栓,西分署,福井市照手４丁目１４番２０号,36.06658571944444,136.20503205555556,100,
5056,公設消火栓,西分署,福井市照手４丁目５番１４号,36.06720763888889,136.20512006944446,100,
5057,公設消火栓,西分署,福井市照手４丁目５番１号,36.06711768055556,136.2066549,200,
5058,公設消火栓,西分署,福井市照手３丁目３番２３号,36.066778758333335,136.20837770000003,150,
5059,公設消火栓,西分署,福井市照手２丁目３番１号,36.06629286111111,136.20999851388888,100,
5060,公設消火栓,西分署,福井市照手１丁目１３番１４号,36.06650084722223,136.21048546944448,100,
5061,公設消火栓,西分署,福井市照手１丁目６番１３号,36.06620493055556,136.21189131944448,100,
5062,公設消火栓,西分署,福井市照手１丁目６番１６号　,36.06598196944445,136.21212429166667,100,
5063,公設消火栓,西分署,福井市照手１丁目８番１８号　キノ美容室　東側,36.06657589166666,136.2121652972222,100,
5064,公設消火栓,西分署,福井市照手１丁目１０番１号,36.06682983333334,136.2114393777778,150,
5065,公設消火栓,西分署,福井市照手１丁目１０番８号,36.06700778611111,136.21065846111108,150,
5066,公設消火栓,中消防署,福井市田原２丁目１６番５号,36.072146213888885,136.21391118611112,100,
5067,公設消火栓,中消防署,福井市田原２丁目１３番５号,36.07180432222223,136.21578894999996,100,
5068,公設消火栓,中消防署,福井市田原１丁目８番７号,36.07269624166666,136.21685282222222,250,
5069,公設消火栓,中消防署,福井市田原２丁目１４番１４号,36.07266820555556,136.21571096666668,250,
5070,公設消火栓,中消防署,福井市田原２丁目１９番２３号,36.07277213333333,136.21397418611113,250,
5071,公設消火栓,中消防署,福井市田原２丁目２１番１１号,36.073351052777774,136.2138222138889,100,
5072,公設消火栓,中消防署,福井市田原１丁目１２番１１号,36.074282019444446,136.2163658888889,150,
5073,公設消火栓,川西分署,福井市田の谷町２８番２９号,36.10398635,136.17304559444446,100,
5074,公設消火栓,川西分署,福井市田の谷町１７番２号,36.10460625,136.17387655277776,100,
5075,公設消火栓,中消防署,福井市高木中央３丁目２３０４番,36.09461069444445,136.23893686944444,100,
5076,公設消火栓,中消防署,福井市高柳２丁目１１４番,36.09298919166666,136.2442704805556,100,
5077,公設消火栓,中消防署,福井市高柳１丁目２５０５番,36.0877777111111,136.24283061388886,100,
5078,公設消火栓,中消防署,福井市高柳２丁目,36.09892764444445,136.24723619999997,200,
5079,公設消火栓,中消防署,福井市高柳３丁目１７０２番,36.09554572222223,136.2413306916667,100,
5080,公設消火栓,中消防署,福井市高木中央３丁目２０１９番,36.092863977777775,136.2403507611111,200,
5081,公設消火栓,中消防署,福井市高柳１丁目１００７番,36.09189738888889,136.24549140833332,100,
5082,公設消火栓,中消防署,福井市高柳１丁目１１１２番,36.09089251666666,136.24567040833335,150,
5083,公設消火栓,中消防署,福井市高柳３丁目１１１４番,36.09498869444444,136.2397288111111,100,
5084,公設消火栓,東消防署,福井市米松１丁目１６番５０号,36.06345733055556,136.2414089861111,100,
5085,公設消火栓,東消防署,福井市米松１丁目８番２３号,36.06409825277778,136.24115898888888,100,
5086,公設消火栓,東消防署,福井市米松１丁目,36.06548110555555,136.24124196666668,100,
5087,公設消火栓,東消防署,福井市米松１丁目１５番２５号,36.06628902222222,136.24136695,100,
5088,公設消火栓,東消防署,福井市志比口２丁目２４番２０号,36.070371533333336,136.24041094999998,200,
5089,公設消火栓,東消防署,福井市米松２丁目２０番８号,36.07234935555555,136.24122289722223,100,
5090,公設消火栓,東消防署,福井市御幸２丁目２５番８号,36.05848763611111,136.23434249444443,250,
5091,公設消火栓,東消防署,福井市四ツ井１丁目２３番１５号,36.06640893888889,136.2397670277778,200,
5092,公設消火栓,東消防署,福井市四ツ井１丁目２２番２８号,36.06571998333334,136.238978075,150,
5093,公設消火栓,東消防署,福井市四ツ井２丁目８番１号,36.06877769722222,136.24015098055554,100,
5094,公設消火栓,東消防署,福井市四ツ井２丁目３番１８号,36.067621624999994,136.2356932138889,250,
5095,公設消火栓,東消防署,福井市四ツ井１丁目１８番１号,36.06659774999999,136.23584221666667,100,
5096,公設消火栓,東消防署,福井市四ツ井１丁目８番,36.06560286111111,136.2357642333333,100,
5097,公設消火栓,東消防署,福井市四ツ井１丁目１６番１４号,36.06654983333333,136.23767812777777,100,
5098,公設消火栓,東消防署,福井市四ツ井２丁目１番２４号,36.068159547222216,136.23540622222225,100,
5099,公設消火栓,東消防署,福井市四ツ井１丁目８番,36.06585881111112,136.23532025000003,100,
5100,公設消火栓,川西分署,福井市八幡町２９番７号,36.129946591666666,136.1478834194444,150,
5101,公設消火栓,川西分署,福井市八幡町３０番１１号,36.12680691111112,136.1450739111111,100,
5102,公設消火栓,川西分署,福井市八幡町９番４号,36.12587403611112,136.14547689722224,100,
5103,公設消火栓,臨海消防署,福井市和布町３番３２号,36.12994731944444,136.0640396861111,100,
5104,公設消火栓,臨海消防署,福井市和布町１０番１３号,36.129774366666666,136.06299177222218,100,
5105,公設消火栓,臨海消防署,福井市和布町６番２７号,36.12972638888889,136.06224083333333,100,
5106,公設消火栓,臨海消防署,福井市和布町,36.129399480555556,136.06019400277776,100,
5107,公設消火栓,臨海消防署,福井市和布町８番９０号,36.12732874444445,136.06269490000003,200,
5108,公設消火栓,臨海消防署,福井市和布町１５番３１号,36.12727571388889,136.06473174722225,250,
5109,公設消火栓,東消防署,福井市御幸４丁目１０番３５号,36.05370731388888,136.23862347777776,100,
5110,公設消火栓,東消防署,福井市御幸４丁目１１番,36.053190419444455,136.24041239444443,100,
5111,公設消火栓,東消防署,福井市御幸４丁目２０番７号,36.056951044444446,136.24167317500002,100,
5112,公設消火栓,東消防署,福井市御幸３丁目３番,36.05445717222222,136.2365455611111,150,
5113,公設消火栓,東消防署,福井市御幸４丁目１９番,36.057337975,136.2407642083333,100,
5114,公設消火栓,東消防署,福井市御幸４丁目１番１５号,36.05735994166667,136.23979825555554,100,
5115,公設消火栓,東消防署,福井市御幸３丁目７番,36.05740688055555,136.23803734722225,100,
5116,公設消火栓,東消防署,福井市御幸３丁目１０１６番,36.05743983888889,136.23686440555554,100,
5117,公設消火栓,東消防署,福井市御幸３丁目９番２号,36.057492780555556,136.23514549444442,100,
5118,公設消火栓,東消防署,福井市御幸２丁目２５番１６号,36.05994843055556,136.23327650833332,100,
5119,公設防火水槽,美山分署,福井市南野津又町１０番８号,35.967148019444444,136.43131429722223,,
5120,公設消火栓,東消防署,福井市和田東１丁目６０３,36.05425756666667,136.24963681388886,100,
5121,公設消火栓,東消防署,福井市和田東１丁目２１５番,36.05441545000001,136.24632801111107,100,
5122,公設消火栓,西分署,福井市照手２丁目５番１９号,36.067277733333334,136.2101465222222,100,
5123,公設消火栓,西分署,福井市照手２丁目５番７号,36.06728571111112,136.2094006027778,150,
5124,公設消火栓,西分署,福井市照手３丁目３番９号,36.06640579166667,136.20747978611112,100,
5125,公設消火栓,西分署,福井市照手１丁目６番２０号,36.06555202222222,136.2119783,200,
5126,公設防火水槽,中消防署,福井市寺前町３番１１号,36.101673644444446,136.23486732222224,,
5127,公設消火栓,東消防署,福井市大東３丁目８番２４号,36.06737523333333,136.24867255000004,250,
5128,公設消火栓,東消防署,福井市大東２丁目２番２４号,36.06730326388888,136.2491775166667,100,
5129,公設消火栓,東消防署,福井市大東３丁目８街区南東角,36.06738728888889,136.24986646944444,250,
5130,公設消火栓,東消防署,福井市大東２丁目１番,36.06668929166666,136.24848357222223,100,
5131,公設消火栓,東消防署,福井市北四ツ居２丁目,36.06634832222222,136.24838658611108,150,
5132,公設消火栓,東消防署,福井市大東２丁目１番５号,36.065903375000005,136.24859757777776,100,
5133,公設消火栓,東消防署,福井市大東１丁目１番１６号,36.06510046111111,136.24869158611108,100,
5134,公設消火栓,東消防署,福井市大東１丁目１番,36.06375360277777,136.24889159444442,100,
5135,公設消火栓,東消防署,福井市大東１丁目６番１７号,36.06404271111111,136.2520773888889,100,
5136,公設消火栓,東消防署,福井市大東２丁目１番４７号,36.06543444166667,136.2490255583333,100,
5137,公設消火栓,東消防署,福井市大東１丁目１番２９号,36.0649285,136.24921955555556,100,
5138,公設消火栓,東消防署,福井市大東２丁目５番２号,36.06579240833333,136.24907155000002,100,
5139,公設消火栓,東消防署,福井市大東２丁目１３１番,36.06654233055556,136.24899154166664,100,
5140,公設消火栓,中消防署,福井市高柳１丁目１２０５番,36.09146436388889,136.2441795,100,
5141,公設消火栓,中消防署,福井市高柳１丁目１２０５番,36.09208530555555,136.24442547777778,100,
5142,公設消火栓,中消防署,福井市高柳２丁目１９０３番,36.09402711666666,136.2450634138889,100,
5143,公設消火栓,中消防署,福井市高柳２丁目１８０１番,36.09506501111112,136.24534338333333,100,
5144,公設消火栓,中消防署,福井市高柳３丁目５０５番,36.09541754722222,136.23803894444447,100,
5145,公設消火栓,中消防署,福井市高柳２丁目４０１番,36.094073013888895,136.24336653888892,100,
5146,公設消火栓,中消防署,福井市高柳３丁目１８０５番,36.09502382777779,136.24211663055556,100,
5147,公設消火栓,中消防署,福井市高柳２丁目７０１番,36.095055872222225,136.2429535666667,100,
5148,公設消火栓,中消防署,福井市高柳３丁目２５１１番,36.09546382222223,136.24293956666668,100,
5149,公設消火栓,中消防署,福井市高柳３丁目２６０４番,36.09627873333333,136.24306355833335,100,
5150,公設消火栓,中消防署,福井市高柳１丁目２５１２番,36.08866460833333,136.24281960833332,100,
5151,公設防火水槽,中消防署,福井市寺前町３番３号,36.102507547222224,136.23485134166665,,
5152,公設防火水槽,中消防署,福井市寺前町１番９号,36.103482488888886,136.23593125277782,,
5153,河川,中消防署,福井市寺前町１番４４号,36.10275763333334,136.2370561361111,,
5154,公設消火栓,西分署,福井市照手１丁目２番１８号,36.064369174999996,136.21188028888886,100,
5155,公設消火栓,西分署,福井市照手１丁目３番１号,36.06456613333333,136.21136434166667,100,
5156,公設消火栓,西分署,福井市照手１丁目３番７号,36.06480208055556,136.21062841944442,100,
5157,公設消火栓,西分署,福井市照手２丁目１番１号,36.064980022222215,136.20956152777777,100,
5158,公設消火栓,川西分署,福井市八幡町１０番３号,36.12562909166667,136.14657678055556,100,
5159,公設消火栓,川西分署,福井市八幡町４番１３号,36.12308532777777,136.14257429444444,100,
5160,公設消火栓,川西分署,福井市八幡町３７番,36.12345424444444,136.1408914638889,150,
5161,河川,川西分署,福井市八幡町,36.12610999444445,136.1448989527778,,
5162,公設消火栓,南消防署,福井市有楽町２番５号,36.06236831944444,136.2069307111111,100,
5163,公設消火栓,南消防署,福井市有楽町４番５号,36.06178639444445,136.20674470833333,150,
5164,公設消火栓,南消防署,福井市有楽町７番７号,36.06225531388889,136.2058308083333,100,
5165,公設消火栓,南消防署,福井市有楽町６番７号,36.06199134444444,136.20560581944443,150,
5166,公設消火栓,南消防署,福井市みのり３丁目４１番１０号,36.05145686666667,136.21124435,200,
5167,公設消火栓,南消防署,福井市みのり３丁目３４番６号,36.05044904166666,136.21289127499998,150,
5168,公設消火栓,南消防署,福井市みのり４丁目１番２０号,36.05174873055555,136.20733358055554,100,
5169,公設消火栓,南消防署,福井市みのり１丁目５番１号,36.05009920555555,136.2175,100,
5170,公設防火水槽,南消防署,福井市みのり１丁目７番２号,36.05181495833334,136.21656899722223,,
5171,公設防火水槽,南消防署,福井市みのり３丁目２番３３号,36.052098708333325,136.20825351388885,,
5172,公設防火水槽,南消防署,福井市みのり１丁目１１番７号,36.05008217500001,136.2162390805556,,
5173,公設防火水槽,南消防署,福井市みのり１丁目２３番１４号,36.05242584722222,136.21541405,,
5174,公設防火水槽,南消防署,福井市みのり２丁目６番１７号,36.05005412777778,136.2142642027778,,
5175,公設防火水槽,南消防署,福井市みのり１丁目３０番１号,36.04823243611111,136.21692510555556,,
5176,公設消火栓,南消防署,福井市みのり３丁目１３番１号,36.048188330555554,136.21263936388888,200,
5177,公設消火栓,東消防署,福井市和田東１丁目６１６番,36.05444052222222,136.24879186111113,100,
5178,公設消火栓,東消防署,福井市和田東１丁目８１５番,36.053938547222224,136.2479869277778,100,
5179,公設消火栓,東消防署,福井市和田東２丁目１４０１番,36.05131285000001,136.2490459638889,100,
5180,公設消火栓,東消防署,福井市和田東１丁目１８０５番,36.05272167222222,136.24799497222224,100,
5181,公設消火栓,東消防署,福井市和田東１丁目１７０３番,36.052910608333335,136.24644205833332,100,
5182,公設消火栓,東消防署,福井市和田東１丁目１７０９番,36.05236565833334,136.2460841027778,100,
5183,公設消火栓,東消防署,福井市和田東２丁目２２０５番,36.04780523055555,136.24960907222226,200,
5184,公設消火栓,東消防署,福井市和田東２丁目５０５番,36.050910877777774,136.24845601944446,100,
5185,公設消火栓,東消防署,福井市和田東２丁目１７０１番,36.050144019444446,136.2509258888889,200,
5186,公設消火栓,東消防署,福井市和田東１丁目２４０７番,36.05134675833334,136.24553118055556,100,
5187,公設消火栓,東消防署,福井市和田東２丁目１０３番,36.05132176944444,136.24597615555555,100,
5188,公設消火栓,東消防署,福井市和田東２丁目１０４番,36.05182173055556,136.2465311,100,
5189,公設消火栓,東消防署,福井市和田東２丁目２０４番,36.051821772222226,136.24815299999997,100,
5190,公設消火栓,東消防署,福井市和田東１丁目２３１７番,36.05191573055555,136.24691707499997,100,
5191,公設消火栓,東消防署,福井市和田東１丁目１７０６番,36.052546675,136.24737001944445,150,
5192,公設消火栓,東消防署,福井市和田東１丁目１７０５,36.052843638888895,136.24730300833335,100,
5193,公設消火栓,東消防署,福井市和田東１丁目９０３番,36.05394052500001,136.24723097499998,100,
5194,公設消火栓,東消防署,福井市和田東１丁目７１８番,36.05433248888889,136.2473059583333,100,
5195,公設消火栓,社分署,福井市若杉２丁目４０１番,36.0562478,136.19069911666668,100,
5196,公設消火栓,東消防署,福井市大東２丁目２番２１号,36.067012330555556,136.24994447222224,100,
5197,公設消火栓,東消防署,福井市大東１丁目１１番１４号,36.065303633333336,136.2529883055556,100,
5198,公設消火栓,東消防署,福井市大東１丁目１１番１８号,36.064937666666665,136.2529553138889,150,
5199,公設消火栓,東消防署,福井市大東１丁目１番６号,36.06418457777778,136.2493275611111,100,
5200,公設消火栓,東消防署,福井市大東１丁目５番１５号,36.06420962777778,136.2504944861111,100,
5201,公設消火栓,中消防署,福井市大願寺２丁目１番１２号,36.08093679444444,136.23030640277779,100,
5202,公設消火栓,中消防署,福井市大願寺３丁目４番１０号,36.08187249444445,136.22672660555554,100,
5203,公設消火栓,北分署,福井市中角町４１番４９号,36.10286773611111,136.2081347722222,100,
5204,公設消火栓,北分署,福井市中角町４１番３９号,36.10366963888889,136.2078907861111,150,
5205,公設消火栓,北分署,福井市中角町４１番５４号,36.103336705555556,136.2089096916667,100,
5206,公設消火栓,北分署,福井市中角町４１番３１号,36.104039622222224,136.20895666666667,150,
5207,公設消火栓,北分署,福井市中角町４１番２６号,36.10422863333334,136.2104984638889,150,
5208,公設消火栓,北分署,福井市中角町３８番１０７号,36.10440363333333,136.21153730833333,150,
5209,公設消火栓,北分署,福井市中角町４１番５２号,36.105383494444446,136.21040944722222,100,
5210,公設消火栓,北分署,福井市中角町３７番４号,36.105331475,136.20921560277782,100,
5211,公設消火栓,北分署,福井市中角町２８番３３号１,36.10653132777777,136.20911757777776,100,
5212,公設消火栓,北分署,福井市中角町２９番１２号２,36.10775317499999,136.2088985666667,100,
5213,公設消火栓,北分署,福井市中角町１８番１号,36.109157997222226,136.20853156388887,100,
5214,公設消火栓,北分署,福井市中角町,36.10222870555556,136.2048801083333,100,
5215,公設消火栓,西分署,福井市照手２丁目１０番６号,36.06502999722222,136.20854763333335,100,
5216,公設消火栓,西分署,福井市照手４丁目１番２５号,36.06519693888889,136.20673082499997,250,
5217,公設消火栓,西分署,福井市照手４丁目１１番５号,36.06472996388889,136.20488399722225,100,
5218,公設消火栓,西分署,福井市照手４丁目１２番１号,36.065446875000006,136.20520899166664,100,
5219,公設消火栓,西分署,福井市照手４丁目１３番８号,36.065757816666675,136.20431509722223,100,
5220,公設消火栓,西分署,福井市照手４丁目１番２３号,36.06567886944445,136.20655286111113,150,
5221,公設消火栓,西分署,福井市照手３丁目１番,36.06576287222222,136.20720879444445,150,
5222,公設消火栓,西分署,福井市照手３丁目９番５号,36.06579089166666,136.2084536638889,150,
5223,公設消火栓,西分署,福井市照手２丁目２番６号,36.06562392777778,136.2091585861111,150,
5224,公設消火栓,西分署,福井市照手１丁目１４番４号,36.06534699444444,136.21026446666664,150,
5225,公設消火栓,西分署,福井市照手１丁目５番７号,36.06510805833333,136.2112723611111,150,
5226,公設消火栓,中消防署,福井市寺前町６番５９号,36.10041003611112,136.23944788611112,150,
5227,公設消火栓,中消防署,福井市寺前町２９番６１号,36.100013222222216,136.24198665555554,150,
5228,公設消火栓,中消防署,福井市大願寺３丁目７番１７号,36.08325738888889,136.22794849166667,100,
5229,公設消火栓,中消防署,福井市大願寺１丁目６番８号,36.08169774166667,136.23108933888886,100,
5230,公設消火栓,中消防署,福井市大願寺２丁目５番７号,36.082079622222224,136.22963841944443,100,
5231,公設消火栓,中消防署,福井市大願寺２丁目７番１号,36.083225480555555,136.2296013972222,100,
5232,公設消火栓,中消防署,福井市大願寺２丁目６番２４号,36.08342249444445,136.23031235277776,100,
5233,公設消火栓,南消防署,福井市みのり３丁目１２番１０号,36.04820130555556,136.21178941388885,200,
5234,公設消火栓,南消防署,福井市みのり３丁目２１番１号,36.048543202777786,136.2095535361111,150,
5235,公設消火栓,南消防署,福井市みのり３丁目２６番１号,36.04954607222223,136.20956950833335,150,
5236,公設消火栓,南消防署,福井市みのり３丁目２６番１８号,36.04962903333333,136.2083915777778,100,
5237,公設消火栓,南消防署,福井市みのり３丁目２２番７号,36.04895712222222,136.2084915916667,100,
5238,公設消火栓,南消防署,福井市みのり３丁目２３番１号,36.04894618611112,136.21087244722221,100,
5239,公設消火栓,南消防署,福井市みのり１丁目２１番１６号,36.050799069444444,136.2157250861111,100,
5240,公設消火栓,南消防署,福井市みのり２丁目１１番１４号,36.05004610833333,136.2134032583333,300,
5241,公設消火栓,南消防署,福井市みのり２丁目９番１１号,36.04944619722223,136.21381625,300,
5242,公設消火栓,東消防署,福井市和田中町７４番２０号１,36.04316677500001,136.25265605000004,150,
5243,公設消火栓,東消防署,福井市和田中町,36.04220088611111,136.25322305,150,
5244,公設消火栓,東消防署,福井市和田中町,36.04065906111111,136.2541060416667,150,
5245,公設消火栓,東消防署,福井市和田中町９７番,36.03935320555556,136.25485103055556,150,
5246,公設消火栓,東消防署,福井市和田中町１３番１号,36.03794535555555,136.25568900833332,150,
5247,公設消火栓,東消防署,福井市和田中町,36.03721243333334,136.25617099166666,150,
5248,公設消火栓,東消防署,福井市和田中町１２番,36.044444666666664,136.2545918527778,100,
5249,公設消火栓,東消防署,福井市和田中町２３番,36.04463363611112,136.25393689166663,100,
5250,公設消火栓,東消防署,福井市和田中２丁目５１４番,36.04829711666667,136.24671724722222,100,
5251,公設消火栓,東消防署,福井市和田中２丁目９０７番,36.047433255555546,136.24897013333336,100,
5252,公設消火栓,清水分署,福井市山内町３５番２号,36.01156043611111,136.11670256666665,100,
5253,公設消火栓,清水分署,福井市山内町１８番１１号,36.011893386111105,136.11611161666664,150,
5254,公設消火栓,清水分署,福井市山内町１７番４号,36.01251930833333,136.11594761111112,150,
5255,公設消火栓,清水分署,福井市山内町１７番４０号,36.01248532222222,136.11674452777777,100,
5256,公設消火栓,清水分署,福井市山内町１７番１０号,36.01305225277777,136.11663351666667,150,
5257,公設消火栓,清水分署,福井市山内町１５番４１号,36.012760308333334,136.11815236944446,100,
5258,公設消火栓,清水分署,福井市山内町１４番１２号,36.01352021111111,136.11761839722226,150,
5259,公設消火栓,清水分署,福井市山内町１５番３４号,36.01427312777777,136.11823130277782,100,
5260,公設消火栓,清水分署,福井市山内町１５番３４号,36.01391817222222,136.11832530555554,100,
5261,公設消火栓,清水分署,福井市山内町２１番１０号３,36.01007156388889,136.11308101111112,100,
5262,公設消火栓,清水分署,福井市山内町８３番４号,36.00779384722222,136.11379204722226,100,
5263,公設消火栓,西分署,福井市八つ島町５番７号９,36.08491331111111,136.205137975,100,
5264,公設消火栓,西分署,福井市八つ島町１４番３号１１,36.08420240555555,136.2052069222222,100,
5265,公設消火栓,西分署,福井市八つ島町３１番３０２号,36.0824946,136.20442396111113,100,
5266,公設消火栓,西分署,福井市八つ島町７番６号,36.08403329722223,136.20137760833333,100,
5267,公設消火栓,西分署,福井市八つ島町１番３号,36.084749099999996,136.19848920277778,100,
5268,公設消火栓,西分署,福井市八つ島１丁目３０６番,36.085835222222215,136.2059238777778,100,
5269,公設消火栓,西分署,福井市八つ島町７番６号,36.08488515,136.20048284444448,100,
5270,公設消火栓,西分署,福井市八つ島町３１番６０２号,36.081999499999995,136.1988968722222,100,
5271,公設消火栓,北分署,福井市中角町１３番９号１,36.11123073055556,136.20766559166665,100,
5272,公設防火水槽,北分署,福井市中角町５５番２２号,36.10206475277777,136.206115975,,
5273,公設消火栓,南消防署,福井市中荒井町９番３３号,36.02016366111111,136.20194927499998,100,
5274,公設消火栓,南消防署,福井市中荒井町９番３２号,36.01862491111111,136.20282727777777,150,
5275,公設防火水槽,南消防署,福井市中荒井町１４番,36.019502775,136.2025102638889,,
5276,公設消火栓,川西分署,福井市一王寺町２８番３号,36.09862554722221,136.14068156944447,150,
5277,公設消火栓,川西分署,福井市中河内町７番１０号,36.094342136111116,136.1395477083333,100,
5278,公設消火栓,麻生津分遣所,福井市徳光町３３番２３号１,36.00840852499999,136.24611417222224,100,
5279,公設消火栓,麻生津分遣所,福井市徳光町５４番４号,36.00526705555555,136.2525046611111,100,
5280,公設消火栓,麻生津分遣所,福井市徳光町３２番５９号,36.00821953055556,136.24485722777777,100,
5281,公設消火栓,麻生津分遣所,福井市徳光町３１番５１号,36.007824561111114,136.24333629166668,100,
5282,公設消火栓,麻生津分遣所,福井市徳光町４４番６１号,36.006184875,136.2487289611111,100,
5283,公設消火栓,麻生津分遣所,福井市徳光町３０番３３号,36.00646176388888,136.2440202388889,100,
5284,公設消火栓,麻生津分遣所,福井市徳光町５１番３５号,36.006145919444435,136.25155575000002,200,
5285,公設防火水槽,麻生津分遣所,福井市徳光町３４番４３号,36.00733566111111,136.24526119166669,,
5286,公設消火栓,足羽分遣所,福井市栃泉町３番１０５号,36.014713138888894,136.27266176944443,100,
5287,公設消火栓,足羽分遣所,福井市栃泉町３番１０５号,36.014399161111115,136.27212783611108,75,
5288,公設消火栓,中消防署,福井市大願寺１丁目１０番４号,36.083761505555564,136.23125929166667,100,
5289,公設消火栓,中消防署,福井市大願寺１丁目４番３６号,36.0820747638889,136.23231825555558,100,
5290,公設消火栓,中消防署,福井市大願寺２丁目９番１１号,36.08424533611112,136.2291873972222,100,
5291,公設消火栓,中消防署,福井市大願寺１丁目１１番６号,36.084372408333344,136.2308013083333,100,
5292,公設消火栓,中消防署,福井市大願寺２丁目８番８号,36.08406738611111,136.22970937222223,100,
5293,公設消火栓,中消防署,福井市大願寺１丁目１０番１６号,36.08416744444445,136.2310372972222,100,
5294,公設消火栓,中消防署,福井市大願寺１丁目４番４１号,36.081365836111104,136.23213827777778,100,
5295,公設消火栓,中消防署,福井市大願寺１丁目１番３０号,36.080934830555556,136.23104235555556,100,
5296,公設消火栓,中消防署,福井市大願寺１丁目８番２８号,36.08332856944444,136.23145928888886,100,
5297,公設消火栓,東消防署,福井市大東３丁目２番１３号,36.06928403888889,136.248575525,100,
5298,公設消火栓,東消防署,福井市大東１丁目１３番４号,36.06444571666667,136.2530723166667,100,
5299,公設消火栓,東消防署,福井市大東１丁目５番２８号,36.06372064722222,136.2498505361111,100,
5300,公設消火栓,東消防署,福井市大東１丁目６番４６号,36.06387368055555,136.25097246111113,100,
5301,公設防火水槽,中消防署,福井市田原１丁目８番１１号,36.07274622777778,136.21667484444444,,
5302,公設防火水槽,中消防署,福井市田原１丁目１０番２７号,36.073218211111104,136.2179296833333,,
5303,公設消火栓,川西分署,福井市中河内町１６番１１号,36.09244635,136.13833985833335,100,
5304,河川,川西分署,福井市中河内町,36.093950180555545,136.1393637333333,,
5305,公設消火栓,中消防署,福井市中新田町４番７６号,36.100709133333325,136.25822916666667,150,
5306,公設消火栓,中消防署,福井市中新田町２番１０６号,36.101495077777784,136.25891808333336,100,
5307,公設消火栓,東消防署,福井市和田中２丁目６０９番,36.04798016666666,136.24751720833333,100,
5308,公設消火栓,東消防署,福井市和田中１丁目１７０１番,36.0456393111111,136.24157669166667,100,
5309,公設消火栓,東消防署,福井市和田中１丁目１７２１番,36.04455844166666,136.24195372222223,100,
5310,公設消火栓,東消防署,福井市和田中１丁目１３０１番,36.046136274999995,136.24270359722226,200,
5311,公設消火栓,東消防署,福井市和田中１丁目２０７番,36.048314097222224,136.24594229444446,200,
5312,公設消火栓,東消防署,福井市和田中２丁目２０１５番,36.045167508333336,136.24975117222226,200,
5313,公設消火栓,東消防署,福井市和田中２丁目２１０１番１号,36.04537751111111,136.25116406388892,100,
5314,公設消火栓,東消防署,福井市和田中２丁目９１８番,36.04670535833334,136.2502920722222,100,
5315,公設消火栓,東消防署,福井市和田中２丁目９０９番,36.04763624722222,136.24954508333332,100,
5316,公設消火栓,東消防署,福井市和田中２丁目１０８番,36.04858312777777,136.24861210833336,100,
5317,公設消火栓,東消防署,福井市和田中２丁目１０１番,36.04954099999999,136.2475011416667,100,
5318,公設消火栓,社分署,福井市若杉３丁目１７１５番,36.053192124999995,136.1882663305556,400,
5319,公設消火栓,社分署,福井市若杉２丁目１１７番,36.05739167222223,136.19153005833337,100,
5320,公設消火栓,社分署,福井市若杉３丁目９１０番,36.051623302777784,136.1877744138889,300,
5321,公設消火栓,社分署,福井市若杉４丁目１２１３番,36.055781808333336,136.18791146111113,300,
5322,公設消火栓,社分署,福井市若杉４丁目７２８番,36.05822650555555,136.18723662222226,300,
5323,公設消火栓,社分署,福井市若杉１丁目７０８番,36.05976634722222,136.18902445277774,100,
5324,公設消火栓,社分署,福井市若杉１丁目６０１番,36.060805224999996,136.18931645555557,200,
5325,公設消火栓,社分署,福井市若杉１丁目３２１番,36.060508266666666,136.18974939444445,100,
5326,公設消火栓,西分署,福井市八つ島町３１番５０７号,36.08219154722222,136.20136346666666,100,
5327,公設防火水槽,北分署,福井市東森田１丁目１８０２番,36.11537583055555,136.25229644444443,,
5328,公設消火栓,清水分署,福井市本折町２０番４号,36.02881431944445,136.11667499444448,75,
5329,公設消火栓,清水分署,福井市本折町４９番１２号,36.02783044444444,136.11646105,150,
5330,公設消火栓,清水分署,福井市本折町１６番,36.026318625,136.11606413888887,150,
5331,私設消火栓,清水分署,福井市本折町４８番２号,36.034307575,136.1130771916667,75,
5332,私設消火栓,清水分署,福井市本折町４８番２号,36.03426558888889,136.1139191027778,75,
5333,私設消火栓,清水分署,福井市本折町４８番２号,36.03377665000001,136.11364415,75,
5334,私設消火栓,清水分署,福井市本折町４８番２号,36.03346368611111,136.113077225,75,
5335,公設防火水槽,清水分署,福井市本折町１８番１２号,36.029177258333334,136.11510015833335,,
5336,私設防火水槽,清水分署,福井市本折町４番１９号,36.03001714444444,136.11440620555555,,
5337,私設防火水槽,清水分署,福井市本折町４８番２号,36.0333937,136.1138611416667,,
5338,公設消火栓,臨海消防署,福井市免鳥町地係,36.13187079166667,136.0737788888889,100,
5339,公設消火栓,臨海消防署,福井市免鳥町２２番７４号,36.13079291666667,136.07460388055557,100,
5340,公設消火栓,臨海消防署,福井市免鳥町,36.13293256111112,136.07559073055558,100,
5341,公設消火栓,臨海消防署,福井市免鳥町１３番１５号,36.13427033611111,136.0764176222222,100,
5342,公設消火栓,臨海消防署,福井市免鳥町３６番１１号,36.13543908055555,136.0788844111111,250,
5343,公設消火栓,臨海消防署,福井市免鳥町１２番７０号,36.134301255555556,136.07836249444446,250,
5344,公設消火栓,臨海消防署,福井市免鳥町３５番５号,36.13328643055555,136.07756958888888,250,
5345,公設消火栓,足羽分遣所,福井市栃泉町１番１５号,36.01460519444445,136.27366165833334,75,
5346,公設消火栓,足羽分遣所,福井市栃泉町１番８１号,36.013921269444445,136.2730917361111,100,
5347,公設消火栓,足羽分遣所,福井市栃泉町１番５５号,36.01429127222223,136.274437575,150,
5348,公設消火栓,足羽分遣所,福井市栃泉町２番１８号,36.01345537777778,136.2741366277778,150,
5349,公設消火栓,足羽分遣所,福井市栃泉町２８番６９号,36.01206655833333,136.27373070277778,150,
5350,公設消火栓,足羽分遣所,福井市栂野町２番９号,36.03598757777777,136.24955368611108,150,
5351,公設消火栓,足羽分遣所,福井市栂野町２２番６号,36.03584660277778,136.25708298333333,150,
5352,公設防火水槽,足羽分遣所,福井市栂野町,36.035117702777775,136.25051466666667,,
5353,公設消火栓,麻生津分遣所,福井市徳尾町１７番１号,35.98137251666666,136.2081142972222,100,
5354,公設消火栓,中消防署,福井市中央２丁目４番,36.05974497777778,136.21844670000002,100,
5355,公設消火栓,中消防署,福井市中央１丁目２１番１号,36.06052793611111,136.22056550555558,100,
5356,公設消火栓,中消防署,福井市中央１丁目２１－２０,36.06007595555556,136.21918463055556,100,
5357,公設消火栓,中消防署,福井市中央３丁目１番７号,36.06187765833333,136.2169997944444,100,
5358,公設消火栓,中消防署,福井市中央３丁目１４番１２号,36.061544680555556,136.21634185,100,
5359,公設消火栓,中消防署,福井市中央３丁目１２番１号,36.062049602777776,136.21589389166667,100,
5360,公設消火栓,中消防署,福井市中央３丁目１２番２４号,36.06231354999999,136.21535494166665,100,
5361,公設消火栓,中消防署,福井市中央３丁目１１番２６号,36.061916602777785,136.21529094444446,100,
5362,公設消火栓,中消防署,福井市中央３丁目１０番１２号,36.062284533333326,136.2145770111111,100,
5363,公設消火栓,中消防署,福井市中新田町４番３９号,36.10151101111111,136.25791517500002,150,
5364,公設消火栓,中消防署,福井市中新田町８番５号５,36.10202466944445,136.2535765722222,150,
5365,河川,中消防署,福井市中新田町２番８４号,36.101600002777786,136.25796216944445,,
5366,公設防火水槽,川西分署,福井市中平町１７番６２号,36.09203311388889,136.10556724444444,,
5367,公設消火栓,北分署,福井市中角町,36.10818918333334,136.21172019999997,200,
5368,公設消火栓,北分署,福井市中角町１８番１号,36.11038486111111,136.2090734722222,200,
5369,公設消火栓,北分署,福井市中角町７番７号,36.112627536111106,136.20672364166666,200,
5370,公設消火栓,北分署,福井市中角町８番１５号,36.11279150833334,136.2063096777778,200,
5371,公設消火栓,北分署,福井市中角町６番１号,36.11349637777777,136.20431785833335,200,
5372,公設消火栓,北分署,福井市中角町７番１２号,36.113351433333335,136.20606768333334,200,
5373,公設消火栓,北分署,福井市中角町６３番４３号,36.10173375277778,136.20495209999996,100,
5374,公設消火栓,東分署,福井市堂島町７番１号,36.09642896944445,136.26241188888892,150,
5375,公設消火栓,東分署,福井市堂島町５番４０号,36.09522302777778,136.26112403611108,100,
5376,公設消火栓,東分署,福井市堂島町４番３号,36.09606191388889,136.26098503055556,150,
5377,公設消火栓,東分署,福井市堂島町７番２４号,36.096018063888884,136.26302884166665,150,
5378,公設消火栓,東分署,福井市堂島町８番１８号,36.09444824722222,136.2629568861111,150,
5379,公設消火栓,麻生津分遣所,福井市徳尾町７番３８号,35.98186440833333,136.20651146666665,75,
5380,公設消火栓,麻生津分遣所,福井市徳尾町１番１１号,35.98361020555555,136.20717530277778,100,
5381,公設消火栓,麻生津分遣所,福井市徳尾町１番２号,35.98542598055556,136.20741118611107,150,
5382,公設消火栓,社分署,福井市若杉４丁目１７０４番,36.05873642777778,136.186116775,100,
5383,公設防火水槽,東消防署,福井市寮町４３番３５号,36.062768575,136.26871524722225,,
5384,公設防火水槽,東消防署,福井市寮町４５番７０号,36.06232956111111,136.26771533888888,,
5385,公設防火水槽,東消防署,福井市寮町４３番７号,36.06308261944445,136.27011513055555,,
5386,河川,東消防署,福井市寮町４５番６号,36.060929663888885,136.26763739444445,,
5387,プール,東消防署,福井市寮町５０番５号,36.06023331666666,136.28168619166667,,
5388,公設消火栓,東分署,福井市新保町１０１番２号,36.08184436666666,136.25915453333337,150,
5389,公設消火栓,東分署,福井市若栄町７０２番,36.0825883,136.25932450277776,150,
5390,公設消火栓,東分署,福井市若栄町６０１番,36.08342731111111,136.26081835,150,
5391,公設消火栓,東分署,福井市若栄町５２５番,36.08419131944444,136.2621352111111,150,
5392,公設消火栓,東分署,福井市若栄町５０１番,36.08521626944445,136.26295111111114,150,
5393,公設消火栓,南消防署,福井市有楽町６番１１号,36.06217230833333,136.20502288333336,100,
5394,公設消火栓,南消防署,福井市有楽町１４番８号,36.061670363888894,136.20441291944448,100,
5395,公設消火栓,南消防署,福井市有楽町１２番６号,36.062374275,136.204653925,100,
5396,公設消火栓,南消防署,福井市有楽町１８番１０号,36.06208829444445,136.20372600000002,100,
5397,公設防火水槽,南消防署,福井市有楽町１６番２号,36.06210230555555,136.20446193055554,,
5398,公設防火水槽,南消防署,福井市有楽町１番,36.06278025,136.20618979444444,,
5399,公設防火水槽,美山分署,福井市横越町７番１２号,35.95023448055555,136.35879450277776,,
5400,公設消火栓,東消防署,福井市四ツ井１丁目１番２８号,36.064000094444445,136.23696419166666,150,
5401,公設消火栓,臨海消防署,福井市免鳥町２２番７４号,36.13127686666666,136.07408189444448,250,
5402,公設消火栓,臨海消防署,福井市免鳥町１０番　リゾートタウン眺望,36.13197360833334,136.0776926388889,100,
5403,公設消火栓,臨海消防署,福井市浜住町地係,36.13021511666666,136.0720490638889,250,
5404,公設消火栓,東消防署,福井市南四ツ居１丁目１番３５号,36.06182855,136.2425199527778,100,
5405,公設防火水槽,美山分署,福井市南野津又町１８番３号,35.96576715833333,136.42656497500002,,
5406,公設防火水槽,美山分署,福井市南野津又町９番３８号,35.96781694444444,136.4300254416667,,
5407,河川,美山分署,福井市南野津又町,35.96509023055555,136.42421530555558,,
5408,公設防火水槽,美山分署,福井市南宮地町２０番８号,35.99161227777778,136.4157184388889,,
5409,沈砂池,美山分署,福井市南宮地町３番１号,35.99690263333333,136.41600726944446,,
5410,公設消火栓,足羽分遣所,福井市南山町１３番４１号,36.0099202,136.28298568333332,100,
5411,公設消火栓,足羽分遣所,福井市南山町７番４５号４６,36.010189211111104,136.28412455000003,100,
5412,公設消火栓,足羽分遣所,福井市南山町２８番３８号,36.00937923888889,136.28215978333333,100,
5413,公設消火栓,足羽分遣所,福井市南山町２８番３８号,36.01104517777777,136.2856293444445,100,
5414,私設防火水槽,社分署,福井市南江守町６５番２０号,36.024934516666676,136.1889111027778,,
5415,私設防火水槽,社分署,福井市南江守町６５番２０号,36.02502046666666,136.1878361888889,,
5416,公設消火栓,臨海消防署,福井市南菅生町２１番２９号,36.10738561111111,136.0455682888889,200,
5417,公設消火栓,臨海消防署,福井市南菅生町２３番７号,36.10710959444445,136.04438538888888,200,
5418,公設消火栓,臨海消防署,福井市南菅生町２１番８号,36.10673069999999,136.04562432222224,100,
5419,公設消火栓,中消防署,福井市中央３丁目９番１号,36.06255648333334,136.21415404999996,250,
5420,公設消火栓,中消防署,福井市中央３丁目９番２１号,36.062920416666664,136.21355111111112,100,
5421,公設消火栓,中消防署,福井市中央３丁目８番１２号,36.06335733333333,136.21270519444448,100,
5422,公設消火栓,中消防署,福井市中央３丁目６番１４号,36.06362130555556,136.21287018333337,100,
5423,公設消火栓,中消防署,福井市中央３丁目６番２号,36.06335236111111,136.2136111083333,100,
5424,公設消火栓,中消防署,福井市中央３丁目５番１号,36.06295843611111,136.21431903888893,250,
5425,公設消火栓,中消防署,福井市中央３丁目２番１５号,36.062544547222224,136.2162778583333,150,
5426,公設消火栓,中消防署,福井市中央１丁目９番１号,36.06123385000001,136.22074047222222,100,
5427,公設消火栓,中消防署,福井市中央２丁目１０番,36.058567188888894,136.22059055,350,
5428,公設消火栓,中消防署,福井市中央１丁目１４番１０号,36.06105285277778,136.22005253611113,100,
5429,公設消火栓,中消防署,福井市中央１丁目１２番１６号,36.061274838888885,136.22047949444445,100,
5430,公設防火水槽,麻生津分遣所,福井市中野１丁目２０１４番,36.00048502499999,136.18506883055554,,
5431,公設防火水槽,麻生津分遣所,福井市中野３丁目９０１番,36.00285875833333,136.18985717777778,,
5432,その他,麻生津分遣所,福井市中野２丁目地係,36.00176582500001,136.18622661111112,,
5433,公設消火栓,東分署,福井市中の郷町１２番９号,36.09116641111111,136.2760746861111,100,
5434,公設消火栓,東分署,福井市中の郷町１５番４号,36.09232725555556,136.27562270555555,100,
5435,公設消火栓,東分署,福井市中の郷町１３番１号,36.090527438888884,136.27503381388888,100,
5436,公設消火栓,東分署,福井市中の郷町１７番４６号,36.09221130555555,136.2764586166667,100,
5437,公設消火栓,麻生津分遣所,福井市徳尾町１１番７号,35.98134455555555,136.2093851472222,100,
5438,公設防火水槽,麻生津分遣所,福井市徳尾町１１番９号,35.981045574999996,136.2086582472222,,
5439,公設消火栓,麻生津分遣所,福井市徳光町５番２１号,36.00979535555556,136.24776110833335,150,
5440,公設消火栓,麻生津分遣所,福井市徳光町２０番８号,36.00965634722222,136.24594720555552,100,
5441,公設消火栓,麻生津分遣所,福井市徳光町４２番２１号,36.005999869444445,136.24660210277776,100,
5442,公設消火栓,麻生津分遣所,福井市徳光町３５番３３号,36.00605184166666,136.24534316666663,100,
5443,公設消火栓,麻生津分遣所,福井市徳光町４０番１号,36.00608287222223,136.2476480388889,100,
5444,公設消火栓,麻生津分遣所,福井市徳光町４４番４６号,36.00671379722222,136.24855698333334,200,
5445,公設消火栓,麻生津分遣所,福井市徳光町４５番３９号,36.00639685833333,136.24975288888885,200,
5446,公設消火栓,麻生津分遣所,福井市徳光町３２番３２号１,36.007292661111116,136.2448682111111,150,
5447,公設消火栓,麻生津分遣所,福井市徳光町３４番７号,36.00724964444445,136.2434312777778,150,
5448,公設消火栓,麻生津分遣所,福井市徳光町１８番２０号,36.008373552777776,136.24773308055552,150,
5449,公設防火水槽,中消防署,福井市灯明寺町１番４０号,36.09666819166667,136.20434616388889,,
5450,プール,中消防署,福井市灯明寺３丁目３８０１番,36.097118386111106,136.21387579444448,,
5451,公設消火栓,足羽分遣所,福井市栂野町２０番５号,36.03929823055556,136.2579777611111,100,
5452,公設消火栓,足羽分遣所,福井市栂野町８番６２号,36.03462477777777,136.25237853055555,150,
5453,公設消火栓,足羽分遣所,福井市栂野町２番,36.034842744444454,136.2513676083333,100,
5454,公設消火栓,中消防署,福井市中央１丁目１９番１８号,36.061247752777774,136.2174157611111,200,
5455,公設消火栓,東消防署,福井市四ツ井１丁目１３番１５号,36.06472703333333,136.23753315555552,100,
5456,公設消火栓,東消防署,福井市四ツ井２丁目７番５号,36.067874663888894,136.2372591333333,100,
5457,公設消火栓,北分署,福井市山室町４１番６４号,36.11990116111111,136.18396766944446,150,
5458,公設消火栓,北分署,福井市山室町５３番１１号,36.11985911944444,136.1824318388889,100,
5459,公設消火栓,北分署,福井市山室町５４番３０号,36.11701250277778,136.18189493055553,400,
5460,公設消火栓,北分署,福井市山室町７２番６号,36.12200565555555,136.17644543055556,400,
5461,公設消火栓,北分署,福井市山室町４２番１７号,36.12011215555556,136.18482256944446,150,
5462,公設消火栓,北分署,福井市山室町７０番１号,36.124528358333336,136.17768221666668,100,
5463,公設消火栓,北分署,福井市山室町７０番１号,36.12318961666667,136.18025897500002,100,
5464,公設消火栓,北分署,福井市山室町５５番８９号　福井トヨペットＢＰセンター南西側国道４１６号,36.11802029444445,136.17943218333338,300,
5465,公設防火水槽,北分署,福井市山室町５３番２号,36.11786539999999,136.18251185555553,,
5466,公設防火水槽,北分署,福井市山室町３９番３０号,36.11871732777779,136.18410067222223,,
5467,公設消火栓,南消防署,福井市みのり２丁目５番１５号,36.04872630833333,136.21451123333335,300,
5468,公設消火栓,南消防署,福井市みのり２丁目４番１４号,36.048379363888884,136.21493921944446,100,
5469,公設消火栓,南消防署,福井市みのり２丁目３番１４号,36.05074305833333,136.21501613333336,100,
5470,公設消火栓,南消防署,福井市みのり１丁目２６番１８号,36.04914927222223,136.21525317222222,200,
5471,公設消火栓,南消防署,福井市みのり３丁目３０番１９号,36.04997604166667,136.2105114388889,150,
5472,公設消火栓,南消防署,福井市みのり３丁目１９番２８号,36.05001507777777,136.21207534166666,200,
5473,公設消火栓,南消防署,福井市みのり３丁目３０番,36.049710094444436,136.21118340555552,100,
5474,公設消火栓,臨海消防署,福井市南菅生町２３番２３号,36.106907658333334,136.04521634166665,100,
5475,公設消火栓,臨海消防署,福井市南菅生町１９番７号,36.10657368611111,136.0448783833333,100,
5476,公設消火栓,臨海消防署,福井市南菅生町２４番５号,36.10606571388888,136.04402146944446,100,
5477,公設消火栓,臨海消防署,福井市南菅生町２１番１４号,36.10640463055556,136.04311851666665,200,
5478,公設消火栓,臨海消防署,福井市南菅生町２８番２９号,36.10518274166667,136.04215264444446,200,
5479,公設消火栓,社分署,福井市渡町３７８番２号,36.06293293888889,136.1870328138889,100,
5480,公設消火栓,社分署,福井市若杉２丁目２２３番,36.05663673888888,136.18992123055557,100,
5481,公設消火栓,社分署,福井市若杉２丁目１５０５番,36.05639774722222,136.1886323888889,100,
5482,公設消火栓,社分署,福井市若杉２丁目１５１２番,36.055491858333326,136.1887493416667,100,
5483,公設消火栓,社分署,福井市若杉２丁目１２０１番,36.055858825,136.1894242666667,100,
5484,公設消火栓,社分署,福井市若杉２丁目１３０５番,36.05611679444445,136.1895432611111,100,
5485,公設消火栓,社分署,福井市若杉２丁目１１０６番,36.055527875,136.18998218333337,100,
5486,公設消火栓,社分署,福井市若杉２丁目７０７番,36.05472297777777,136.19034610555553,100,
5487,公設消火栓,社分署,福井市若杉１丁目２２０４番,36.05959938055556,136.1900273277778,200,
5488,公設消火栓,社分署,福井市若杉１丁目１８０１番,36.05904943611111,136.1891774111111,100,
5489,公設消火栓,社分署,福井市若杉１丁目１９０５番,36.05855849444444,136.18921038888885,150,
5490,公設消火栓,社分署,福井市若杉１丁目９１４番,36.05931338611111,136.1880715527778,100,
5491,公設消火栓,社分署,福井市若杉１丁目１６０５番,36.05891342777778,136.1875746027778,100,
5492,公設消火栓,東分署,福井市中の郷町１５番１２号,36.09213323055556,136.27452282777782,100,
5493,公設消火栓,東分署,福井市中の郷町,36.09324918333333,136.27646358888887,100,
5494,河川,東分署,福井市中ノ郷町１７番５０号,36.09296321666667,136.27645359722226,,
5495,公設消火栓,麻生津分遣所,福井市中野町９番５０号,36.004237483333334,136.1891151527778,100,
5496,公設消火栓,麻生津分遣所,福井市中野町１０番３３号,36.00321663611111,136.18833429444445,100,
5497,公設消火栓,麻生津分遣所,福井市中野町１３番１０号,36.00522444722222,136.19238178888892,200,
5498,公設消火栓,足羽分遣所,福井市中毘沙門町８番１６号,36.02113324444445,136.27330754444444,100,
5499,公設消火栓,麻生津分遣所,福井市中野２丁目１８０３番,36.00385535,136.18366168333333,100,
5500,公設消火栓,麻生津分遣所,福井市中野１丁目２０４番３号,36.00308949722223,136.18370173888889,150,
5501,公設消火栓,麻生津分遣所,福井市中野１丁目６０９番,36.00240761944443,136.1835868055556,150,
5502,公設消火栓,麻生津分遣所,福井市中野１丁目１１０１番,36.00158877777778,136.18371386111113,150,
5503,公設消火栓,麻生津分遣所,福井市中野１丁目１８０１番,36.0010448888889,136.18405687777778,200,
5504,公設消火栓,麻生津分遣所,福井市中野１丁目１１１３番,36.00123488055555,136.18495477777776,200,
5505,公設消火栓,川西分署,福井市燈豊町３２番６８号,36.123142183333336,136.13597699166664,150,
5506,公設消火栓,川西分署,福井市燈豊町,36.12538799722223,136.14093141666666,100,
5507,公設消火栓,川西分署,福井市燈豊町,36.12444310833333,136.14052548055557,150,
5508,公設消火栓,川西分署,福井市燈豊町,36.12338824722222,136.1405914972222,100,
5509,公設消火栓,川西分署,福井市燈豊町,36.122835305555554,136.13998657500002,100,
5510,公設消火栓,中消防署,福井市中央１丁目１９番７号,36.06068683333333,136.21767974722226,100,
5511,公設消火栓,中消防署,福井市中央１丁目２０－２５,36.06105280277779,136.21826069166664,100,
5512,公設消火栓,中消防署,福井市中央１丁目２１番３０号,36.06079986666667,136.2193326027778,100,
5513,公設消火栓,中消防署,福井市中央１丁目２１番３７号,36.06061391388889,136.2201405388889,100,
5514,公設消火栓,中消防署,福井市中央１丁目１０番８号,36.06106688888889,136.22129043055557,100,
5515,公設消火栓,中消防署,福井市中央１丁目１番５号,36.06081992222222,136.2213934277778,100,
5516,公設消火栓,中消防署,福井市中央２丁目３－２４,36.059648027777776,136.21981358888888,100,
5517,公設消火栓,中消防署,福井市中央２丁目９番１６号,36.057648255555556,136.2187277166667,100,
5518,公設消火栓,中消防署,福井市中央２丁目２番２２号,36.059248061111106,136.21911365555553,100,
5519,公設消火栓,中消防署,福井市中央２丁目１番３１号,36.05886213333333,136.21994659444448,100,
5520,公設消火栓,中消防署,福井市中央２丁目６番８号,36.05863914166666,136.21917766111113,100,
5521,公設消火栓,中消防署,福井市中央２丁目６番１０号,36.05867012222222,136.21866370277777,100,
5522,公設消火栓,中消防署,福井市中央２丁目１０番１５号,36.058037219444444,136.21923266944444,100,
5523,公設消火栓,中消防署,福井市中央２丁目１２番１５号,36.05728131944445,136.21927968333333,100,
5524,公設消火栓,中消防署,福井市中央１丁目６番２６号,36.062274622222226,136.2175717416667,100,
5525,公設消火栓,中消防署,福井市中央１丁目１８－３,36.061422750000006,136.21812769444446,100,
5526,公設消火栓,中消防署,福井市中央１丁目２１番３５号,36.060688894444446,136.21980756666667,100,
5527,公設消火栓,東消防署,福井市大東１丁目６番４０号,36.06438766388889,136.25171940555558,100,
5528,公設消火栓,東消防署,福井市大東３丁目３番９号,36.069012086111115,136.24894450277776,100,
5529,公設消火栓,臨海消防署,福井市免鳥町３５番５号,36.13415239722222,136.0752177027778,250,
5530,公設消火栓,臨海消防署,福井市免鳥町５番１５号,36.133585541666676,136.073673825,250,
5531,公設消火栓,臨海消防署,福井市免鳥町３２番５号,36.133084680555555,136.07213394444443,250,
5532,公設消火栓,臨海消防署,福井市免鳥町地係,36.133134469444435,136.07708762777776,100,
5533,公設消火栓,臨海消防署,福井市免鳥町３６番２９号,36.13685288611111,136.07887835000002,250,
5534,公設消火栓,臨海消防署,福井市免鳥町１０番５３号　リゾートタウン眺望,36.13252053055555,136.07770961388889,100,
5535,公設消火栓,臨海消防署,福井市免鳥町１０番３５号　リゾートタウン眺望,36.13212060833334,136.0772266611111,100,
5536,公設消火栓,臨海消防署,福井市免鳥町３３番１３号,36.133231583333334,136.07396782222224,100,
5537,公設防火水槽,東消防署,福井市御幸１丁目５番６号,36.05905040277778,136.22918786666668,,
5538,公設防火水槽,東消防署,福井市御幸３丁目１番１号,36.057492761111114,136.234556525,,
5539,河川,東消防署,福井市御幸２丁目６番１号,36.05745664722222,136.23079281111112,,
5540,その他,東消防署,福井市御幸４丁目１２番１号,36.05407431388888,136.240117375,,
5541,公設消火栓,北分署,福井市六日市町１番２号,36.11159931388889,136.18453173333333,100,
5542,公設消火栓,北分署,福井市六日市町,36.11342410555556,136.1875924333333,150,
5543,公設消火栓,北分署,福井市六日市町,36.11329913611112,136.18883932777777,150,
5544,公設消火栓,北分署,福井市六日市町,36.11311618333333,136.1905001861111,150,
5545,公設消火栓,東消防署,福井市南四ツ居１丁目１１番,36.06277860555555,136.24662574722225,100,
5546,公設消火栓,麻生津分遣所,福井市真木町１３６番１６号,35.99930964722222,136.19858953611111,200,
5547,公設消火栓,麻生津分遣所,福井市真木町１０９番１９号９,36.00578586388889,136.2045186888889,150,
5548,公設防火水槽,麻生津分遣所,福井市真木町１２６（福井ハイツ）,36.00021960555555,136.2014122138889,,
5549,公設消火栓,清水分署,福井市真栗町１３番１８号,36.01559531666667,136.14819577499998,150,
5550,公設消火栓,清水分署,福井市真栗町１５番３３号,36.01492239166667,136.14849775833338,150,
5551,公設消火栓,清水分署,福井市真栗町１６番１４号,36.01408948888889,136.1485307833333,150,
5552,公設消火栓,清水分署,福井市真栗町１６番５７号,36.01351055277778,136.14939368888892,100,
5553,公設消火栓,社分署,福井市江守中町９番９号,36.03301694722222,136.2008017888889,100,
5554,公設消火栓,社分署,福井市舞屋町９番５５号,36.03209018055555,136.20386762222225,100,
5555,公設消火栓,社分署,福井市舞屋町１２番３４号,36.03260314444444,136.20472053888886,150,
5556,公設消火栓,社分署,福井市舞屋町８番５号,36.032887019444445,136.2023126916667,100,
5557,公設消火栓,社分署,福井市舞屋町４番８号１８,36.03648360555555,136.2038764111111,100,
5558,公設消火栓,社分署,福井市舞屋町１５番１９－６号,36.034051008333336,136.20629236111114,100,
5559,公設消火栓,中消防署,福井市文京２丁目１２番２６号,36.07871459166667,136.22039928333336,150,
5560,公設消火栓,中消防署,福井市文京４丁目１４番１号,36.07674743333333,136.20822007222225,100,
5561,公設消火栓,西分署,福井市文京５丁目２５番２１号,36.07924199166667,136.20312996111113,100,
5562,公設消火栓,中消防署,福井市町屋３丁目１６－１,36.07875894166666,136.22804860277782,100,
5563,公設消火栓,西分署,福井市文京６丁目９番１５号,36.07492045833333,136.1979354138889,100,
5564,公設消火栓,中消防署,福井市文京４丁目２３番１号,36.08016702222222,136.20906507222222,100,
5565,公設消火栓,中消防署,福井市文京３丁目１８番２４号,36.07873930833333,136.21250549444443,150,
5566,公設消火栓,中消防署,福井市文京３丁目１６番１号,36.07896736944445,136.21497811388892,100,
5567,公設消火栓,中消防署,福井市文京３丁目２５番２号,36.07920320555555,136.21114171388888,100,
5568,公設消火栓,中消防署,福井市文京３丁目１０番２６号,36.078206291666675,136.21015883888887,100,
5569,公設消火栓,中消防署,福井市文京１丁目３番１１号,36.07563207777778,136.22279604722223,100,
5570,公設消火栓,中消防署,福井市文京２丁目１８番１２号,36.080356441666666,136.22203496388892,150,
5571,公設消火栓,中消防署,福井市文京１丁目３９番６号,36.07990958333334,136.2237568611111,100,
5572,公設消火栓,中消防署,福井市文京３丁目９番１号,36.07434586944445,136.2122614388889,200,
5573,公設消火栓,中消防署,福井市文京３丁目９番３０号,36.0761975611111,136.21033375277779,200,
5574,公設消火栓,中消防署,福井市文京１丁目３０番１号,36.07888173888889,136.2242958638889,100,
5575,公設消火栓,中消防署,福井市文京４丁目２番９号,36.07432582222223,136.21080363333334,100,
5576,公設消火栓,中消防署,福井市文京４丁目３番１６号,36.07512569722221,136.21017574166666,100,
5577,公設消火栓,中消防署,福井市文京１丁目１６番１６号,36.076695958333325,136.2231290027778,100,
5578,公設消火栓,西分署,福井市文京６丁目３６番１６号,36.07871996388889,136.19903354999997,150,
5579,公設消火栓,西分署,福井市文京７丁目２７番１６号,36.079358847222224,136.19602798055553,150,
5580,公設消火栓,中消防署,福井市文京１丁目２０番１号,36.076974863888886,136.22186610555553,150,
5581,公設消火栓,川西分署,福井市布施田町１２番２１号,36.14474729444445,136.16240953888885,100,
5582,公設消火栓,川西分署,福井市布施田町１０番１４号,36.14591312777778,136.16180748611114,100,
5583,公設防火水槽,東消防署,福井市和田東２丁目５０６番,36.050679900000006,136.2483530361111,,
5584,公設防火水槽,東消防署,福井市和田東１丁目７１８番,36.05455046944445,136.24739194722224,,
5585,公設消火栓,清水分署,福井市在田町８番３７号,35.99440201666667,136.1452112916667,100,
5586,公設消火栓,清水分署,福井市在田町３番５５号,35.99701866388889,136.1451811333333,100,
5587,公設消火栓,清水分署,福井市在田町３番１１号,35.99645473888889,136.14519816666666,100,
5588,公設消火栓,清水分署,福井市在田町３番２５号,35.99634374444444,136.14475023333333,75,
5589,公設消火栓,清水分署,福井市在田町４３番９号,35.995968786111106,136.14438930277777,75,
5590,公設消火栓,清水分署,福井市在田町６番６号,35.99559884722222,136.1449122583333,100,
5591,公設消火栓,清水分署,福井市在田町４番２８号,35.99523389444444,136.14482229444445,100,
5592,公設消火栓,清水分署,福井市在田町６番２２号,35.995218872222225,136.1438564222222,75,
5593,公設消火栓,清水分署,福井市在田町４３番３号,35.99494091388889,136.1440314166667,75,
5594,公設消火栓,清水分署,福井市在田町８番２９号,35.99465696388889,136.14449537222222,100,
5595,公設消火栓,清水分署,福井市在田町１３番７号,35.99650675555555,136.1461390416667,100,
5596,公設防火水槽,社分署,福井市若杉４丁目１８０２番,36.057447561111104,136.18486889444446,,
5597,公設消火栓,社分署,福井市若杉４丁目４０３番,36.05743657222223,136.18554681111115,100,
5598,公設消火栓,社分署,福井市若杉４丁目６０３番,36.057130627777774,136.18670565555558,100,
5599,公設消火栓,社分署,福井市若杉４丁目１６０４番,36.05684463888888,136.1854218111111,150,
5600,公設消火栓,社分署,福井市若杉４丁目２０１１番,36.05761954166666,136.18497488611112,100,
5601,公設消火栓,社分署,福井市若杉４丁目１８０７番,36.05698860277778,136.184138975,150,
5602,公設消火栓,清水分署,福井市在田町４３番８号,35.99456294722223,136.14329553333332,75,
5603,公設消火栓,清水分署,福井市在田町９番２９号,35.99422400833334,136.14382848333335,100,
5604,公設消火栓,清水分署,福井市在田町９番２３号,35.993813055555556,136.14322858333335,100,
5605,公設消火栓,清水分署,福井市在田町４５番４号,35.99312415277778,136.14311263333335,100,
5606,公設消火栓,清水分署,福井市在田町１０番１号,35.99254122222222,136.1424147527778,100,
5607,公設消火栓,越廼分署,福井市赤坂町１番１号,36.00384662222222,135.97554095555557,75,
5608,公設防火水槽,越廼分署,福井市赤坂町３０番２号,36.00032241666667,135.98571736944444,,
5609,公設防火水槽,越廼分署,福井市赤坂町２番４号,36.00388563333333,135.9758929277778,,
5610,公設防火水槽,美山分署,福井市赤谷町１３番２４号,35.96035799166666,136.34544828333335,,
5611,公設消火栓,東消防署,福井市和田東２丁目２１３番,36.05191078055556,136.24881695277776,100,
5612,公設消火栓,東消防署,福井市和田東１丁目２１０５番,36.052385755555555,136.24968687777775,200,
5613,公設消火栓,東消防署,福井市和田東１丁目１２０１番,36.054204438888895,136.2450760888889,100,
5614,公設消火栓,東消防署,福井市和田東１丁目１４０２番,36.05306855555556,136.24503913333336,100,
5615,公設消火栓,東消防署,福井市和田東１丁目８０７番,36.05381858888889,136.2489838694445,100,
5616,公設消火栓,東消防署,福井市和田東２丁目１２０７番,36.04975201388889,136.24903403055558,100,
5617,公設消火栓,東消防署,福井市和田東１丁目１７０１番,36.05267661388889,136.2456671138889,100,
5618,公設消火栓,東消防署,福井市和田東１丁目５０１番,36.05490748333334,136.24902783333332,100,
5619,公設消火栓,東消防署,福井市和田東２丁目１６１９番,36.05081893888889,136.2504668916667,100,
5620,公設消火栓,東消防署,福井市和田東２丁目１７１４番,36.04912511388889,136.25049495833332,100,
5621,公設消火栓,西分署,福井市文京７丁目１２番地２７,36.07630625555555,136.19723561944446,150,
5622,公設消火栓,中消防署,福井市文京２丁目１０番９号,36.07827055,136.21765871111108,100,
5623,公設消火栓,中消防署,福井市文京１丁目２０番２３号,36.07735681388889,136.2218491,100,
5624,公設消火栓,西分署,福井市文京７丁目１番,36.07393058888889,136.19466066388893,100,
5625,公設消火栓,中消防署,福井市文京２丁目７番３４号,36.077739613888895,136.2175657277778,100,
5626,公設消火栓,北分署,福井市下森田新町１５１７番,36.108074833333326,136.23369655000002,150,
5627,公設消火栓,中消防署,福井市文京３丁目９番１号,36.07512273888889,136.21139757499998,200,
5628,公設消火栓,中消防署,福井市文京２丁目２０番１１号,36.07991138055555,136.21864652777776,100,
5629,公設消火栓,西分署,福井市文京７丁目１番５６号,36.07418154166667,136.19713146388887,300,
5630,公設消火栓,中消防署,福井市文京２丁目４番５３号,36.07599178611112,136.21601794722224,150,
5631,公設消火栓,中消防署,福井市文京３丁目２１番９号,36.07845023888889,136.20944195555555,200,
5632,公設消火栓,中消防署,福井市文京３丁目１３番,36.07892832777778,136.21368331388888,100,
5633,公設消火栓,北分署,福井市二日市町３５番５９号,36.12978888055555,136.18364737222223,150,
5634,公設消火栓,北分署,福井市二日市町３５番２９号,36.128408038888885,136.18337546666663,100,
5635,公設消火栓,北分署,福井市二日市町３７番１号,36.12606931388889,136.18258363055557,100,
5636,公設消火栓,北分署,福井市二日市町２０番２１号,36.12888895277778,136.18254453611115,150,
5637,公設消火栓,北分署,福井市二日市町１７番１号,36.127341124999994,136.18191966388892,150,
5638,公設消火栓,川西分署,福井市布施田町３番２８号,36.14605805555556,136.16028460833334,100,
5639,公設消火栓,川西分署,福井市布施田町１４番１２号,36.146026997222215,136.15805782222222,100,
5640,公設消火栓,川西分署,福井市布施田町２番２６号,36.14622707777778,136.16149848333333,100,
5641,公設消火栓,川西分署,福井市布施田町１１番６号,36.14635011388889,136.16294534444447,100,
5642,公設消火栓,川西分署,福井市布施田町１番１号,36.14648610277777,136.16312931666667,100,
5643,公設消火栓,川西分署,福井市布施田町１番４１号,36.146908044444444,136.1630012888889,100,
5644,公設消火栓,川西分署,福井市布施田町３番７号,36.14643796666666,136.15885970277776,100,
5645,公設消火栓,川西分署,福井市布施田町５番１７号,36.14597198055556,136.15708792499998,100,
5646,公設消火栓,川西分署,福井市布施田町地係,36.13852603611111,136.1623491,100,
5647,公設防火水槽,川西分署,福井市布施田町１６番７号,36.143266472222216,136.1624006722222,,
5648,公設防火水槽,川西分署,福井市布施田町１８番４２号,36.14089776666667,136.16268785555556,,
5649,公設消火栓,麻生津分遣所,福井市二上町６番２２号,36.00500360277777,136.22326329444445,100,
5650,公設消火栓,東分署,福井市藤島町３９番２号,36.089380516666665,136.27386696944447,100,
5651,公設消火栓,東分署,福井市藤島町３６番４号,36.09064415000001,136.26998932222222,150,
5652,公設消火栓,東分署,福井市藤島町４２番２号,36.08903064722223,136.27577477499997,100,
5653,公設消火栓,東分署,福井市藤島町４９番５０号,36.08731641111111,136.26839255277778,100,
5654,公設消火栓,東分署,福井市藤島町３８番２号,36.08913840555555,136.27132823611112,100,
5655,公設消火栓,東分署,福井市藤島町３６番７号,36.090561208333334,136.27070925833334,100,
5656,公設消火栓,中消防署,福井市町屋３丁目２７番３５号,36.07936789722222,136.22863954722223,250,
5657,公設消火栓,社分署,福井市若杉４丁目２１０２番,36.057949488888895,136.18392802499997,100,
5658,公設消火栓,社分署,福井市若杉４丁目２７０２番,36.058505411111106,136.18295315555557,150,
5659,公設消火栓,社分署,福井市若杉１丁目１１０１番,36.06022228055556,136.18811857777777,100,
5660,公設消火栓,社分署,福井市若杉３丁目４０１番,36.050895475,136.19180990555557,100,
5661,公設消火栓,社分署,福井市若杉３丁目３０１番,36.05215333055556,136.19231280555553,100,
5662,公設消火栓,社分署,福井市若杉１丁目３１０１番,36.05744165833333,136.19096613055555,250,
5663,公設消火栓,社分署,福井市若杉２丁目２２３番,36.05709168055556,136.18982426111114,100,
5664,公設消火栓,社分署,福井市若杉１丁目３００５番,36.05718366388889,136.18941831388886,250,
5665,公設消火栓,社分署,福井市若杉２丁目１５３５番,36.05680869166667,136.18826344722223,100,
5666,公設消火栓,社分署,福井市若杉１丁目２９１５番,36.05691667222222,136.1878805,250,
5667,公設消火栓,社分署,福井市若杉１丁目１４０５番,36.05828650555556,136.18778055555555,150,
5668,公設消火栓,社分署,福井市若杉４丁目７１９番,36.05674768055556,136.1871685861111,100,
5669,公設消火栓,社分署,福井市若杉４丁目８１０番,36.05651669722222,136.1865056638889,250,
5670,公設防火水槽,東消防署,福井市四ツ井１丁目１６番１号,36.06573891111111,136.23731215555557,,
5671,公設消火栓,北分署,福井市東森田１丁目２２１４番,36.114462913888886,136.2516725333333,100,
5672,公設消火栓,北分署,福井市東森田１丁目１０２３番,36.114434808333336,136.2495607722222,200,
5673,公設消火栓,北分署,福井市東森田１丁目５１３番,36.11505374722221,136.24990172222223,100,
5674,公設消火栓,北分署,福井市東森田３丁目１３２０番,36.11851546944444,136.25300430833337,150,
5675,公設消火栓,北分署,福井市二日市町１８番１号,36.12614726666666,136.18146975000002,150,
5676,公設消火栓,北分署,福井市二日市町３４番９１号,36.12780509722222,136.18286154444445,100,
5677,公設消火栓,北分署,福井市二日市町３６番２８号,36.12717218611111,136.18305354444445,100,
5678,公設消火栓,麻生津分遣所,福井市下河北町１３番１号　クリーンスペースニッコウ西側,36.018710427777776,136.21709136666666,100,
5679,公設消火栓,東消防署,福井市勝見３丁目５番２２号,36.054376016666666,136.23077894166667,100,
5680,公設消火栓,西分署,福井市照手１丁目１５－８　本楽寺西側,36.065307986111115,136.20976051666665,100,
5681,公設防火水槽,社分署,福井市渕１丁目２９０８番,36.03801905555555,136.19230527500002,,
5682,公設防火水槽,社分署,福井市渕４丁目２６０８番,36.04685076388889,136.18283106944446,,
5683,公設防火水槽,社分署,福井市渕３丁目２００１番,36.04094950555555,136.18527488888887,,
5684,私設防火水槽,社分署,福井市渕４丁目６０６番,36.04602094722223,136.18671661666664,,
5685,私設防火水槽,社分署,福井市渕３丁目２８０１番,36.04364318055555,136.18490585833337,,
5686,河川,社分署,福井市渕２丁目１７１１番,36.04666290833333,136.1882774277778,,
5687,公設消火栓,足羽分遣所,福井市深見町９９番９号,36.00218373611112,136.2675313277778,100,
5688,公設消火栓,足羽分遣所,福井市深見町１００番３８号,36.00305362777778,136.26759533611113,100,
5689,公設消火栓,足羽分遣所,福井市深見町９６番５３号,36.003747536111106,136.26774532777776,100,
5690,公設消火栓,足羽分遣所,福井市深見町５３番１７号,36.00526126111111,136.26458964444444,100,
5691,公設消火栓,足羽分遣所,福井市深見町５１番１３号,36.00525024166667,136.26351974999997,150,
5692,公設消火栓,南消防署,福井市天王町２０番４１号,36.02767155555556,136.23318026111113,150,
5693,公設消火栓,南消防署,福井市上莇生田町５番１６号,36.02622775277778,136.23287233888888,75,
5694,公設消火栓,南消防署,福井市上莇生田町１１番１号,36.02480798055555,136.2340723527778,100,
5695,公設消火栓,南消防署,福井市上莇生田町５番６３号,36.02556886666666,136.2337413333333,100,
5696,公設消火栓,南消防署,福井市上莇生田町４番４６号,36.02512788333333,136.23155044444442,150,
5697,公設消火栓,南消防署,福井市上莇生田町１３番１３号,36.02506086666667,136.23032849999998,150,
5698,公設消火栓,南消防署,福井市上莇生田町１２番２２号,36.02413002777779,136.23172848333334,100,
5699,公設消火栓,南消防署,福井市上莇生田町５番１６号,36.02703865555555,136.23374126388893,100,
5700,公設消火栓,南消防署,福井市上莇生田町１１番１２号,36.02427203333333,136.23296942500002,150,
5701,公設消火栓,南消防署,福井市上莇生田町３番１９号,36.026154730555554,136.23123641388892,100,
5702,公設消火栓,南消防署,福井市上莇生田町２番３６号,36.025468805555555,136.23018948888893,100,
5703,公設消火栓,南消防署,福井市上莇生田町５番１６号,36.02650771388889,136.23283932777775,150,
5704,公設消火栓,南消防署,福井市上莇生田町５番８２号,36.025363875000004,136.23277238333333,150,
5705,公設消火栓,南消防署,福井市上莇生田町３番１９号,36.026085769444435,136.23258635833335,100,
5706,公設防火水槽,西安居分遣所,福井市上一光町１７番１号,36.06736095,136.09118529444444,,
5707,公設消火栓,麻生津分遣所,福井市上江尻町８番２号,35.99148964166667,136.18989490833334,200,
5708,公設消火栓,麻生津分遣所,福井市上江尻町７番９号１,35.99127367500001,136.19004389999998,100,
5709,公設消火栓,麻生津分遣所,福井市上江尻町９番２７号,35.992745472222225,136.19016581944442,200,
5710,公設防火水槽,麻生津分遣所,福井市上江尻町８番２号,35.991461647222216,136.18999389722225,,
5711,公設消火栓,中消防署,福井市町屋２丁目５番２５号,36.078021099999994,136.22946251944444,100,
5712,公設消火栓,中消防署,福井市町屋３丁目１６番１０号,36.078850888888894,136.22718766111112,100,
5713,公設消火栓,中消防署,福井市町屋３丁目１７番２６号,36.079242883333336,136.22807858888888,100,
5714,公設消火栓,中消防署,福井市町屋３丁目２６番６号,36.07969179444445,136.22739762222218,100,
5715,公設消火栓,中消防署,福井市町屋３丁目２７番１４号,36.080306758333336,136.22815355555556,100,
5716,公設消火栓,中消防署,福井市町屋２丁目１５番１８号,36.08005681944445,136.2287645222222,100,
5717,公設消火栓,中消防署,福井市町屋３丁目２６番１６号,36.080586705555554,136.22777357500001,100,
5718,公設消火栓,中消防署,福井市町屋３丁目９番２号,36.07723206944445,136.22681472499997,100,
5719,公設消火栓,中消防署,福井市町屋３丁目１０番３号,36.077366105555555,136.2279156416667,100,
5720,公設消火栓,中消防署,福井市町屋２丁目４番１２号,36.07736513888889,136.22862059166667,100,
5721,公設消火栓,中消防署,福井市町屋２丁目４番２２号,36.077527161111114,136.229476525,100,
5722,公設消火栓,中消防署,福井市町屋２丁目７番１２号,36.078110147222226,136.2306344333333,250,
5723,私設消火栓,清水分署,福井市真栗町４７番４８号,36.014631325,136.1387409861111,300,
5724,私設消火栓,清水分署,福井市真栗町４７番４７号,36.01361845,136.1390949861111,200,
5725,私設消火栓,清水分署,福井市真栗町,36.012935525,136.13863907222222,200,
5726,私設消火栓,清水分署,福井市真栗町,36.011710683333334,136.1395130138889,200,
5727,私設消火栓,清水分署,福井市真栗町,36.011163772222226,136.14133281388888,200,
5728,公設防火水槽,清水分署,福井市真栗町１４番７６号,36.01564331111112,136.14827376388885,,
5729,公設防火水槽,清水分署,福井市真栗町２４番２６号,36.010126972222224,136.14918786388887,,
5730,公設消火栓,北分署,福井市東森田１丁目１８０２番,36.11515485555556,136.25221945833331,150,
5731,公設消火栓,北分署,福井市東森田１丁目２１０８番,36.114276825,136.24948878333333,100,
5732,公設消火栓,北分署,福井市東森田４丁目１１８番,36.123017841666666,136.2518663138889,150,
5733,公設消火栓,北分署,福井市東森田４丁目１０７番,36.12290792222222,136.25319016666668,100,
5734,公設消火栓,北分署,福井市東森田２丁目４２１番,36.11899725000001,136.24992265,200,
5735,公設消火栓,北分署,福井市東森田２丁目４２１番,36.11931921111111,136.2499936361111,100,
5736,公設消火栓,南消防署,福井市桃園２丁目２番２２号,36.059336647222224,136.20336694444447,100,
5737,公設消火栓,南消防署,福井市桃園１丁目９番１３号,36.06086139999999,136.20094520277777,100,
5738,公設消火栓,南消防署,福井市桃園１丁目８番１５号,36.06164931666667,136.20197614166665,150,
5739,公設消火栓,南消防署,福井市桃園２丁目２番２１号,36.05912167777778,136.203531925,100,
5740,公設消火栓,南消防署,福井市桃園１丁目５番１７号,36.06084143055556,136.2023420777778,200,
5741,公設消火栓,南消防署,福井市桃園１丁目６番５号,36.06018651111111,136.20212607500002,200,
5742,公設消火栓,南消防署,福井市桃園１丁目８番地３１,36.06223023055556,136.20146221666667,100,
5743,公設消火栓,南消防署,福井市桃園２丁目４番４号,36.05858370833333,136.20169505555558,100,
5744,公設消火栓,南消防署,福井市桃園１丁目１番４号,36.06188631666667,136.20350101111114,100,
5745,公設消火栓,臨海消防署,福井市南菅生町,36.10403071944445,136.0386309361111,200,
5746,公設消火栓,社分署,福井市南江守町６２－１－３２　サニータウン江守,36.02969827500001,136.19836811388888,100,
5747,公設消火栓,社分署,福井市南江守町６２ー１－１９サニータウン江守,36.0300482,136.19757415,100,
5748,公設消火栓,足羽分遣所,福井市深見町５１番１５号,36.00522821944445,136.26244885555553,150,
5749,公設消火栓,足羽分遣所,福井市深見町地係,36.00661515277778,136.26812130833335,150,
5750,公設消火栓,足羽分遣所,福井市深見町５３番１６号,36.0061811638889,136.2658065361111,150,
5751,公設消火栓,足羽分遣所,福井市深見町５０番１１号,36.00533924444444,136.26427367777777,150,
5752,公設消火栓,足羽分遣所,福井市深見町９８番２号,36.00421448611111,136.2682842777778,100,
5753,公設消火栓,足羽分遣所,福井市深見町１００番１３号,36.00228376666666,136.26969212777777,100,
5754,公設消火栓,足羽分遣所,福井市深見町５２番１１号,36.00399740555555,136.26323476111108,100,
5755,公設消火栓,足羽分遣所,福井市深見町１０１番１７号,36.00304767222223,136.26963714444446,100,
5756,公設消火栓,足羽分遣所,福井市深見町５２番５号,36.00405041388889,136.26390169722222,100,
5757,公設消火栓,西分署,福井市深谷町３４番７号,36.08508354166666,136.17901519444442,150,
5758,公設消火栓,西分署,福井市深谷町３５番２号,36.0846856,136.17759528333335,150,
5759,公設消火栓,西分署,福井市深谷町３６番１号,36.08455863888889,136.1757734,150,
5760,公設消火栓,西分署,福井市深谷町３７番４号,36.08459666388889,136.17384852222224,150,
5761,公設消火栓,西分署,福井市深谷町３８番１８号,36.084610680555556,136.1725406027778,100,
5762,公設消火栓,西分署,福井市深谷町３９番５号,36.08491360833333,136.17055782777774,100,
5763,公設消火栓,東消防署,福井市北四ツ居１丁目２７番６号,36.06437543888888,136.2465057277778,100,
5764,公設消火栓,東消防署,福井市北四ツ居２丁目７番２２号,36.066517202777774,136.2461117138889,100,
5765,公設消火栓,東消防署,福井市北四ツ居３丁目１番５号,36.06754493611111,136.24250287777775,100,
5766,公設消火栓,東消防署,福井市北四ツ居３丁目１０番１号,36.068433975,136.24539472222224,100,
5767,公設消火栓,清水分署,福井市グリーンハイツ３丁目１７５番,36.04512563888889,136.1651101888889,150,
5768,公設消火栓,清水分署,福井市グリーンハイツ３丁目１４２番,36.045042630555564,136.16404131388887,150,
5769,公設消火栓,清水分署,福井市グリーンハイツ３丁目１２３番,36.044987625000005,136.16315541944448,150,
5770,公設消火栓,清水分署,福井市グリーンハイツ３丁目１０９番,36.04466466111111,136.1631834138889,150,
5771,公設消火栓,清水分署,福井市グリーンハイツ３丁目１５３番,36.044745669444445,136.16434127777777,150,
5772,公設消火栓,清水分署,福井市グリーンハイツ４丁目１７５番,36.04433472777778,136.1651991777778,150,
5773,公設消火栓,清水分署,福井市グリーンハイツ４丁目１７４番,36.04422573055556,136.16458824999998,150,
5774,公設消火栓,清水分署,福井市グリーンハイツ４丁目１３７番,36.044325713888895,136.16414230277775,150,
5775,公設消火栓,清水分署,福井市グリーンハイツ４丁目１１２番,36.04424270277778,136.16274946666667,150,
5776,公設消火栓,清水分署,福井市グリーンハイツ４丁目,36.043878736111104,136.16238851111112,100,
5777,公設消火栓,清水分署,福井市グリーンハイツ４丁目１２６番,36.04391474722222,136.16335839722223,100,
5778,公設消火栓,清水分署,福井市グリーンハイツ４丁目１９３番,36.043803783333324,136.16499420555553,100,
5779,公設消火栓,清水分署,福井市グリーンハイツ４丁目１８３番,36.04335084166667,136.16536316388888,300,
5780,公設消火栓,清水分署,福井市グリーンハイツ４丁目２０１番,36.04318484444445,136.1643082888889,100,
5781,公設消火栓,清水分署,福井市グリーンハイツ５丁目１２５番,36.041213074999995,136.16503321666664,150,
5782,公設消火栓,清水分署,福井市グリーンハイツ５丁目１３０番,36.04051315277778,136.1650242222222,150,
5783,公設消火栓,清水分署,福井市グリーンハイツ５丁目１０１番,36.042523933333335,136.16545515833332,300,
5784,公設消火栓,清水分署,福井市グリーンハイツ６丁目１０８番,36.04247595,136.16618507500002,100,
5785,公設消火栓,清水分署,福井市グリーンハイツ６丁目１３８番,36.0428819,136.16588810555552,150,
5786,公設防火水槽,西安居分遣所,福井市本堂町８８番１号,36.05346123611111,136.12730040555556,,
5787,公設防火水槽,西安居分遣所,福井市本堂町８８番１号,36.050766608333326,136.12941416944443,,
5788,公設防火水槽,西安居分遣所,福井市本堂町４６－１－１９,36.054247088888886,136.12447871388886,,
5789,公設防火水槽,西安居分遣所,福井市本堂町８８番１号４３,36.05078855833333,136.1259735416667,,
5790,公設防火水槽,西安居分遣所,福井市本堂町８４番５号６,36.06082940555556,136.13413384166668,,
5791,プール,西安居分遣所,福井市本堂町４番１２号,36.06153233888889,136.13544172500002,,
5792,公設消火栓,社分署,福井市舞屋町８番９号,36.03267806388889,136.20280466666665,200,
5793,公設消火栓,社分署,福井市舞屋町１２番９号,36.03268408611111,136.20344862222225,100,
5794,公設消火栓,社分署,福井市舞屋町５番１０号,36.03593972777778,136.20542633055555,100,
5795,公設消火栓,社分署,福井市舞屋町１５番,36.03480288888889,136.20573136388887,150,
5796,公設消火栓,社分署,福井市舞屋町６番２０５号,36.03489581944445,136.204062475,150,
5797,公設消火栓,社分署,福井市舞屋町２番１２号４,36.03559173055556,136.2041314361111,100,
5798,公設消火栓,社分署,福井市舞屋町４番８号２２,36.03670059722222,136.2044373638889,100,
5799,公設消火栓,社分署,福井市舞屋町４番８号２９,36.03686455,136.2036204111111,100,
5800,公設消火栓,西安居分遣所,福井市本堂町４５番１号２２,36.05443309444444,136.1264125138889,100,
5801,公設消火栓,西安居分遣所,福井市本堂町４５番１号８,36.053886172222214,136.12673946944446,150,
5802,公設消火栓,西安居分遣所,福井市本堂町８８番４号６１,36.053477211111115,136.12578456388889,150,
5803,公設消火栓,西安居分遣所,福井市本堂町８８番４号１４７,36.053697166666666,136.12470868055553,100,
5804,公設消火栓,西安居分遣所,福井市本堂町８８番４号１１５,36.052544322222225,136.1250536361111,100,
5805,公設消火栓,社分署,福井市南江守町地係,36.02838106944444,136.18787805277776,100,
5806,公設消火栓,社分署,福井市南江守町６２－１－１２サニータウン江守,36.03064015833333,136.1984050666667,150,
5807,公設消火栓,社分署,福井市南江守町６５番２０号,36.02524542777778,136.1875002083333,100,
5808,公設防火水槽,社分署,福井市南江守町１０番３１号,36.03019806388888,136.19417443333336,,
5809,公設防火水槽,社分署,福井市南江守町２９番２４号－１,36.02988396666666,136.1901807972222,,
5810,公設防火水槽,社分署,福井市南江守町６番１４号,36.030627102777785,136.19691417222222,,
5811,公設消火栓,清水分署,福井市三留町６９番２号,36.03823533888888,136.15324758055556,150,
5812,公設消火栓,清水分署,福井市三留町６９番２号,36.03755441944445,136.15264265277779,200,
5813,公設消火栓,清水分署,福井市三留町２９番１号,36.03517171111111,136.14234887222221,75,
5814,公設消火栓,清水分署,福井市三留町５７番８号,36.03892526111111,136.14808317499998,75,
5815,公設消火栓,清水分署,福井市三留町７０番６０号,36.04156294444445,136.15405047500002,75,
5816,公設防火水槽,清水分署,福井市三留町６１番１２号,36.04108999444445,136.14865409444442,,
5817,公設防火水槽,清水分署,福井市三留町４２番９号,36.04007111944444,136.14818715555555,,
5818,公設防火水槽,清水分署,福井市三留町３９番６号,36.03891325833334,136.1507818638889,,
5819,公設防火水槽,清水分署,福井市三留町４３番１８号,36.03848831388889,136.1486681111111,,
5820,公設防火水槽,清水分署,福井市三留町７２番１０号,36.04114299722223,136.1559372611111,,
5821,公設防火水槽,清水分署,福井市三留町７２番５号,36.04095701666667,136.15483438611108,,
5822,公設消火栓,西安居分遣所,福井市渡町２０３番,36.065460650000006,136.1888997277778,200,
5823,公設消火栓,東消防署,福井市北四ツ居３丁目１１番４号,36.06876395833333,136.24580569722224,150,
5824,公設防火水槽,東消防署,福井市北四ツ居１丁目１番１６号,36.06453933888889,136.24449482222224,,
5825,公設防火水槽,東消防署,福井市北四ツ居３丁目１５番１７号,36.069222961111116,136.24686163611108,,
5826,公設防火水槽,東消防署,福井市北四ツ居１丁目３番,36.06519820833333,136.24297788611108,,
5827,プール,東消防署,福井市北四ツ居３丁目１５番１７号,36.06781208611111,136.24646967777775,,
5828,公設消火栓,東消防署,福井市北四ツ居町３０番１５２号,36.06975006944445,136.25006641666664,100,
5829,公設消火栓,東消防署,福井市北四ツ居町５１８番,36.06964776388889,136.24359179444443,100,
5830,公設消火栓,東消防署,福井市北四ツ居町３１番１３号,36.07122485833333,136.24885249166664,150,
5831,公設消火栓,東消防署,福井市北四ツ居町３１番９号,36.07048393611111,136.24890549166665,150,
5832,公設消火栓,東消防署,福井市北四ツ居町３１番２７号,36.07137289166667,136.24981142500002,150,
5833,公設消火栓,東消防署,福井市北四ツ居町３１番４号,36.07114195277777,136.25052237499997,150,
5834,公設消火栓,東消防署,福井市北四ツ居町６０４番,36.071461563888896,136.24343879444447,100,
5835,公設消火栓,東消防署,福井市北四ツ居町５０５番,36.07022467777778,136.24310081666664,100,
5836,公設消火栓,東消防署,福井市北四ツ居町３０番１０７号,36.06998400277778,136.24925546944445,100,
5837,公設消火栓,東消防署,福井市北四ツ居町３０番１６８号,36.070278022222226,136.2502114027778,100,
5838,公設消火栓,東消防署,福井市北四ツ居町６２０番,36.07076365833334,136.24385877777777,100,
5839,公設消火栓,東消防署,福井市北今泉町８番２２号,36.06975922777778,136.25327719722222,150,
5840,公設消火栓,東消防署,福井市北今泉町６番４号,36.0684064,136.2542051638889,200,
5841,公設消火栓,東消防署,福井市北今泉町１８番１５号,36.07197527500001,136.25828281388888,250,
5842,公設消火栓,清水分署,福井市グリーンハイツ７丁目１０１番,36.04142406388889,136.16592411111108,150,
5843,公設消火栓,中消防署,福井市経田１丁目２０２番１号,36.087888555555566,136.22260378611114,150,
5844,公設消火栓,中消防署,福井市経田１丁目１４１８番,36.08993828333334,136.22071823333332,300,
5845,公設消火栓,中消防署,福井市経田１丁目１４１１番,36.08845243611111,136.22086009722221,300,
5846,公設消火栓,中消防署,福井市経田２丁目１１１２番,36.08993025555555,136.2197214166667,300,
5847,公設消火栓,中消防署,福井市経田２丁目７４０４番５号,36.08796933611111,136.21611597499998,150,
5848,公設消火栓,中消防署,福井市経田２丁目７０３番,36.088802336111115,136.2187825166667,100,
5849,公設消火栓,中消防署,福井市経田２丁目１１０９番,36.08948828333334,136.21920248333333,100,
5850,公設防火水槽,中消防署,福井市経田１丁目３０１番,36.08843050833334,136.22268482222222,,
5851,公設消火栓,川西分署,福井市岸水町１６番２５号,36.109203486111106,136.17324975277776,200,
5852,公設消火栓,川西分署,福井市岸水町１４番１号,36.11098818055556,136.17266286944448,100,
5853,公設消火栓,川西分署,福井市岸水町,36.112367938888895,136.1718459777778,100,
5854,公設消火栓,川西分署,福井市岸水町６番１８号,36.114604533333335,136.17056316111115,100,
5855,プール,川西分署,福井市岸水町１６－２５,36.109180516666676,136.17520757777777,,
5856,公設消火栓,東消防署,福井市北今泉町７番１２号,36.06942329444444,136.25397715833336,250,
5857,公設消火栓,東消防署,福井市北今泉町１６番１３号,36.07027843888889,136.2584408388889,100,
5858,公設消火栓,東消防署,福井市北今泉町３番１号,36.07111705277778,136.25243824166665,150,
5859,公設消火栓,東消防署,福井市北今泉町３番１５号,36.070675147222225,136.2534221777778,100,
5860,公設消火栓,西安居分遣所,福井市本堂町４２番１号１２,36.05262432777777,136.12627350833333,100,
5861,公設消火栓,社分署,福井市渕４丁目１９０７番,36.04496296111111,136.18172220833335,100,
5862,公設消火栓,社分署,福井市渕４丁目１７１２番,36.04491297222223,136.18203117222222,250,
5863,公設消火栓,社分署,福井市渕４丁目１８１３番,36.04546491944445,136.1825781027778,100,
5864,公設消火栓,社分署,福井市渕４丁目１２０１番,36.04586788611111,136.18331701388885,250,
5865,公設消火栓,社分署,福井市渕４丁目２８０４番,36.046414838888886,136.18414191111114,100,
5866,公設消火栓,社分署,福井市渕４丁目２６１５番,36.04740668611111,136.1822531361111,100,
5867,公設消火栓,社分署,福井市渕４丁目２６０５番,36.04706774722222,136.18334200555555,100,
5868,公設消火栓,社分署,福井市渕４丁目２７０１番,36.04717575555556,136.18433088611113,100,
5869,公設消火栓,社分署,福井市渕４丁目２１０６番,36.04646578333334,136.18155522500004,100,
5870,公設消火栓,社分署,福井市渕４丁目２３０６番,36.04643979722221,136.18216415,100,
5871,公設消火栓,社分署,福井市渕４丁目２４０７番,36.046257833333335,136.1829010611111,100,
5872,公設消火栓,社分署,福井市渕４丁目１２０８番,36.04507397222223,136.18298905555554,100,
5873,公設消火栓,社分署,福井市渕４丁目１１０６番,36.04585690833334,136.18422190555552,100,
5874,公設消火栓,社分署,福井市渕４丁目１４２１番,36.04509898888888,136.18386094999997,100,
5875,公設消火栓,社分署,福井市渕１丁目３００５番,36.03806408055555,136.19338516944444,100,
5876,公設消火栓,社分署,福井市渕１丁目２４０３番,36.03922994166666,136.19349910833336,200,
5877,公設消火栓,社分署,福井市渕３丁目１０１０番,36.040565625,136.18798562222224,400,
5878,公設消火栓,社分署,福井市渕２丁目１９１３番,36.044057244444446,136.18918238055556,100,
5879,公設防火水槽,社分署,福井市若杉２丁目１００１番,36.054813958333334,136.18979918055553,,
5880,プール,社分署,福井市若杉４丁目１４３番,36.05880839722223,136.1845439694444,,
5881,プール,社分署,福井市若杉４丁目１４０２番,36.05512281944445,136.18411393333335,,
5882,公設消火栓,社分署,福井市若杉町１５番１２号,36.05766166944445,136.19348182499996,150,
5883,公設消火栓,社分署,福井市若杉町２５番１８号１,36.0595443,136.18365309444442,100,
5884,公設消火栓,社分署,福井市若杉町２５番１２号２,36.05917235277777,136.18442199166662,100,
5885,公設消火栓,社分署,福井市若杉町２８番２８号５,36.059163336111105,136.18302816111108,100,
5886,公設消火栓,社分署,福井市若杉２丁目９１０番,36.053687116666666,136.1910019777778,100,
5887,公設消火栓,社分署,福井市若杉３丁目４０１番,36.05101445,136.19129096944442,200,
5888,公設消火栓,社分署,福井市若杉３丁目４０１番,36.050934480555554,136.1923738305555,200,
5889,公設消火栓,社分署,福井市若杉３丁目１７０３番,36.05407303055556,136.18887427777776,100,
5890,公設消火栓,社分署,福井市若杉３丁目１３０５番,36.05352511944445,136.1901380888889,100,
5891,公設消火栓,社分署,福井市若杉３丁目１１０４番,36.05261722777778,136.1900550944444,100,
5892,公設消火栓,社分署,福井市若杉３丁目６１５番,36.05182833333333,136.19045705833335,100,
5893,公設消火栓,社分署,福井市若杉３丁目１２０８番,36.05303415555556,136.18883524999998,100,
5894,公設消火栓,社分署,福井市若杉３丁目９１４番,36.05198726666666,136.18809136666667,400,
5895,公設消火栓,社分署,福井市若杉３丁目１１６番,36.05335616666667,136.19143190833333,200,
5896,公設消火栓,社分署,福井市若杉３丁目１１１番,36.05302819444444,136.19081598333335,100,
5897,公設消火栓,東消防署,福井市北今泉町１３番１５号,36.071159297222216,136.25724690277775,250,
5898,公設消火栓,東消防署,福井市北今泉町１３番７号,36.07013131111112,136.25563603333333,250,
5899,公設消火栓,東消防署,福井市北今泉町７番１５号,36.06912328888888,136.2533022083333,200,
5900,公設消火栓,東消防署,福井市今泉町,36.068078513888885,136.25595205277781,200,
5901,公設消火栓,東消防署,福井市北今泉町１０番６号,36.07367801666667,136.25646291666664,100,
5902,公設消火栓,東消防署,福井市北今泉町１６番１号,36.0710063888889,136.2587858,100,
5903,公設消火栓,東消防署,福井市北今泉町４番１号,36.06986418888889,136.25268623611115,100,
5904,公設消火栓,東消防署,福井市北今泉町１９番１４号,36.06973152777778,136.25916279999998,100,
5905,プール,東消防署,福井市北今泉町１０番６号２,36.07270010277777,136.25633294166667,,
5906,公設消火栓,臨海消防署,福井市北菅生町１５番１０号,36.10936039444444,136.0486519444445,200,
5907,公設消火栓,臨海消防署,福井市北菅生町８番３号,36.108166572222224,136.04715213055553,200,
5908,公設消火栓,臨海消防署,福井市北菅生町８番９号,36.107548650000005,136.0475861333333,100,
5909,公設消火栓,臨海消防署,福井市北菅生町８番２１号,36.10742865277778,136.04671820555555,100,
5910,公設消火栓,臨海消防署,福井市北菅生町１１番９号,36.10697571666667,136.0467422305556,100,
5911,公設消火栓,臨海消防署,福井市北菅生町８番４１号,36.10706268055555,136.0462232611111,100,
5912,公設防火水槽,臨海消防署,福井市北菅生町８番２１号,36.10744165,136.04666620833333,,
5913,公設消火栓,川西分署,福井市北楢原町１２番１１号,36.10481122777778,136.17921515555554,100,
5914,公設消火栓,西安居分遣所,福井市金屋町４番４号,36.070386872222215,136.1654315388889,100,
5915,公設消火栓,東消防署,福井市北今泉町２番１号,36.07185295277778,136.25188627500003,150,
5916,公設消火栓,東消防署,福井市北今泉町２番１号,36.072522925,136.25262521388888,150,
5917,公設消火栓,社分署,福井市加茂河原町２１番３号３,36.056633775,136.19209095555559,100,
5918,公設消火栓,社分署,福井市加茂河原町２１番３５号４,36.05680577222222,136.19321781944444,100,
5919,公設消火栓,社分署,福井市加茂河原町３０番３４号５,36.053878,136.18602465277777,100,
5920,公設消火栓,社分署,福井市加茂河原町３０番２９号３,36.05337805555556,136.1858776583333,100,
5921,公設消火栓,社分署,福井市加茂河原町３１番６号１,36.05460293611111,136.18726850833337,100,
5922,公設消火栓,社分署,福井市加茂河原町３１番１５号１,36.05448893055556,136.18621364444442,100,
5923,公設消火栓,社分署,福井市加茂河原町２０番１号３,36.05794763611111,136.1936488166667,250,
5924,公設消火栓,社分署,福井市加茂河原町２０番２６号１,36.057736675,136.19439071388888,100,
5925,公設消火栓,社分署,福井市加茂河原町２１番２８号５,36.05669979166667,136.1936267611111,100,
5926,公設消火栓,社分署,福井市加茂河原町２１番２８号３０,36.055988875000004,136.19331276944445,100,
5927,公設消火栓,社分署,福井市加茂河原町２１番２８号４６,36.05551691944444,136.19251785277777,100,
5928,公設消火栓,社分署,福井市加茂河原町３０－２５－８,36.05327508888888,136.18699150555554,100,
5929,公設消火栓,社分署,福井市加茂緑苑町８１４番,36.05149842222223,136.19286275000002,100,
5930,公設消火栓,社分署,福井市加茂緑苑町９１７番,36.051931377777784,136.193337675,200,
5931,公設消火栓,社分署,福井市加茂緑苑町６１８番,36.05334218333333,136.19234578333337,200,
5932,公設消火栓,社分署,福井市加茂緑苑町４０８番,36.054581022222216,136.19180990555557,200,
5933,公設消火栓,南消防署,福井市みのり２丁目１５番１号,36.05251778333333,136.21333618055556,250,
5934,公設消火栓,南消防署,福井市みのり１丁目２４番３０号,36.051160008333326,136.21518610833337,200,
5935,公設消火栓,臨海消防署,福井市蓑町８番５号,36.12730780555556,136.05688036666666,100,
5936,公設消火栓,臨海消防署,福井市蓑町６番１６号,36.12725881111111,136.0560004416667,100,
5937,公設消火栓,東消防署,福井市南四ツ居２丁目９番１１号,36.060325747222215,136.24356394999998,150,
5938,公設消火栓,東消防署,福井市南四ツ居１丁目７番,36.062131602777775,136.24481684166668,100,
5939,公設消火栓,東消防署,福井市南四ツ居１丁目１３番８号,36.06218764444444,136.24609178055556,100,
5940,公設消火栓,東消防署,福井市南四ツ居２丁目１８番５号,36.05992890277777,136.24680880555553,100,
5941,公設消火栓,東消防署,福井市南四ツ居２丁目１５番２２号,36.060025874999994,136.24628383055557,100,
5942,公設消火栓,東消防署,福井市南四ツ居２丁目１５番３２号,36.05963788055556,136.24536188888888,100,
5943,公設消火栓,東消防署,福井市南四ツ居２丁目１６番５号,36.05973782222222,136.24391395555557,100,
5944,公設消火栓,東消防署,福井市南四ツ居２丁目１５番６号,36.059984824999994,136.24474790555556,100,
5945,公設消火栓,東消防署,福井市南四ツ居１丁目２１番１２号,36.06262865,136.24739770833332,100,
5946,公設消火栓,東消防署,福井市南四ツ居１丁目１７番１４号,36.061220794444445,136.24741673055559,100,
5947,公設消火栓,東消防署,福井市和田中２丁目２００９番,36.045516480555555,136.25030911944444,200,
5948,公設消火栓,東消防署,福井市和田３丁目,36.04857203611111,136.24431238333332,150,
5949,公設消火栓,東消防署,福井市和田中２丁目７０４,36.047880155555546,136.24650628055556,150,
5950,公設消火栓,東消防署,福井市和田中２丁目２５１２,36.044577541666676,136.24793933055557,100,
5951,公設消火栓,東消防署,福井市和田１丁目１番１５号,36.05279948611111,136.24121236666667,100,
5952,公設消火栓,社分署,福井市若杉３丁目１０３番２号,36.05295322777778,136.19203781944447,100,
5953,公設消火栓,東消防署,福井市寮町５２番２１号,36.06076407222223,136.2767316305556,150,
5954,公設防火水槽,東消防署,福井市四ツ井１丁目８番,36.06568384166666,136.2355392416667,,
5955,私設防火水槽,東消防署,福井市四ツ井２丁目８番１号,36.06927448055555,136.23670314722222,,
5956,私設防火水槽,東消防署,福井市四ツ井２丁目８－１,36.068402669444446,136.23865105833335,,
5957,私設防火水槽,東消防署,福井市四ツ井２丁目８番１号,36.069366611111114,136.23970299444446,,
5958,私設防火水槽,東消防署,福井市四ツ井２丁目８番１号,36.06814166111111,136.2378531027778,,
5959,私設防火水槽,東消防署,福井市四ツ井２丁目８番１号,36.06955851944445,136.23824206666666,,
5960,公設消火栓,東消防署,福井市米松２丁目１５番５号,36.07127249444445,136.24162788333334,100,
5961,公設消火栓,東消防署,福井市米松２丁目２１番１０号,36.070958555555556,136.24218085833334,100,
5962,公設消火栓,東消防署,福井市四ツ井１丁目１番２０号,36.06421003333333,136.23602823333337,250,
5963,公設消火栓,東消防署,福井市四ツ井１丁目５番１２号,36.06743467222222,136.23627018888888,250,
5964,公設消火栓,東消防署,福井市四ツ井１丁目１番６号　福井シルバーサービスセンター北側,36.064430961111114,136.2349082861111,250,
5965,公設消火栓,東消防署,福井市四ツ井１丁目１番１号,36.06375004166666,136.23492029166664,300,
5966,公設消火栓,東消防署,福井市四ツ井２丁目１番１０号,36.068502486111115,136.2349142444444,300,
5967,公設消火栓,東消防署,福井市四ツ井１丁目４番３１号,36.06732262222222,136.23485325833337,300,
5968,公設消火栓,東消防署,福井市四ツ井１丁目３番３１３号,36.06611176111111,136.2348062722222,300,
5969,公設消火栓,東消防署,福井市四ツ井１丁目１９番１３号,36.0674697,136.23702614999996,100,
5970,公設消火栓,東消防署,福井市和田東１丁目２２１０番,36.05243272222223,136.2486589416667,100,
5971,公設消火栓,社分署,福井市若杉３丁目２０４番２号,36.05244828333333,136.1918098638889,100,
5972,公設消火栓,社分署,福井市若杉４丁目８１３番,36.05651168611111,136.1857967527778,100,
5973,公設消火栓,社分署,福井市若杉４丁目１６０８番,36.05651366111111,136.1843919333333,100,
5974,公設消火栓,社分署,福井市若杉４丁目１４０２番,36.05643666388889,136.18394198611114,250,
5975,公設消火栓,社分署,福井市若杉４丁目１７０１番,36.056619625,136.18273313888892,100,
5976,公設消火栓,社分署,福井市若杉４丁目,36.05653462777778,136.18214121111112,250,
5977,公設消火栓,社分署,福井市若杉２丁目１０９番,36.056413791666664,136.1915050222222,100,
5978,公設消火栓,社分署,福井市若杉２丁目２０１番,36.0571247,136.19120508888892,200,
5979,公設消火栓,社分署,福井市若杉３丁目９０８番,36.05129234444444,136.18791040277776,200,
5980,公設消火栓,社分署,福井市若杉３丁目７０２番,36.0511424,136.18966617777775,200,
5981,公設消火栓,東分署,福井市若栄町９０５番,36.084852194444444,136.26126027499998,100,
5982,公設防火水槽,東分署,福井市若栄町,36.085794199999995,136.2627991111111,,
5983,公設防火水槽,東分署,福井市若栄町,36.08408040833333,136.26332410555554,,
5984,私設防火水槽,東分署,福井市若栄町６０１番,36.08408420000001,136.26013739722225,,
5985,私設防火水槽,東分署,福井市若栄町６０１番,36.08416230277778,136.26180924166667,,
5986,受水槽,東分署,福井市若栄町６０１番,36.08402724444444,136.26071834444443,,
5987,受水槽,東分署,福井市若栄町７０２番,36.08309129444444,136.26002643055554,,
5988,公設消火栓,社分署,福井市若杉１丁目４０８番,36.06111518611111,136.18910449166665,100,
5989,公設消火栓,社分署,福井市加茂緑苑町３０３番,36.05599984166667,136.19148800555558,200,
5990,公設消火栓,社分署,福井市加茂緑苑町９１１番,36.05161742222222,136.19353765833333,100,
5991,公設消火栓,社分署,福井市加茂緑苑町２２２番,36.0550589638889,136.19183492222226,100,
5992,公設消火栓,社分署,福井市加茂緑苑町５０１番,36.053595147222225,136.19208482777776,100,
5993,公設消火栓,西分署,福井市文京７丁目１４００,36.076767225,136.19390292777777,100,
5994,公設消火栓,西分署,福井市文京６丁目２３番２号,36.07652523055556,136.19744160555555,100,
5995,公設消火栓,西分署,福井市文京６丁目１４番４号,36.07509542222222,136.19736850555552,100,
5996,公設消火栓,中消防署,福井市文京４丁目１５番２１号,36.077253383333336,136.20897898055554,100,
5997,公設消火栓,中消防署,福井市文京１丁目４５番１９号,36.08061746666667,136.22319587222222,100,
5998,公設消火栓,西分署,福井市文京７丁目２６番２号,36.078549952777784,136.1965918638889,100,
5999,公設消火栓,西分署,福井市文京７丁目２２番２３号,36.07837498888889,136.1956689138889,100,
6000,公設消火栓,中消防署,福井市文京１丁目３番３１号,36.075321127777784,136.22304903611115,100,
6001,公設消火栓,中消防署,福井市文京４丁目２５番８号,36.07842218333333,136.20683734722223,100,
6002,公設消火栓,西分署,福井市文京５丁目３０番１５号,36.07932003333334,136.20527063333333,150,
6003,公設消火栓,中消防署,福井市文京１丁目４１番１６号,36.07987853055556,136.2226469388889,100,
6004,公設消火栓,中消防署,福井市文京４丁目２３番１号,36.079128133333334,136.20846512777777,100,
6005,公設消火栓,西分署,福井市文京７丁目９番３５号,36.07556136944444,136.1951887388889,100,
6006,公設消火栓,中消防署,福井市文京１丁目１６番１３号,36.077200902777776,136.22332397777774,100,
6007,公設消火栓,西分署,福井市文京５丁目１５番３４号,36.07653637777778,136.20432362222223,150,
6008,公設消火栓,東消防署,福井市和田１丁目２番,36.05207456944444,136.24130639722222,100,
6009,公設消火栓,東消防署,福井市和田２丁目４０１番,36.05111873611111,136.24360630555557,200,
6010,公設消火栓,東消防署,福井市和田２丁目１９０７番,36.05014084444444,136.24357635555555,200,
6011,公設消火栓,足羽分遣所,福井市脇三ヶ町地係,36.01901918055556,136.28673504166667,150,
6012,公設消火栓,足羽分遣所,福井市脇三ヶ町４４番３０号,36.01494190277778,136.2897507138889,100,
6013,公設消火栓,足羽分遣所,福井市脇三ヶ町２８番１０号,36.01637769722223,136.28942372777777,100,
6014,公設消火栓,足羽分遣所,福井市脇三ヶ町２３番１６号,36.01796947222223,136.2890927388889,100,
6015,公設消火栓,足羽分遣所,福井市脇三ヶ町２３番１２号,36.01875740833333,136.28970963888887,100,
6016,公設消火栓,足羽分遣所,福井市脇三ヶ町２５番１７号,36.01853550277778,136.29075049999997,100,
6017,公設消火栓,足羽分遣所,福井市脇三ヶ町２５番２３号,36.01799959166666,136.2910354722222,100,
6018,公設防火水槽,足羽分遣所,福井市脇三ケ町平野の山５０字,36.01181424999999,136.28873491666667,,
6019,私設防火水槽,足羽分遣所,福井市脇三ケ町６６番２号,36.01264734722223,136.2923814111111,,
6020,河川,足羽分遣所,福井市脇三ケ町地係,36.02039433888889,136.29197828333332,,
6021,公設消火栓,西安居分遣所,福井市渡町,36.06577561944445,136.18995963055556,200,
6022,公設消火栓,西安居分遣所,福井市渡町１１０番,36.06540467222223,136.19096650000003,100,
6023,公設消火栓,北分署,福井市八重巻東町４番１号,36.10392593333333,136.22322464444443,150,
6024,公設消火栓,社分署,福井市門前２丁目１１０１番,36.04766292222222,136.19395173611113,100,
6025,公設消火栓,社分署,福井市門前２丁目７０１番１号,36.04768495277778,136.19542955833333,100,
6026,公設消火栓,東消防署,福井市四ツ井１丁目１８番１号,36.06664178888889,136.23686716666666,100,
6027,公設消火栓,東消防署,福井市四ツ井１丁目１６番１号,36.06570590833333,136.2371981611111,150,
6028,公設消火栓,東消防署,福井市四ツ井２丁目９番１８号,36.06749776388889,136.23851007499997,250,
6029,公設消火栓,川西分署,福井市三宅町１８番４号,36.14864978055555,136.16160724999997,100,
6030,公設消火栓,臨海消防署,福井市南菅生町２４番１２号,36.1058277,136.04304654999999,100,
6031,公設消火栓,臨海消防署,福井市南菅生町,36.10466276388889,136.04118473611112,200,
6032,海,臨海消防署,福井市南菅生町　菅生漁港,36.107571558333326,136.044919325,,
6033,公設消火栓,川西分署,福井市南楢原町２５番５０号,36.09806219444444,136.1794680194444,100,
6034,公設消火栓,川西分署,福井市南楢原町２２番８号,36.09685835833333,136.17961199166666,100,
6035,公設消火栓,川西分署,福井市南楢原町２２番１号,36.09757924444445,136.18021597777778,150,
6036,公設消火栓,川西分署,福井市南楢原町１８番２０号,36.099195025,136.1800290111111,150,
6037,公設消火栓,社分署,福井市南江守町５６番１号,36.028758897222225,136.18388339444445,200,
6038,公設消火栓,社分署,福井市南江守町５６番１号,36.02903085833333,136.1835614166667,100,
6039,公設消火栓,社分署,福井市南江守町２番６６号,36.031923125,136.20178477222223,200,
6040,公設消火栓,社分署,福井市南江守町１３番３０号,36.03000605555555,136.19326352222222,200,
6041,公設消火栓,社分署,福井市南江守町３９番２６号,36.02983703055555,136.1919076472222,200,
6042,公設消火栓,社分署,福井市若杉１丁目２５０６番,36.059711372222225,136.19046627777777,100,
6043,公設消火栓,社分署,福井市若杉１丁目１３０１番,36.0597973,136.18587483333334,400,
6044,公設消火栓,社分署,福井市若杉３丁目１７０３番,36.05411201388889,136.18830235555555,400,
6045,私設消火栓,南消防署,福井市桃園２丁目２番１号,36.05928061666667,136.20167008333334,75,
6046,私設消火栓,南消防署,福井市桃園２丁目２番１号,36.05985553055555,136.20099216111115,75,
6047,私設消火栓,南消防署,福井市桃園２丁目２番１号,36.05995856666667,136.20343095555558,75,
6048,私設消火栓,南消防署,福井市桃園２丁目２番１号,36.05907466944444,136.20285097777779,75,
6049,私設防火水槽,南消防署,福井市桃園２丁目２番１号,36.060113519444435,136.20213707222223,,
6050,私設防火水槽,南消防署,福井市桃園２丁目２番１号,36.05942459166666,136.20134011388885,,
6051,私設防火水槽,南消防署,福井市桃園２丁目２番１号,36.05871669444445,136.20180105277777,,
6052,公設消火栓,北分署,福井市東森田１丁目１５０９番,36.116152736111104,136.2523984194445,100,
6053,公設消火栓,北分署,福井市東森田２丁目４０４番,36.118943291666675,136.25061757222227,100,
6054,公設消火栓,北分署,福井市東森田２丁目１３０２番,36.11729946944444,136.25002466944449,100,
6055,私設防火水槽,臨海消防署,福井市免鳥町３６番２９号,36.136120022222215,136.07786644722225,,
6056,河川,臨海消防署,福井市免鳥町１８番４号２,36.134001419444445,136.07523770833336,,
6057,公設消火栓,清水分署,福井市本折町１番２号,36.03103799722222,136.11249038055558,75,
6058,公設消火栓,清水分署,福井市本折町４番１号,36.03036709166667,136.11351129444446,100,
6059,公設消火栓,清水分署,福井市本折町４番１８号,36.03037709722223,136.11430820277775,75,
6060,公設消火栓,清水分署,福井市本折町４番２９号,36.03036310833334,136.11530109444445,75,
6061,公設消火栓,西分署,福井市文京５丁目２８番２１号,36.078700113888885,136.20533758888888,150,
6062,公設消火栓,西分署,福井市文京７丁目１０番１号,36.07607030277777,136.1951307805556,100,
6063,公設消火栓,西分署,福井市文京６丁目２４番１２号,36.076581238888885,136.19814351111114,100,
6064,公設消火栓,西分署,福井市文京６丁目２４番１号,36.07664525555555,136.1993303444444,100,
6065,公設消火栓,西分署,福井市文京６丁目２２番３号,36.07617031666667,136.19922732499998,150,
6066,公設消火栓,東消防署,福井市日之出５丁目４７番,36.06482486944445,136.23374336388886,100,
6067,公設消火栓,東消防署,福井市日之出５丁目１５番２１号,36.067047624999994,136.23419530555555,100,
6068,公設消火栓,東消防署,福井市日之出５丁目９番２号,36.06726351111112,136.23199547777782,100,
6069,公設消火栓,東消防署,福井市日之出５丁目８番２７号,36.06674958888889,136.2323764527778,100,
6070,公設消火栓,東消防署,福井市日之出５丁目９番１６号,36.06763054166667,136.23377633333337,100,
6071,公設消火栓,東消防署,福井市日之出５丁目１５番１号,36.06669164444445,136.2336203555556,100,
6072,公設消火栓,東消防署,福井市日之出５丁目１２番１９号,36.06481390555556,136.23462829444446,100,
6073,公設消火栓,東消防署,福井市日之出４丁目８番６号,36.063342011111104,136.2327844583333,100,
6074,公設消火栓,東消防署,福井市日之出５丁目７番４号,36.066061633333334,136.2313875388889,100,
6075,公設消火栓,東消防署,福井市日之出３丁目５番６号,36.06344186111111,136.22903175833332,100,
6076,公設消火栓,東消防署,福井市日之出３丁目１４番５号,36.063216925,136.23002668055557,100,
6077,公設消火栓,東消防署,福井市日之出５丁目１３番１号,36.065333816666666,136.23387634999997,100,
6078,公設消火栓,東消防署,福井市日之出１丁目９番,36.06512860833334,136.22782083333334,250,
6079,公設消火栓,東消防署,福井市日之出１丁目１１番１２号,36.06542461666667,136.2289877361111,100,
6080,公設消火栓,社分署,福井市門前２丁目３０１番　,36.050862499999994,136.19287976666664,100,
6081,公設消火栓,社分署,福井市門前２丁目２６番,36.050209599999995,136.193756675,100,
6082,公設消火栓,社分署,福井市門前１丁目１４０５番２号,36.04756500277778,136.19689838888885,100,
6083,公設消火栓,社分署,福井市門前１丁目１５０６番,36.04805995833334,136.19767030555553,100,
6084,公設消火栓,社分署,福井市門前１丁目９０１番,36.049506775,136.19761225,100,
6085,公設消火栓,社分署,福井市門前１丁目４０５番,36.049545736111114,136.19621738888887,100,
6086,公設消火栓,社分署,福井市門前１丁目１１０７番７号,36.04872086666667,136.1972763027778,100,
6087,公設消火栓,麻生津分遣所,福井市森行町１４４番１号２,35.995095225,136.1949441611111,100,
6088,公設消火栓,麻生津分遣所,福井市森行町２８番９号,35.992987641666666,136.19905281111113,100,
6089,公設消火栓,麻生津分遣所,福井市森行町１３９番３号,35.997025025000006,136.1990156111111,150,
6090,公設消火栓,麻生津分遣所,福井市森行町地係,35.992901675,136.1997177416667,150,
6091,公設消火栓,麻生津分遣所,福井市森行町２番５号,35.99443868611112,136.2067509027778,100,
6092,公設防火水槽,麻生津分遣所,福井市森行町１６番１４号,35.99556130277777,136.20035354444445,,
6093,公設防火水槽,麻生津分遣所,福井市森行町１３番３６号,35.99182583611111,136.199869775,,
6094,公設防火水槽,麻生津分遣所,福井市森行町,35.99548619722221,136.1968009277778,,
6095,公設消火栓,社分署,福井市門前１丁目１４番１３号,36.04742106666667,136.19871726666668,200,
6096,公設消火栓,社分署,福井市門前２丁目１１０１番,36.048067869444445,136.193917725,100,
6097,公設消火栓,東消防署,福井市御幸４丁目４番１５号,36.053371430555565,136.24158131944444,100,
6098,公設消火栓,南消防署,福井市大島町６２５番,36.03038440555556,136.20395669722225,200,
6099,公設消火栓,南消防署,福井市大島町６１２番,36.030065463888896,136.20432968611112,100,
6100,公設消火栓,社分署,福井市南江守町１３番２２号,36.03069499722223,136.19403242500002,100,
6101,公設消火栓,社分署,福井市南江守町２７番１号,36.02982294444444,136.189307875,200,
6102,公設消火栓,社分署,福井市南江守町２番６２号,36.03192309166667,136.20094883055555,200,
6103,公設消火栓,清水分署,福井市和田町１０番１６号,36.04999483333333,136.14005503611108,75,
6104,公設消火栓,西安居分遣所,福井市渡町２２３番,36.065118697222225,136.1893826583333,100,
6105,公設消火栓,社分署,福井市渡町１４４番,36.06466275555555,136.18971059999998,100,
6106,公設消火栓,社分署,福井市渡町２５５番,36.06429078888888,136.18840272499997,100,
6107,公設消火栓,西安居分遣所,福井市渡町３０５番,36.064998691666666,136.1872278888889,200,
6108,公設消火栓,西安居分遣所,福井市渡町３６３番,36.06358785833334,136.18673087777776,100,
6109,公設消火栓,西安居分遣所,福井市渡町５３３番,36.0626629611111,136.18605791111108,100,
6110,公設消火栓,西安居分遣所,福井市渡町５６４番,36.062174011111104,136.18535796944445,100,
6111,公設消火栓,社分署,福井市若杉浜３丁目８０６番,36.059904277777775,136.1851959166667,200,
6112,公設消火栓,社分署,福井市若杉浜３丁目１０８番,36.06091917222222,136.1863578055556,100,
6113,公設消火栓,社分署,福井市渡町,36.06368385555556,136.187689775,100,
6114,公設消火栓,社分署,福井市若杉浜２丁目地係,36.061461111111115,136.18649980555554,100,
6115,公設防火水槽,社分署,福井市若杉浜２丁目,36.06151610277777,136.18653280555554,,
6116,公設防火水槽,社分署,福井市若杉浜２丁目,36.06185506666666,136.1867887916667,,
6117,公設消火栓,清水分署,福井市本折町６番６号,36.03025912499999,136.11566505555555,75,
6118,公設消火栓,清水分署,福井市本折町４番１９号,36.03002914166667,136.11405424444445,150,
6119,公設消火栓,清水分署,福井市本折町６番１号,36.029904163888894,136.11485815833336,150,
6120,公設消火栓,清水分署,福井市本折町６番２２号,36.02953921666666,136.11561708611111,75,
6121,公設消火栓,東消防署,福井市南四ツ居１丁目２番１５号,36.06322840555555,136.24267292777776,100,
6122,公設消火栓,東消防署,福井市南四ツ居１丁目２０,36.06263462222222,136.24668874444447,150,
6123,公設消火栓,東消防署,福井市南四ツ居１丁目１３街区,36.06224266944445,136.24687274166666,100,
6124,公設消火栓,東消防署,福井市南四ツ居１丁目１６番１０号,36.06148174444445,136.24686675555557,100,
6125,公設消火栓,東消防署,福井市南四ツ居２丁目２０番２号,36.060820799999995,136.24651679166664,150,
6126,公設消火栓,東消防署,福井市南四ツ居２丁目１３番１２号,36.060595802777776,136.24596982499997,100,
6127,公設消火栓,東消防署,福井市南四ツ居２丁目１３番８号,36.06062878055556,136.2453808527778,100,
6128,公設消火栓,東消防署,福井市南四ツ居２丁目１１番４２号,36.06026279722222,136.24476989444443,150,
6129,公設消火栓,東消防署,福井市南四ツ居１丁目９番７号,36.06254255555555,136.24468084166668,100,
6130,公設消火栓,東消防署,福井市南四ツ居２丁目１１番４８号,36.06030976666666,136.244088925,100,
6131,公設消火栓,足羽分遣所,福井市南山町１９番,36.01098096388888,136.28027197499998,75,
6132,公設消火栓,足羽分遣所,福井市南山町１１番４号,36.00886130000001,136.28203580555558,100,
6133,公設消火栓,足羽分遣所,福井市南山町９番３５号,36.009045333333326,136.28356563333332,100,
6134,公設消火栓,足羽分遣所,福井市南山町９番１０号,36.00933929999999,136.28368561666665,100,
6135,公設消火栓,足羽分遣所,福井市南山町８番１６号,36.00968129444444,136.28463550277777,100,
6136,公設消火栓,東消防署,福井市日之出１丁目１２番５号,36.06482165833334,136.2281498111111,100,
6137,公設消火栓,東消防署,福井市日之出３丁目１１番１３号,36.064559800000005,136.2310475833333,100,
6138,公設消火栓,東消防署,福井市日之出２丁目１２番５号,36.06321980277778,136.22669594999996,100,
6139,公設消火栓,東消防署,福井市日之出５丁目３番６号,36.06647153055555,136.2300426416667,100,
6140,公設消火栓,東消防署,福井市日之出５丁目３番３号,36.06697446666666,136.2299906388889,100,
6141,公設消火栓,東消防署,福井市日之出４丁目７番１号,36.062689041666665,136.23152856666667,100,
6142,公設消火栓,麻生津分遣所,福井市鉾ケ崎町地係,36.000509958333325,136.21267415833336,150,
6143,公設消火栓,麻生津分遣所,福井市鉾ヶ崎町６番６３号３,36.000334002777784,136.21322311944445,100,
6144,公設消火栓,麻生津分遣所,福井市鉾ヶ崎町２２番３１号,36.002809505555554,136.20935636388887,150,
6145,公設消火栓,麻生津分遣所,福井市鉾ヶ崎町２７番７号,36.005277250000006,136.21287402499996,100,
6146,公設防火水槽,麻生津分遣所,福井市鉾ケ崎町２６番４３号２,36.00506223888888,136.21150813055556,,
6147,公設防火水槽,麻生津分遣所,福井市鉾ヶ崎町１９番１号,36.001110844444455,136.21193820555558,,
6148,公設防火水槽,麻生津分遣所,福井市鉾ヶ崎町２３番２８号,36.004170322222215,136.209912275,,
6149,河川,麻生津分遣所,福井市鉾ケ崎町地係　高橋川,36.00282448055556,136.2087384222222,,
6150,公設消火栓,西安居分遣所,福井市細坂町３５番２号,36.058045927777776,136.14599557777777,150,
6151,公設消火栓,西安居分遣所,福井市細坂町４番６９号,36.05820492777778,136.14739843333334,100,
6152,公設消火栓,西安居分遣所,福井市細坂町２５番４０号１,36.05682408611111,136.14694344999998,150,
6153,公設消火栓,西安居分遣所,福井市細坂町２７番３号,36.05613417777778,136.14767934999998,100,
6154,公設消火栓,東消防署,福井市御幸１丁目１３番１２号,36.057553577777774,136.2289679444444,250,
6155,公設消火栓,東消防署,福井市御幸１丁目１９番５号,36.05742855277777,136.22768804444448,250,
6156,公設消火栓,東消防署,福井市御幸１丁目１１番１８号,36.057423525,136.22672711666667,250,
6157,公設消火栓,東消防署,福井市御幸１丁目１０番１５号,36.057878486111115,136.22729305833332,100,
6158,公設消火栓,東消防署,福井市御幸１丁目１２番８号,36.05782551944445,136.22818999166665,100,
6159,公設消火栓,東消防署,福井市御幸２丁目５番１８号,36.05764862222222,136.23073780555555,100,
6160,公設消火栓,東消防署,福井市御幸２丁目１３番１号,36.05767566666667,136.23226468888888,100,
6161,公設消火栓,東消防署,福井市御幸２丁目２３番９号,36.057584719444435,136.23356259722223,100,
6162,公設消火栓,東消防署,福井市御幸２丁目１２番２０号,36.05771263055555,136.23127876111113,100,
6163,公設防火水槽,南消防署,福井市みのり２丁目１１番９号,36.04943518333333,136.21323928611113,,
6164,公設防火水槽,南消防署,福井市みのり１丁目４番１２号,36.05040415277777,136.21699402222222,,
6165,公設防火水槽,南消防署,福井市みのり３丁目２４番,36.04921511944445,136.20970850833336,,
6166,公設防火水槽,南消防署,福井市みのり３丁目６００番５４号,36.05102590277778,136.21043041388884,,
6167,公設防火水槽,南消防署,福井市みのり３丁目４１番,36.05106292777777,136.21159733888888,,
6168,公設防火水槽,南消防署,福井市みのり１丁目１４番,36.04868234444445,136.2157001611111,,
6169,公設消火栓,川西分署,福井市三宅町１７番１２号,36.14892668333333,136.15972938333334,100,
6170,公設消火栓,川西分署,福井市三宅町２４番３号,36.14813589444444,136.16307617222225,100,
6171,公設消火栓,川西分署,福井市三宅町２４番１号,36.149112747222226,136.16233214444443,100,
6172,公設消火栓,川西分署,福井市三宅町２４番１号,36.14990163888889,136.1620320972222,100,
6173,公設消火栓,足羽分遣所,福井市脇三ヶ町４５番６号,36.01272019722222,136.2898987416667,100,
6174,公設消火栓,足羽分遣所,福井市脇三ヶ町４４番３０号,36.013781111111115,136.29076160277776,100,
6175,公設消火栓,足羽分遣所,福井市脇三ヶ町２４番４号,36.01759660833334,136.29052355277778,100,
6176,公設消火栓,足羽分遣所,福井市脇三ヶ町２４番１号,36.01821950555556,136.29016158888885,100,
6177,公設消火栓,足羽分遣所,福井市脇三ヶ町６番３４号,36.019866199999996,136.2887437472222,150,
6178,公設消火栓,東消防署,福井市寮町５２番２１号,36.06070516111111,136.27872544444443,150,
6179,公設消火栓,東消防署,福井市寮町４４番７２号,36.06275455833333,136.2683262777778,100,
6180,公設消火栓,東消防署,福井市寮町４３番１３号,36.0630246,136.26964316944444,100,
6181,公設消火栓,東消防署,福井市寮町３６番１号,36.063124672222216,136.27129003888888,100,
6182,公設消火栓,東消防署,福井市寮町３５番,36.06471071388889,136.27453668055557,150,
6183,公設消火栓,東消防署,福井市寮町４０番１５号,36.06200169444445,136.27006517222222,150,
6184,公設消火栓,東消防署,福井市寮町４５番２号,36.061765602777776,136.26766536111109,100,
6185,公設消火栓,東消防署,福井市寮町４４番１５号,36.06252150833333,136.26687139722222,100,
6186,公設消火栓,東消防署,福井市寮町８番９－１,36.065071583333335,136.2723028833333,150,
6187,公設消火栓,東消防署,福井市米松１丁目１番１０１号,36.064370091666675,136.23793714166663,100,
6188,公設消火栓,東消防署,福井市米松１丁目３番１９号,36.06493306944444,136.2389240861111,100,
6189,公設消火栓,東消防署,福井市米松２丁目１３番２３号,36.07056955833334,136.2413639,100,
6190,公設防火水槽,足羽分遣所,福井市南山町１１番１５号,36.01009318888889,136.28324965,,
6191,私設防火水槽,足羽分遣所,福井市南山町２０番１号,36.01099193055556,136.27949406388888,,
6192,公設消火栓,東消防署,福井市南四ツ居１丁目６番４３号,36.06137064999999,136.24395889444446,150,
6193,公設消火栓,東消防署,福井市南四ツ居２丁目１３番８号,36.06099275555555,136.24575882222226,150,
6194,公設消火栓,東消防署,福井市南四ツ居２丁目１番４号,36.060987638888896,136.24250597777777,100,
6195,公設消火栓,足羽分遣所,福井市脇三ヶ町６番５３号１,36.02026321666666,136.2898505833333,150,
6196,公設消火栓,社分署,福井市若杉３丁目３０１番,36.05224029722223,136.19112196111115,100,
6197,公設消火栓,社分署,福井市若杉２丁目１５１２番,36.05526387222223,136.18808542222223,400,
6198,公設消火栓,社分署,福井市若杉１丁目２９２５番,36.05775256666667,136.18755556666667,400,
6199,公設消火栓,社分署,福井市若杉１丁目１４１５番,36.05876343611111,136.18692467500003,400,
6200,公設消火栓,社分署,福井市若杉２丁目,36.054916947222225,136.18991316944445,100,
6201,公設消火栓,社分署,福井市若杉２丁目１２１０番,36.055044925,136.189521225,100,
6202,公設消火栓,社分署,福井市若杉２丁目１５１６番,36.05473095000001,136.1887913111111,200,
6203,公設消火栓,社分署,福井市若杉４丁目２５０５番,36.05748652777778,136.18282514722222,150,
6204,公設消火栓,社分署,福井市若杉４丁目２５０９番,36.05711156111111,136.18225621111108,100,
6205,公設消火栓,社分署,福井市若杉４丁目９０２番,36.056144749999994,136.18700758888892,100,
6206,公設消火栓,社分署,福井市若杉４丁目１０２０番,36.05553679444444,136.18549176666664,150,
6207,公設消火栓,社分署,福井市若杉４丁目１１０１番,36.05522485,136.1865496222222,100,
6208,公設消火栓,社分署,福井市若杉４丁目１３１５番,36.05470290000001,136.1858746944444,150,
6209,公設消火栓,西安居分遣所,福井市細坂町２５番３８号１,36.056383124999996,136.14601253333333,100,
6210,公設消火栓,中消防署,福井市宝永１丁目３８番１号,36.07053312222223,136.23199543888887,100,
6211,公設消火栓,中消防署,福井市宝永１丁目２４番９号,36.069655230555554,136.23209244166668,100,
6212,公設消火栓,中消防署,福井市宝永４丁目７番２７号,36.06844091666667,136.22067139444445,250,
6213,公設消火栓,中消防署,福井市宝永４丁目２１番２２号,36.070215686111105,136.22059638055552,250,
6214,公設消火栓,中消防署,福井市宝永１丁目６番３号,36.06747439722222,136.22979264722224,100,
6215,公設消火栓,中消防署,福井市宝永３丁目７番１号,36.06758013888889,136.22369312499998,100,
6216,公設消火栓,中消防署,福井市宝永１丁目３５番１４号,36.07091893888889,136.22884867500002,200,
6217,公設消火栓,中消防署,福井市舟橋新１丁目１２０２番,36.09867021388889,136.21268703333334,100,
6218,公設消火栓,中消防署,福井市灯明寺３丁目３８０１番,36.098709250000006,136.21428678055554,100,
6219,公設消火栓,中消防署,福井市舟橋新１丁目地係,36.10027605277777,136.21206517777782,100,
6220,公設消火栓,中消防署,福井市舟橋町７番３０号,36.09894065,136.22764899722222,100,
6221,公設消火栓,中消防署,福井市舟橋新１丁目７０７番,36.09926408888889,136.2096725222222,100,
6222,公設消火栓,中消防署,福井市舟橋新１丁目５０５番,36.098637116666666,136.2085456472222,100,
6223,公設消火栓,中消防署,福井市舟橋新１丁目３１８番,36.09865915555555,136.21024541666665,100,
6224,公設消火栓,中消防署,福井市舟橋新１丁目１３０１番,36.09914514444445,136.2116092166667,100,
6225,公設消火栓,中消防署,福井市舟橋新１丁目１６０３番,36.09962305,136.20939256666668,100,
6226,公設消火栓,中消防署,福井市舟橋新１丁目１４１６番,36.10070698888888,136.21090236944443,100,
6227,公設消火栓,中消防署,福井市舟橋新１丁目２０１３番,36.100847986111106,136.2112953111111,100,
6228,公設消火栓,東消防署,福井市和田東２丁目１９０９番,36.04805022777778,136.25064199166664,100,
6229,公設消火栓,東消防署,福井市和田中２丁目９２７番,36.04674134722222,136.24991709444444,150,
6230,公設消火栓,東消防署,福井市和田中２丁目８０６番,36.04734425000001,136.24820118888888,150,
6231,公設消火栓,東消防署,福井市和田中１丁目３３５番,36.04746617777778,136.24535336944442,200,
6232,公設消火栓,東消防署,福井市和田中３丁目２１０番,36.04555549444445,136.2512760472222,150,
6233,公設消火栓,東消防署,福井市和田中１丁目７０５番,36.04685824444445,136.24534839722224,100,
6234,公設消火栓,東消防署,福井市和田中２丁目９０２番,36.04824416111112,136.2485201305556,150,
6235,公設消火栓,東消防署,福井市和田中１丁目１３１５番,36.04573933611111,136.24363455555556,100,
6236,公設消火栓,東消防署,福井市和田１丁目１番２２号,36.052046580555555,136.2416093805556,100,
6237,公設消火栓,東消防署,福井市和田中１丁目８０８番,36.04676623888889,136.24451245277777,100,
6238,公設消火栓,東消防署,福井市和田２丁目１９１０番,36.05037983333333,136.24421430555554,200,
6239,公設消火栓,東消防署,福井市和田３丁目３０４番,36.05012989722223,136.24582621944447,200,
6240,公設消火栓,東消防署,福井市和田３丁目６０７番,36.049971899999996,136.2451702666667,100,
6241,公設消火栓,東消防署,福井市和田３丁目７１２番,36.04939695555555,136.24490930833338,100,
6242,公設消火栓,東消防署,福井市和田３丁目５０６番,36.04969095555556,136.2462982111111,100,
6243,公設消火栓,東消防署,福井市和田２丁目２１０１番,36.051143769444444,136.2451062166667,100,
6244,公設消火栓,東消防署,福井市和田３丁目１０４番,36.05077980555555,136.2449922388889,100,
6245,公設消火栓,東消防署,福井市和田３丁目９１８番,36.04888001944445,136.24518131666667,100,
6246,公設防火水槽,東消防署,福井市和田２丁目地係,36.05081876111112,136.24324234166667,,
6247,公設消火栓,東消防署,福井市米松２丁目１０番２５号,36.070211566666664,136.24075593333336,100,
6248,公設消火栓,東消防署,福井市米松２丁目７番１５号,36.06966664444445,136.24111391944442,100,
6249,公設消火栓,東消防署,福井市米松１丁目３番１２号,36.065212019444445,136.23847810555554,100,
6250,公設消火栓,東消防署,福井市米松２丁目８番１７号,36.06989966388889,136.2420708694444,100,
6251,公設消火栓,東消防署,福井市米松２丁目１番１５号,36.06788083055556,136.24095295,100,
6252,公設消火栓,東消防署,福井市米松１丁目１４番３２号,36.0669169111111,136.24041398888886,100,
6253,公設消火栓,東消防署,福井市米松１丁目１２番８号,36.06612300833333,136.24060598888886,100,
6254,公設消火栓,東消防署,福井市米松１丁目１０番,36.06441418888888,136.2404890166667,100,
6255,公設消火栓,東消防署,福井市御幸２丁目９番１４号,36.05592883611111,136.23096486111115,100,
6256,公設消火栓,川西分署,福井市三宅町１８番１号,36.14893272222222,136.16092928055556,100,
6257,公設消火栓,川西分署,福井市三宅町２０番１０３号,36.14737984166666,136.15840765277778,100,
6258,公設防火水槽,川西分署,福井市三宅町１７番１４号,36.14883170555556,136.16010036111112,,
6259,河川,臨海消防署,福井市宮郷町,36.116230675000004,136.08571007777775,,
6260,公設消火栓,東消防署,福井市宮地町４６番１６号,36.04355673888889,136.28324283611113,100,
6261,公設消火栓,東消防署,福井市宮地町５３番１２号,36.04218184722222,136.28264598333334,100,
6262,公設消火栓,東消防署,福井市宮地町地係,36.04686408333333,136.27497839166665,100,
6263,公設防火水槽,東消防署,福井市宮地町５３番１２号,36.042209827777775,136.2822760111111,,
6264,公設防火水槽,東消防署,福井市宮地町５４番５号,36.043770625,136.28095701666666,,
6265,公設消火栓,南消防署,福井市みのり３丁目１７番１０号,36.04893521666668,136.21199737777778,150,
6266,公設消火栓,社分署,福井市若杉４丁目１２２３番,36.0549499,136.18745549444446,100,
6267,公設消火栓,社分署,福井市若杉３丁目８０７番,36.051598327777775,136.18889126944447,100,
6268,公設消火栓,社分署,福井市若杉３丁目１００４番,36.05197330277779,136.18980714166668,100,
6269,公設消火栓,社分署,福井市若杉２丁目１２０１番,36.05401708333333,136.19144593333334,100,
6270,公設消火栓,社分署,福井市若杉２丁目６０１番,36.055305922222225,136.1911550222222,100,
6271,公設消火栓,社分署,福井市若杉２丁目２０８番,36.05640878611111,136.1910990722222,100,
6272,公設消火栓,東消防署,福井市米松２丁目１９番６号,36.07181341944445,136.24131989722224,100,
6273,公設消火栓,社分署,福井市渕３丁目４００番,36.042057397222216,136.18604178055557,100,
6274,公設消火栓,社分署,福井市渕３丁目４１２番,36.04219041111111,136.18721865277777,100,
6275,公設消火栓,社分署,福井市渕３丁目９０６番,36.041726455555555,136.1867887111111,100,
6276,公設消火栓,社分署,福井市渕３丁目,36.041290475000004,136.18566883888892,150,
6277,公設消火栓,社分署,福井市渕３丁目８０６番,36.04100752777777,136.18639377222223,100,
6278,公設消火栓,社分署,福井市渕３丁目５１２番,36.04114054722221,136.1875806444444,100,
6279,公設消火栓,社分署,福井市渕３丁目１１０６番,36.04071356944444,136.18663575555553,100,
6280,公設消火栓,社分署,福井市渕３丁目１６０６番,36.04037459166667,136.1860138277778,150,
6281,公設消火栓,社分署,福井市渕３丁目１４０６番,36.03979366944445,136.1863138138889,100,
6282,公設消火栓,社分署,福井市渕３丁目１２０８番,36.040071669444444,136.18747168888888,100,
6283,公設消火栓,社分署,福井市渕３丁目１２０８番,36.0394577361111,136.18731672222222,200,
6284,公設消火栓,社分署,福井市渕３丁目２４０５番１号,36.04180440833333,136.18537485555558,100,
6285,公設防火水槽,中消防署,福井市舟橋町,36.099790575,136.2280399861111,,
6286,公設消火栓,中消防署,福井市舟橋３丁目６０８番２号,36.10206852222222,136.2330525222222,100,
6287,公設消火栓,中消防署,福井市舟橋新１丁目１１０２番,36.09877318055555,136.2116402,400,
6288,公設消火栓,中消防署,福井市舟橋黒竜１丁目地係,36.10000114166666,136.21482574166666,100,
6289,公設消火栓,中消防署,福井市舟橋黒竜２丁目３０１番,36.09933415555555,136.2127170472222,100,
6290,公設消火栓,中消防署,福井市舟橋新１丁目４１４番,36.09821620555556,136.2106983333333,100,
6291,公設消火栓,中消防署,福井市舟橋新１丁目５０５番,36.098214158333334,136.2087626111111,100,
6292,公設消火栓,社分署,福井市渕３丁目２９０２番,36.04374013333334,136.18325004999997,100,
6293,公設消火栓,社分署,福井市渕２丁目１４０９番,36.04341530833334,136.18868245833335,100,
6294,公設消火栓,社分署,福井市渕１丁目２２１番,36.04119363333333,136.19096829166668,150,
6295,公設消火栓,社分署,福井市渕１丁目３６０８番,36.03864991944445,136.19029944999997,100,
6296,公設消火栓,社分署,福井市渕１丁目３６０５番,36.03894689444444,136.19064940555558,100,
6297,公設消火栓,社分署,福井市渕１丁目４２０６番,36.0390938111111,136.18836063055554,150,
6298,公設消火栓,社分署,福井市渕４丁目８０４番,36.04420111666666,136.18493084166664,100,
6299,公設消火栓,社分署,福井市渕１丁目３２０２番２号,36.03756910833333,136.19229929444444,100,
6300,公設消火栓,社分署,福井市渕１丁目２６０８番,36.03845200833332,136.19249124166666,100,
6301,公設消火栓,社分署,福井市渕４丁目６０６番,36.04533801111111,136.1860077027778,100,
6302,プール,東消防署,福井市和田１丁目２番１号,36.05123263888889,136.24013150833335,,
6303,公設消火栓,清水分署,福井市和田町１０番１５号,36.05036678888889,136.14011903333335,75,
6304,公設消火栓,西分署,福井市八つ島町３１番４０２号,36.082330580555556,136.2030431888889,100,
6305,公設消火栓,北分署,福井市八重巻東町７番１号,36.10536976388889,136.22308568055553,150,
6306,公設消火栓,北分署,福井市八重巻東町１５番６号８,36.10526182500001,136.22441553333334,100,
6307,公設消火栓,北分署,福井市八重巻東町９番６号,36.10648967777778,136.22422156944444,100,
6308,公設消火栓,北分署,福井市八重巻東町１２番２号,36.10651968055555,136.2243745527778,100,
6309,公設消火栓,北分署,福井市八重巻東町１０番９号３,36.10736958055555,136.22432457222223,150,
6310,公設消火栓,北分署,福井市八重巻東町１７番３号,36.10315407499999,136.2246024833333,100,
6311,公設消火栓,北分署,福井市八重巻東町６番５号,36.104681888888884,136.2242825388889,100,
6312,公設消火栓,北分署,福井市八重巻東町８番１７号,36.10625666111111,136.22302470000002,150,
6313,公設消火栓,北分署,福井市八重巻東町１１番９号,36.107374583333325,136.22446755555555,100,
6314,公設消火栓,北分署,福井市八重巻東町８番１５号,36.105961713888895,136.2235576361111,200,
6315,公設消火栓,北分署,福井市八重巻町１０８番,36.115130652777786,136.223963625,100,
6316,公設消火栓,北分署,福井市八重巻町１７番４７号,36.10470476944444,136.220407025,200,
6317,公設消火栓,北分署,福井市八重巻町１６番３９号１,36.10630359166667,136.22061100833332,100,
6318,公設消火栓,北分署,福井市八重巻町２５番４２号１,36.10234502777777,136.2202829972222,100,
6319,公設消火栓,北分署,福井市八重巻町１３番３号１,36.110531127777776,136.2215529277778,100,
6320,公設消火栓,北分署,福井市八重巻町１４番２３号１,36.109353255555554,136.22122995555557,100,
6321,公設消火栓,南消防署,福井市みのり３丁目１４番１０号,36.04862125833333,136.2120083861111,100,
6322,公設消火栓,南消防署,福井市みのり３丁目１番,36.04895425555555,136.21360828055555,100,
6323,公設消火栓,南消防署,福井市みのり３丁目１６番,36.049461177777786,136.21312829166664,100,
6324,公設消火栓,南消防署,福井市みのり３丁目３４番１８号,36.050307024999995,136.21157536111113,200,
6325,公設消火栓,南消防署,福井市みのり３丁目３８番,36.05079294444445,136.21090838888887,200,
6326,公設消火栓,南消防署,福井市みのり３丁目４２番,36.05118193055555,136.21228329166667,150,
6327,公設消火栓,南消防署,福井市みのり３丁目３５番１２号,36.050314980555555,136.20988346666667,200,
6328,公設消火栓,南消防署,福井市みのり３丁目４５番３号,36.05188479444444,136.21056138055553,100,
6329,公設消火栓,南消防署,福井市みのり１丁目１４番１９号,36.04819043611111,136.21675311666667,150,
6330,公設消火栓,東消防署,福井市和田東２丁目７１２番,36.050624875000004,136.24719811388886,100,
6331,公設消火栓,清水分署,福井市和田町１０番１号,36.048048055555554,136.1384081888889,75,
6332,公設消火栓,清水分署,福井市和田町７番１１号,36.047895077777774,136.139024125,75,
6333,公設消火栓,清水分署,福井市和田町７番２５号,36.04806006388889,136.1396350611111,150,
6334,公設消火栓,清水分署,福井市和田町７番３３号,36.04842902222223,136.14001302777777,150,
6335,公設消火栓,清水分署,福井市和田町５番１３号,36.04873899444445,136.14091093611108,150,
6336,公設消火栓,清水分署,福井市和田町１１番１号,36.04946990277778,136.14070496388885,100,
6337,公設消火栓,清水分署,福井市和田町１１番１０号,36.04994784722223,136.14084895555558,100,
6338,公設消火栓,東消防署,福井市和田１丁目２番３９号,36.05075170277778,136.24052350833333,100,
6339,公設消火栓,東消防署,福井市和田１丁目４番１０号,36.04982481666666,136.2407625388889,100,
6340,公設消火栓,社分署,福井市渕３丁目１７０２番,36.03957168055556,136.18578587499997,100,
6341,公設消火栓,社分署,福井市渕１丁目１００２番,36.04027483888889,136.19429598333335,100,
6342,公設消火栓,社分署,福井市渕２丁目８０７番,36.03959375555556,136.18857759166664,200,
6343,公設消火栓,社分署,福井市渕２丁目,36.03973578055556,136.1899464472222,200,
6344,公設消火栓,社分署,福井市渕４丁目２００５番,36.047173683333334,136.1806423333333,100,
6345,公設消火栓,社分署,福井市渕４丁目２１１６番,36.04655676111112,136.18099429166668,150,
6346,公設消火栓,社分署,福井市渕４丁目２０２０番,36.04617480555556,136.1810762833333,100,
6347,公設消火栓,社分署,福井市渕４丁目２１１３番,36.0454649,136.18163321666665,150,
6348,公設消火栓,東消防署,福井市日之出３丁目１５番６号,36.062688977777775,136.22971271388886,100,
6349,公設消火栓,東消防署,福井市日之出５丁目６番１９号,36.06527273333334,136.2315265361111,100,
6350,公設消火栓,東消防署,福井市日之出１丁目４番１号,36.06319177777778,136.22589001666665,100,
6351,公設消火栓,東消防署,福井市日之出２丁目１１番１８号,36.06244795833333,136.228378825,100,
6352,公設消火栓,東消防署,福井市日之出２丁目１５番２３号,36.06320607777777,136.2341733472222,100,
6353,公設消火栓,東消防署,福井市日之出２丁目５番１号,36.06149203055556,136.22705394444444,100,
6354,公設消火栓,東消防署,福井市日之出３丁目９番３号,36.06502467777777,136.22930171666667,100,
6355,公設消火栓,東消防署,福井市日之出３丁目２番１４号,36.06080019444444,136.22932378611114,100,
6356,公設消火栓,東消防署,福井市日之出１丁目,36.06461562500001,136.2266029388889,300,
6357,公設消火栓,東消防署,福井市日之出２丁目１４番１８号,36.0630978888889,136.22861479722224,250,
6358,公設消火栓,東消防署,福井市日之出３丁目１４番１５号,36.062598019444444,136.23059564166664,100,
6359,公設消火栓,社分署,福井市渕３丁目２９０７番,36.04381910833333,136.18256213055554,150,
6360,公設防火水槽,社分署,福井市渕１丁目３５０３番,36.03953884166667,136.19133031666667,,
6361,公設防火水槽,社分署,福井市渕２丁目３０２番,36.041388588888886,136.19019136388889,,
6362,公設防火水槽,社分署,福井市渕１丁目２３１１番,36.03963586388888,136.19251019166666,,
6363,公設消火栓,社分署,福井市渕２丁目８０３番,36.04062663888889,136.18873254166664,100,
6364,公設消火栓,社分署,福井市渕１丁目３７０２番,36.03855091666667,136.1898315,100,
6365,公設消火栓,社分署,福井市渕１丁目６０５番,36.039713827777774,136.19159328333336,200,
6366,公設消火栓,社分署,福井市渕１丁目２３１３番,36.039607866666664,136.19242120277778,100,
6367,公設消火栓,社分署,福井市渕１丁目７０５番,36.03974086944444,136.19311012777777,200,
6368,公設消火栓,社分署,福井市渕４丁目１７０７番,36.04402907777778,136.18224216388887,250,
6369,公設消火栓,西安居分遣所,福井市本堂町６８番２１号,36.058650641666674,136.131898025,200,
6370,公設消火栓,西安居分遣所,福井市本堂町６７番３６号,36.058230666666674,136.13035717222226,200,
6371,公設消火栓,西安居分遣所,福井市本堂町６１番３号,36.057833699999996,136.12946025833332,200,
6372,公設消火栓,西安居分遣所,福井市本堂町６４番３号２,36.05744673333333,136.12851334722222,200,
6373,公設消火栓,西安居分遣所,福井市本堂町５１番３８号１,36.05692677777778,136.12717447777777,250,
6374,公設消火栓,西安居分遣所,福井市本堂町８４番５号,36.061007383333326,136.13416684166666,100,
6375,公設消火栓,西安居分遣所,福井市本堂町７１番７２号,36.060168491666666,136.13422281666666,100,
6376,公設消火栓,西安居分遣所,福井市本堂町７０番１号,36.06005746944444,136.13231200833332,100,
6377,公設消火栓,西安居分遣所,福井市本堂町７７番９号,36.06079635555555,136.13140611666668,100,
6378,公設消火栓,北分署,福井市八重巻町１５番２７号,36.10793940833333,136.22085498888887,100,
6379,公設消火栓,北分署,福井市八重巻町３１番２５号７,36.10164511944444,136.2213028111111,100,
6380,公設消火栓,北分署,福井市八重巻町１７番３３号,36.10547868333333,136.22052201388888,200,
6381,公設消火栓,臨海消防署,福井市免鳥町２２番７０号,36.13187072777778,136.07525979444443,250,
6382,公設消火栓,東消防署,福井市御幸４丁目２２番１６号,36.05451530555556,136.2415422777778,100,
6383,公設消火栓,東消防署,福井市御幸１丁目１５番１０号,36.05715965555556,136.22991788888888,100,
6384,公設消火栓,東消防署,福井市御幸１丁目１９番２８号,36.057067599999996,136.2277600527778,100,
6385,公設消火栓,東消防署,福井市御幸２丁目１番５号,36.060003341666665,136.2308346972222,250,
6386,公設消火栓,東消防署,福井市御幸２丁目７番２９号,36.05707867500001,136.23017887222224,100,
6387,公設消火栓,東消防署,福井市御幸２丁目１８番１３号,36.05528100833334,136.23421565833334,250,
6388,公設消火栓,東消防署,福井市御幸１丁目４番１１号,36.058700469444446,136.2299628222222,100,
6389,公設消火栓,東消防署,福井市御幸３丁目３番３８号,36.05466511388888,136.23537361666664,100,
6390,公設消火栓,東消防署,福井市御幸３丁目１２番１１号,36.05632398055556,136.23725143611114,100,
6391,公設消火栓,東消防署,福井市御幸３丁目２番２１号,36.055723975,136.23480959722224,100,
6392,公設消火栓,東消防署,福井市御幸３丁目１番２６号,36.05691783611111,136.2348395388889,100,
6393,公設消火栓,東消防署,福井市御幸３丁目５番１７号,36.05516005833334,136.23543158888887,250,
6394,公設消火栓,東消防署,福井市御幸３丁目８番３０号,36.05630393055556,136.23561252500002,100,
6395,公設消火栓,東消防署,福井市御幸３丁目４番１号,36.05558804444445,136.23659250555554,150,
6396,公設消火栓,東消防署,福井市御幸３丁目９番,36.056998883333335,136.23666443611114,150,
6397,公設消火栓,東消防署,福井市和田１丁目５番２３号,36.04870193055556,136.24010363333335,100,
6398,公設消火栓,東消防署,福井市和田２丁目１２０１番,36.047791047222226,136.24067864444444,100,
6399,公設消火栓,東消防署,福井市和田２丁目１１０７番,36.04718613333334,136.24157661666666,100,
6400,公設消火栓,東消防署,福井市和田２丁目９１５番,36.047741094444454,136.2427625166667,100,
6401,公設消火栓,東消防署,福井市和田２丁目１６１５番,36.04879997222222,136.242620475,100,
6402,公設消火栓,東消防署,福井市和田２丁目９２１番,36.04847699444445,136.24193153333331,100,
6403,公設消火栓,東消防署,福井市和田２丁目１０１６番,36.04787505555555,136.2415375861111,100,
6404,公設消火栓,東消防署,福井市和田２丁目３３１番,36.05166865,136.2426013388889,100,
6405,公設消火栓,東消防署,福井市和田２丁目５１２番,36.050743755555565,136.24263938333334,100,
6406,公設消火栓,東消防署,福井市和田２丁目８０２番,36.050157813888895,136.2423094305556,100,
6407,公設消火栓,東消防署,福井市和田２丁目１１１番,36.05217160277778,136.24299229444443,100,
6408,公設消火栓,足羽分遣所,福井市安原町８番１０号,36.01642414722223,136.27869404999998,100,
6409,公設消火栓,北分署,福井市八重巻中町５番３号,36.10316199166666,136.22242472222223,100,
6410,公設消火栓,北分署,福井市八重巻中町８番５号,36.10185212777777,136.2223996666667,100,
6411,公設消火栓,北分署,福井市八重巻中町１５番１３号,36.10440083611111,136.22196379444446,100,
6412,公設消火栓,北分署,福井市八重巻中町２９番３号,36.105606697222214,136.22198380833336,100,
6413,公設消火栓,北分署,福井市八重巻中町２３番３号,36.10665359166668,136.22242177222222,150,
6414,公設消火栓,北分署,福井市八重巻中町２番１０号,36.10369491666667,136.22199678055554,150,
6415,公設消火栓,北分署,福井市八重巻中町７番２号,36.10247905833333,136.22228570833337,100,
6416,公設消火栓,東消防署,福井市日之出４丁目１５番１０号,36.06272008055556,136.23266447500004,100,
6417,公設消火栓,東消防署,福井市日之出３丁目１番２３号,36.06061219444445,136.22870384444442,150,
6418,公設消火栓,東消防署,福井市日之出２丁目３番１８号,36.06107006944444,136.22667898888886,100,
6419,公設消火栓,東消防署,福井市日之出２丁目４番１５号,36.06113910277778,136.2278878888889,250,
6420,公設消火栓,東消防署,福井市日之出２丁目３番４号,36.061599986111105,136.22617901388892,150,
6421,公設消火栓,東消防署,福井市日之出２丁目７番５号,36.06233691111112,136.22662396944446,150,
6422,公設消火栓,東消防署,福井市日之出２丁目１０番１号,36.06200898055556,136.22743990555554,150,
6423,公設消火栓,東消防署,福井市日之出２丁目５番,36.061709038888885,136.22807385833332,250,
6424,公設消火栓,中消防署,福井市宝永２丁目４番５号,36.067777211111114,136.22609293611112,100,
6425,公設消火栓,中消防署,福井市宝永１丁目１１番１４号,36.06780228333333,136.2279627888889,250,
6426,公設消火栓,中消防署,福井市宝永１丁目９番１４号,36.067477350000004,136.22864573888887,150,
6427,公設消火栓,中消防署,福井市宝永１丁目４番８号,36.06797233888889,136.22982863888888,150,
6428,公設消火栓,中消防署,福井市宝永１丁目１７番１３号,36.06881123611112,136.22981763055554,100,
6429,公設消火栓,中消防署,福井市宝永１丁目１３番１号,36.06883320277778,136.2290766861111,150,
6430,公設消火栓,中消防署,福井市宝永２丁目２番２６号,36.06852719444445,136.22793978055557,250,
6431,公設消火栓,中消防署,福井市宝永２丁目２番１８号,36.06863314444445,136.22709284444443,100,
6432,公設消火栓,中消防署,福井市宝永２丁目５番１４号,36.06858811111112,136.22612392222223,100,
6433,公設消火栓,中消防署,福井市宝永２丁目２番７号,36.067824238888896,136.2269538666667,100,
6434,公設消火栓,西安居分遣所,福井市本堂町７７番３８号,36.06013242222222,136.13052319166664,100,
6435,公設消火栓,西安居分遣所,福井市本堂町６８番１１号,36.05946751388889,136.13075815555555,100,
6436,公設消火栓,西安居分遣所,福井市本堂町７７番９号,36.06098235833334,136.1327089861111,100,
6437,公設消火栓,西安居分遣所,福井市本堂町４３番２号,36.056585841666674,136.12826435833335,100,
6438,公設消火栓,西安居分遣所,福井市本堂町４３番２号,36.05554597777778,136.1282753388889,150,
6439,公設消火栓,麻生津分遣所,福井市帆谷町１６番１５号２,36.003535002777774,136.2326408027778,150,
6440,公設消火栓,麻生津分遣所,福井市帆谷町２１番１２号,36.00049943055555,136.23289878055556,75,
6441,公設消火栓,麻生津分遣所,福井市帆谷町１番３３号,36.00785044722222,136.2361816277778,100,
6442,公設防火水槽,麻生津分遣所,福井市帆谷町２１番４１号,36.001419308333325,136.23323276388885,,
6443,公設防火水槽,麻生津分遣所,福井市帆谷町２８番２号７７,36.00534475833333,136.23354275277777,,
6444,公設防火水槽,麻生津分遣所,福井市帆谷町２８番２号１２８,36.006889516666675,136.23256880277782,,
6445,公設消火栓,北分署,福井市古市３丁目２０８番,36.106344783333334,136.2266732972222,100,
6446,公設消火栓,北分署,福井市古市１丁目５番１号,36.10478992222223,136.2255494,150,
6447,公設防火水槽,北分署,福井市古市３丁目７０８番,36.10460899722222,136.2269542416667,,
6448,公設防火水槽,北分署,福井市古市１丁目６番１号,36.10420699444444,136.22563838333332,,
6449,公設防火水槽,北分署,福井市古市３丁目,36.10538695,136.22818211944443,,
6450,公設防火水槽,北分署,福井市古市３丁目,36.10612286666667,136.22825412222224,,
6451,公設消火栓,東消防署,福井市御幸３丁目１４１０番,36.054596180555556,136.23737050833336,250,
6452,公設消火栓,東消防署,福井市御幸３丁目１１番,36.05511013333333,136.2377814611111,100,
6453,公設消火栓,東消防署,福井市御幸３丁目１１番,36.056414986111115,136.2378484,100,
6454,公設消火栓,東消防署,福井市御幸４丁目４番,36.05684296111111,136.23860334166667,100,
6455,公設消火栓,東消防署,福井市和田東２丁目１１０８番,36.049594019444456,136.24853406944442,100,
6456,公設消火栓,東消防署,福井市和田東２丁目２２４０番,36.048580152777774,136.24970603333333,100,
6457,公設消火栓,東消防署,福井市和田東２丁目１１１７番,36.04878611944444,136.24920905833332,200,
6458,公設消火栓,東消防署,福井市和田東２丁目１８１４番,36.04931107777777,136.2498339944445,100,
6459,公設消火栓,東消防署,福井市和田東２丁目１３０９番,36.049980008333335,136.249747975,200,
6460,公設消火栓,東消防署,福井市和田東２丁目１５１８番,36.05041196666666,136.24986394722222,100,
6461,公設消火栓,東消防署,福井市和田東２丁目１５２９番,36.05132486666666,136.24971391944447,200,
6462,公設消火栓,東消防署,福井市和田東２丁目１５００番,36.051696830555564,136.2498388972222,100,
6463,公設消火栓,東消防署,福井市和田中町３番,36.04443968611111,136.25574476666665,100,
6464,公設消火栓,東消防署,福井市和田中町７番１号,36.04781432222222,136.25390577777782,200,
6465,公設消火栓,東消防署,福井市和田中町７番１号,36.046458449999996,136.25366384444442,200,
6466,公設消火栓,東消防署,福井市和田中町,36.04605255277777,136.25695062499997,250,
6467,公設消火栓,東消防署,福井市和田中町３０番２５号,36.04627249722222,136.25522774166666,250,
6468,公設消火栓,東消防署,福井市和田中町東沖田３０番地１,36.05054412777778,136.2568194861111,200,
6469,公設防火水槽,東消防署,福井市和田中町３１番４号,36.04451956388888,136.2488922638889,,
6470,公設消火栓,北分署,福井市八重巻中町２１番１７号,36.107200524999996,136.22227779444444,100,
6471,公設消火栓,北分署,福井市八重巻中町２４番,36.10562271111111,136.22242475555555,100,
6472,公設消火栓,北分署,福井市八重巻中町２６番５号,36.10441485555556,136.22258572222225,100,
6473,公設消火栓,社分署,福井市門前１丁目２０４番２号,36.051128502777786,136.1944765527778,100,
6474,公設消火栓,社分署,福井市門前２丁目４２３番,36.04919874444444,136.1946346,100,
6475,公設消火栓,社分署,福井市門前２丁目８１１番,36.046976041666674,136.19545158333332,200,
6476,公設防火水槽,社分署,福井市門前１丁目１５０６番,36.04848990555555,136.19774228333333,,
6477,公設消火栓,社分署,福井市門前町５番２５号６,36.04634614444444,136.19637350000002,100,
6478,公設消火栓,社分署,福井市門前町５番１号６,36.04542426388888,136.19652651944443,100,
6479,公設消火栓,社分署,福井市門前町４番５号,36.046443108333335,136.19544560277777,150,
6480,公設消火栓,社分署,福井市門前町５番４号,36.047157036111116,136.1960765027778,200,
6481,公設消火栓,社分署,福井市門前町５番１号,36.046549138888885,136.19720439999998,100,
6482,公設消火栓,臨海消防署,福井市免鳥町１７番１１号１,36.135107205555556,136.0767075666667,250,
6483,公設消火栓,東消防署,福井市御幸４丁目１２番１５号,36.05376337777778,136.2411873277778,100,
6484,公設消火栓,東消防署,福井市御幸４丁目２１番２２号,36.05463928333333,136.24117529444442,100,
6485,公設消火栓,東消防署,福井市御幸４丁目１７番１３号,36.05594014166667,136.24119224166665,100,
6486,公設消火栓,東消防署,福井市御幸４丁目２番,36.056357047222214,136.23957331111112,100,
6487,公設消火栓,東消防署,福井市御幸４丁目５番,36.055179175000006,136.23955636111114,100,
6488,公設消火栓,東消防署,福井市御幸４丁目７番２１号,36.05415428888889,136.23954540555553,100,
6489,公設消火栓,中消防署,福井市宝永２丁目９番１号,36.069566047222224,136.22753779722223,250,
6490,公設消火栓,中消防署,福井市宝永１丁目３３番３号,36.069463105555556,136.2285707194444,150,
6491,公設消火栓,中消防署,福井市宝永１丁目３１番１号,36.06955213611111,136.22958163888885,100,
6492,公設消火栓,中消防署,福井市宝永４丁目４番２２号,36.067748988888894,136.22014945833337,100,
6493,公設消火栓,中消防署,福井市宝永４丁目６番１号,36.06778001944444,136.2211683472222,100,
6494,公設消火栓,中消防署,福井市宝永３丁目６番１号,36.06782205000001,136.22227123333334,100,
6495,公設消火栓,中消防署,福井市宝永３丁目１２番,36.06803806111112,136.22321015833333,100,
6496,公設消火栓,中消防署,福井市宝永３丁目１５番２０号,36.068642947222216,136.22236721388884,100,
6497,公設消火栓,中消防署,福井市宝永４丁目６番２０号,36.06860791666666,136.22131032222222,100,
6498,公設消火栓,中消防署,福井市宝永４丁目１２－４,36.068679874999994,136.22030443333335,100,
6499,河川,東消防署,福井市南四ツ居町３－５０,36.069649075,136.25003241944444,,
6500,公設防火水槽,北分署,福井市二日市町３４－２－１,36.127822097222214,136.18299453055556,,
6501,公設防火水槽,北分署,福井市二日市町３４番３０号,36.130435811111106,136.18385032222224,,
6502,私設防火水槽,北分署,福井市二日市町　,36.13137166111111,136.18281639166668,,
6503,私設防火水槽,北分署,福井市二日市町,36.130220788888884,136.18246248333332,,
6504,私設防火水槽,北分署,福井市二日市町１８番１号,36.12794996388889,136.17947891388891,,
6505,私設防火水槽,北分署,福井市二日市町１８番１号,36.12584126944445,136.1803338861111,,
6506,受水槽,北分署,福井市二日市町柿ノ木１番,36.130533683333326,136.18054267499997,,
6507,受水槽,北分署,福井市二日市町柿ノ木１番,36.132905436111116,136.1817014388889,,
6508,公設消火栓,麻生津分遣所,福井市冬野町４番２６号（青葉台）,36.010002425,136.1886117972222,100,
6509,公設消火栓,麻生津分遣所,福井市冬野町２６番１４２号（青葉台）,36.01029031666667,136.18764285555557,150,
6510,公設消火栓,麻生津分遣所,福井市冬野町２６番６７号（青葉台）,36.00961345555555,136.1879238805556,100,
6511,公設消火栓,麻生津分遣所,福井市冬野町５番３１号（青葉台）,36.00955150555556,136.18860982777778,100,
6512,公設消火栓,麻生津分遣所,福井市冬野町２５番１２３号（青葉台）,36.00892665555555,136.18933281111111,100,
6513,公設消火栓,麻生津分遣所,福井市冬野町２５番１０４号（青葉台）,36.008548705555555,136.18897586666668,150,
6514,公設消火栓,社分署,福井市福新町７０１番,36.049125525,136.18431687777777,150,
6515,公設消火栓,社分署,福井市福新町１４０１番,36.04925248888889,136.18317401944446,100,
6516,公設消火栓,社分署,福井市福新町１５０１番,36.04933445833334,136.18193716944447,100,
6517,公設消火栓,社分署,福井市福新町１５０１番,36.04857854722223,136.1820031638889,150,
6518,公設消火栓,社分署,福井市福新町１４０１番,36.04853956388889,136.1827670722222,150,
6519,公設消火栓,社分署,福井市福新町１２０１番　福団地Ａ棟北側,36.048475591666666,136.18381894166666,150,
6520,私設防火水槽,東消防署,福井市和田中町７番１号,36.047444305555565,136.2514059638889,,
6521,私設防火水槽,東消防署,福井市和田中町７番１号,36.04776630277778,136.25280085555556,,
6522,受水槽,東消防署,福井市和田中町８５番,36.0397091,136.24584576666666,,
6523,受水槽,東消防署,福井市和田中町８５番,36.03961711388888,136.24593976666665,,
6524,公設消火栓,東消防署,福井市和田東２丁目４０５番,36.050232936111115,136.2479030861111,100,
6525,公設消火栓,社分署,福井市若杉４丁目４０３番,36.057897519444445,136.18572179999998,150,
6526,公設消火栓,西分署,福井市八つ島町３１番５０９号,36.08207752222223,136.1999826944444,100,
6527,プール,西分署,福井市八ツ島町１番３号,36.08528500277777,136.19788136944447,,
6528,プール,西分署,福井市八ツ島町７番６号,36.08620196666667,136.20039396944443,,
6529,公設消火栓,越廼分署,福井市八ツ俣町２番,36.00041573055556,135.96993851388888,75,
6530,公設消火栓,越廼分署,福井市八ツ俣町５０番１０号,35.99569750555555,135.9775521583333,75,
6531,公設防火水槽,越廼分署,福井市八ツ俣町５０番１０号,35.995958461111115,135.97718517500002,,
6532,公設防火水槽,越廼分署,福井市八ツ俣町６７番２号,35.999976727777785,135.968730625,,
6533,公設防火水槽,越廼分署,福井市八ツ俣町５０番１号,35.995336574999996,135.97823512499997,,
6534,その他,越廼分署,福井市八ツ俣町,35.99546156388889,135.97825711666664,,
6535,公設消火栓,清水分署,福井市山内町１番２０号,36.01739874166666,136.11775023333334,150,
6536,公設消火栓,西安居分遣所,福井市安田町,36.06012385,136.1565794027778,300,
6537,公設消火栓,西安居分遣所,福井市安田町,36.060476866666676,136.1601219888889,300,
6538,公設防火水槽,西安居分遣所,福井市安田町,36.06551017499999,136.15415985000004,,
6539,公設消火栓,東消防署,福井市御幸４丁目８番,36.054926188888885,136.23904539999998,100,
6540,公設消火栓,東消防署,福井市御幸４丁目３番,36.056043066666675,136.23907835,100,
6541,公設消火栓,東消防署,福井市御幸４丁目８番,36.05451821388888,136.23828746111113,100,
6542,公設消火栓,東消防署,福井市御幸２丁目４番１号,36.05825953333333,136.23022881944445,100,
6543,公設消火栓,東消防署,福井市御幸２丁目２番２５号,36.0593534,136.23026776944442,100,
6544,公設消火栓,東消防署,福井市御幸２丁目３番１３号,36.05865951944445,136.23132671666667,100,
6545,公設消火栓,東消防署,福井市御幸２丁目１番１０号,36.05994536666667,136.23135166111112,100,
6546,公設消火栓,東消防署,福井市御幸２丁目２５番３５号,36.05993739722222,136.2322565888889,100,
6547,公設消火栓,東消防署,福井市御幸２丁目８番１４号,36.05622877500001,136.23012091111113,100,
6548,公設消火栓,東消防署,福井市御幸１丁目１８番２２号,36.05672566944444,136.228627,100,
6549,公設消火栓,東消防署,福井市御幸１丁目１番１５号,36.05963433055555,136.22915984444444,100,
6550,公設消火栓,東消防署,福井市御幸１丁目５番９号,36.05869844444444,136.22917088333335,100,
6551,公設消火栓,東消防署,福井市城東２丁目１番４号,36.06035442777778,136.23462838055553,100,
6552,公設消火栓,清水分署,福井市在田町１３番３０号,35.995023947222215,136.1458931666667,100,
6553,公設消火栓,東消防署,福井市和田東２丁目９２６番,36.05112478055556,136.24551219444444,200,
6554,公設消火栓,東消防署,福井市和田東２丁目１００３番,36.05030190277778,136.24684814999998,200,
6555,公設消火栓,東消防署,福井市和田東２丁目１１２６番,36.049139061111106,136.24825910833334,200,
6556,公設消火栓,東消防署,福井市和田東２丁目２２２３番,36.04688034166666,136.2503890583333,200,
6557,公設消火栓,東消防署,福井市和田東１丁目１６０１番,36.05339054722222,136.24594206944445,200,
6558,その他,北分署,福井市二日市町柿ノ木１番,36.13160356111111,136.1807785972222,,
6559,公設消火栓,中消防署,福井市舟橋町１５番１号１,36.100694644444445,136.23217158055553,150,
6560,公設消火栓,中消防署,福井市舟橋１丁目４０２番,36.098850622222216,136.22673808611108,100,
6561,公設消火栓,中消防署,福井市舟橋１丁目２０４番,36.09849360277778,136.22536021388885,100,
6562,公設消火栓,社分署,福井市渕町３１－７０１,36.04144966944444,136.19341602499998,100,
6563,公設消火栓,北分署,福井市二日市町２８番４６号,36.129940911111106,136.18537818333334,100,
6564,公設消火栓,北分署,福井市二日市町３５番３９号,36.128914030555556,136.1851942472222,100,
6565,公設消火栓,北分署,福井市二日市町３５番６９号,36.127464200000006,136.18460836388888,100,
6566,公設消火栓,北分署,福井市二日市町３０番１３号,36.131134752777776,136.18466520277778,150,
6567,私設防火水槽,足羽分遣所,福井市深見町９８番２号,36.004158475000004,136.2674233611111,,
6568,私設防火水槽,足羽分遣所,福井市深見町１２番１号,36.01097745555555,136.26356782222226,,
6569,公設防火水槽,足羽分遣所,福井市深見町桂山,36.002014802777786,136.2697981138889,,
6570,公設消火栓,社分署,福井市福１丁目１７０２番,36.046892919444446,136.18992723055553,150,
6571,公設消火栓,社分署,福井市福１丁目５０６番,36.04676499166666,136.19222696666665,200,
6572,公設消火栓,社分署,福井市福１丁目２６０８番,36.04765978055555,136.18793045277778,150,
6573,公設消火栓,社分署,福井市福１丁目１６１４番,36.04734284166667,136.18885734722224,150,
6574,公設消火栓,社分署,福井市福２丁目１９１６番,36.05083239166666,136.18744546944444,400,
6575,公設消火栓,社分署,福井市福１丁目２９１５番,36.049442544444446,136.18689355555554,300,
6576,公設消火栓,社分署,福井市福新町８０８番地,36.04827064444445,136.18518077777776,100,
6577,公設消火栓,社分署,福井市福新町５０６番,36.04815368055555,136.1861216638889,100,
6578,公設消火栓,社分署,福井市福新町２０８番,36.04751774722222,136.18581670555557,100,
6579,公設消火栓,社分署,福井市福新町１１０１番,36.047806658333336,136.18322801666665,100,
6580,公設消火栓,社分署,福井市福新町２００７番,36.04806560555556,136.18194617222224,100,
6581,公設消火栓,社分署,福井市福新町１００９,36.04767870277777,136.18469283888885,100,
6582,公設消火栓,社分署,福井市福新町２１０１番,36.049756494444445,136.18626663055556,100,
6583,公設消火栓,社分署,福井市福新町１９０７番,36.049203569444444,136.18673857777782,300,
6584,公設消火栓,社分署,福井市福新町２５０５番,36.050575413888886,136.1871245138889,300,
6585,公設消火栓,社分署,福井市福１丁目１１４番,36.04850978055555,136.19233190555553,100,
6586,公設消火栓,社分署,福井市福１丁目１０３番,36.04803485277778,136.19294084444442,100,
6587,公設消火栓,社分署,福井市福２丁目１４０２番,36.05028752777777,136.19074905555553,100,
6588,公設消火栓,社分署,福井市福２丁目１２０２番,36.04940363611111,136.19079606944442,100,
6589,公設消火栓,社分署,福井市福１丁目２１３番,36.048003825,136.19166,100,
6590,公設消火栓,社分署,福井市福１丁目４１３番,36.04757587500001,136.1914660333333,100,
6591,公設防火水槽,東消防署,福井市日之出１丁目１８番１８号,36.06154194166667,136.22465713888892,,
6592,公設防火水槽,東消防署,福井市日之出５丁目１１番,36.065122780555555,136.2322924777778,,
6593,公設防火水槽,東消防署,福井市日之出３丁目４番４号,36.062930913888884,136.22875178888887,,
6594,公設防火水槽,東消防署,福井市日之出３丁目２番１４号,36.061148169444444,136.2298147333333,,
6595,受水槽,西安居分遣所,福井市安田町１１番１号,36.060340761111114,136.15273485833333,,
6596,その他,西安居分遣所,福井市安田町４番３４号,36.065865038888894,136.15021536111115,,
6597,公設消火栓,足羽分遣所,福井市安原町８番１号,36.015580119444444,136.27516146666667,100,
6598,公設消火栓,足羽分遣所,福井市安原町８番７号,36.0148912,136.27475552777778,100,
6599,公設消火栓,足羽分遣所,福井市安原町６－１７－８,36.015296277777786,136.27807314444442,100,
6600,公設消火栓,足羽分遣所,福井市安原町６番１４号２,36.01566024722223,136.2785020861111,100,
6601,公設消火栓,北分署,福井市東森田１丁目１３０５番,36.1159907138889,136.25156251666667,100,
6602,公設消火栓,東消防署,福井市和田東１丁目８１５番,36.05343559444444,136.24786395277775,200,
6603,公設消火栓,東消防署,福井市和田東１丁目６１０番,36.053474636111105,136.2493918555556,200,
6604,公設消火栓,東消防署,福井市和田中１丁目１５１３番,36.04721615555555,136.24277854166667,100,
6605,公設消火栓,東消防署,福井市和田中３丁目１１２,36.046536402777775,136.25168098055556,200,
6606,公設消火栓,東消防署,福井市和田中３丁目１１０番２０号,36.04548351666667,136.25200899722222,100,
6607,公設消火栓,東消防署,福井市和田中１丁目４２１番,36.047839124999996,136.24471739166668,100,
6608,公設消火栓,東消防署,福井市和田中２丁目６０７番,36.04756620555555,136.24723724722222,150,
6609,公設消火栓,東消防署,福井市和田中町１１０－２５,36.04562152500001,136.25332289999997,150,
6610,公設防火水槽,東消防署,福井市和田中２丁目８０１番,36.04754423055555,136.2483341722222,,
6611,公設防火水槽,東消防署,福井市和田中１丁目９１１番,36.04564736388889,136.24458749999997,,
6612,公設消火栓,東消防署,福井市和田中町３８番,36.04136491944444,136.24730656944442,100,
6613,公設消火栓,東消防署,福井市和田中神明宅地２８番,36.04560554444444,136.25418883888892,150,
6614,公設消火栓,東消防署,福井市和田中町２２番,36.04556656944444,136.25548074722226,150,
6615,公設消火栓,東消防署,福井市和田中町３４番,36.04078398888888,136.24735359999997,100,
6616,公設消火栓,東消防署,福井市和田中町,36.044577605555546,136.25183104722223,150,
6617,公設消火栓,足羽分遣所,福井市安原町１番１８号,36.01640701111112,136.2753694277778,100,
6618,公設消火栓,足羽分遣所,福井市安原町１番１７号,36.01701292222222,136.27531941944443,150,
6619,公設消火栓,足羽分遣所,福井市安原町４番１号,36.01679914444444,136.27983591388892,100,
6620,公設消火栓,西分署,福井市八つ島１丁目５０５番,36.085385227777785,136.20451811944446,100,
6621,公設消火栓,社分署,福井市福１丁目５１５番,36.046742969444445,136.1912350833333,200,
6622,公設消火栓,社分署,福井市福１丁目１４０８番,36.04498511111112,136.18829945277778,100,
6623,公設消火栓,社分署,福井市福２丁目１６０１番,36.05115338333333,136.188913275,100,
6624,公設消火栓,社分署,福井市福２丁目１６０１番,36.050820425,136.18907125833334,100,
6625,公設消火栓,社分署,福井市福２丁目１９０７番,36.05049544166667,136.18789341666664,100,
6626,公設消火栓,足羽分遣所,福井市深見町１０１番３号,36.00209777222222,136.2688622,100,
6627,公設消火栓,足羽分遣所,福井市深見町１０８番１２号,36.00121789722222,136.2696781111111,100,
6628,公設消火栓,足羽分遣所,福井市深見町１１２番２０号,36.00032300833333,136.2697840861111,100,
6629,公設消火栓,足羽分遣所,福井市深見町１１１番９号,35.99965909166667,136.2699700583333,100,
6630,公設消火栓,足羽分遣所,福井市深見町１０９番２５号,35.999196158333326,136.2705759972222,100,
6631,公設消火栓,足羽分遣所,福井市深見町１０９番１６号,35.99948712777778,136.27074498611114,100,
6632,公設消火栓,麻生津分遣所,福井市真木町１３６番１５号９,35.99843279166666,136.19876056388887,150,
6633,公設消火栓,麻生津分遣所,福井市真木町６１番１号２５（福井ハイツ）,35.999979633333325,136.2011462527778,100,
6634,公設消火栓,麻生津分遣所,福井市真木町６１番１号６（福井ハイツ）,35.999662699999995,136.20157322499998,100,
6635,公設消火栓,麻生津分遣所,福井市真木町１２６番４号４（福井ハイツ）,36.00029358888889,136.20124322777775,100,
6636,公設消火栓,麻生津分遣所,福井市真木町１９番６号５（福井ハイツ）,35.99781298611111,136.20149131944441,100,
6637,公設消火栓,麻生津分遣所,福井市真木町１３６番９号１９（福井ハイツ）,35.99934269166666,136.19994939999998,100,
6638,公設消火栓,麻生津分遣所,福井市真木町１３７番５号１０,35.99895761111111,136.19574484444442,100,
6639,公設防火水槽,東消防署,福井市日之出１丁目１５番,36.06331978333333,136.2265069638889,,
6640,公設防火水槽,東消防署,福井市日之出３丁目１２番１８号,36.06372489444444,136.23090160555554,,
6641,公設防火水槽,東消防署,福井市日之出２丁目４番２４号,36.06087510000001,136.22688198055553,,
6642,公設防火水槽,東消防署,福井市日之出３丁目３番１７号,36.06194205277777,136.22926475833333,,
6643,プール,東消防署,福井市日之出５丁目１１番１号,36.06533875,136.23215648611108,,
6644,受水槽,東消防署,福井市日之出１丁目４番１号,36.06308677222222,136.22538805833332,,
6645,公設消火栓,清水分署,福井市平尾町１２番９号,36.03941485555556,136.10884647500004,100,
6646,公設消火栓,清水分署,福井市平尾町１１番３１号,36.03912588333333,136.10819454722224,75,
6647,公設消火栓,清水分署,福井市平尾町１２番１３号,36.03836797777778,136.10792159444446,100,
6648,公設消火栓,東消防署,福井市日之出２丁目１５番４号,36.06409972777778,136.22760686388887,100,
6649,公設消火栓,東消防署,福井市日之出５丁目９番２１号,36.06710558333334,136.2332923777778,100,
6650,公設消火栓,東消防署,福井市日之出５丁目７番１３号,36.06598667222222,136.23218747500002,100,
6651,公設消火栓,東消防署,福井市日之出５丁目４－１０,36.06668353333333,136.2307535805556,100,
6652,公設消火栓,東消防署,福井市日之出３丁目７番４号,36.064266797222224,136.23001266944442,100,
6653,公設消火栓,東消防署,福井市日之出４丁目１１番１８号,36.064652897222224,136.23389835555554,100,
6654,公設消火栓,東消防署,福井市日之出４丁目３番１８号,36.064874775,136.23135555555552,100,
6655,公設消火栓,中消防署,福井市文京４丁目１３番１３号,36.076611433333326,136.207462175,100,
6656,公設消火栓,中消防署,福井市文京４丁目２０番１７号,36.078086238888886,136.20749023333335,100,
6657,公設消火栓,中消防署,福井市文京４丁目２７番１５号,36.07936707777778,136.20735131111113,100,
6658,公設防火水槽,臨海消防署,福井市免鳥町３番２１号,36.13410940277778,136.07524570277775,,
6659,公設消火栓,臨海消防署,福井市和布町８番７１号,36.128669538888886,136.0628118333333,100,
6660,公設消火栓,臨海消防署,福井市和布町７番５９号,36.128042641666674,136.06245188611112,100,
6661,公設消火栓,臨海消防署,福井市和布町地係,36.128560458333325,136.06759846944445,250,
6662,私設防火水槽,臨海消防署,福井市和布町３番６号,36.13069616111112,136.06617949166665,,
6663,河川,臨海消防署,福井市和布町,36.129788327777774,136.06487762777775,,
6664,プール,臨海消防署,福井市和布町３番６号,36.13069920277778,136.06420464444446,,
6665,海,臨海消防署,福井市南菅生町地係,36.105002711111105,136.04101773055555,,
6666,海,臨海消防署,福井市和布町,36.12931348055556,136.06086395555556,,
6667,公設消火栓,臨海消防署,福井市免鳥町１５番６１号,36.13587706111111,136.07770346944446,250,
6668,公設消火栓,社分署,福井市南江守町５２番１０号,36.029536875,136.18619415555557,200,
6669,公設消火栓,東消防署,福井市和田東２丁目１７０４番,36.04939710277778,136.2512089,100,
6670,公設消火栓,東消防署,福井市和田東２丁目１６０９番,36.05079095833333,136.25115284722222,100,
6671,公設消火栓,東消防署,福井市和田東２丁目２００１番,36.048530191666664,136.25124493055557,100,
6672,公設消火栓,東消防署,福井市和田東２丁目２２３番,36.051365816666674,136.24800303055557,100,
6673,公設消火栓,東消防署,福井市和田東２丁目８０６番,36.05141578611111,136.2470560888889,100,
6674,公設消火栓,東消防署,福井市和田東２丁目７１０番,36.050671880555555,136.24755108888888,150,
6675,公設防火水槽,東消防署,福井市和田東２丁目２２０５番,36.04788622777778,136.24987605277778,,
6676,公設消火栓,西分署,福井市八つ島１丁目２０３番,36.085935175,136.20502105555556,150,
6677,公設消火栓,西分署,福井市八つ島１丁目７０７番,36.086060124999996,136.20411823888892,100,
6678,公設消火栓,西分署,福井市八つ島１丁目１０２番,36.08660508888888,136.20479912777782,100,
6679,公設消火栓,西分署,福井市八つ島町１５番４号２,36.08298859166667,136.20621567499998,100,
6680,公設消火栓,西分署,福井市八つ島町１５番２号８,36.083188544444454,136.20547981666667,100,
6681,公設消火栓,西分署,福井市八つ島町１４番３号７,36.084266427777784,136.2061017611111,100,
6682,公設消火栓,西分署,福井市八つ島町５番７号２,36.084966336111115,136.2060128138889,100,
6683,公設防火水槽,北分署,福井市八重巻東町４番１号,36.10392293611111,136.2232796388889,,
6684,公設防火水槽,北分署,福井市八重巻東町１５番６号８,36.105314825,136.22453551944443,,
6685,公設防火水槽,美山分署,福井市薬師町下薬師３３番４２号,36.00598259722222,136.38296859722223,,
6686,公設防火水槽,美山分署,福井市薬師町１２番４５号,36.00932615277778,136.39294250833336,,
6687,公設消火栓,西分署,福井市安竹町１５番７６号,36.097193077777774,136.19098143888888,100,
6688,公設消火栓,西分署,福井市安竹町１５番５１号,36.09785700555556,136.19110841944445,100,
6689,公設消火栓,西分署,福井市安竹町地係,36.0951971611111,136.19718915555555,400,
6690,公設消火栓,西分署,福井市安竹町地係,36.096410049999996,136.19718011944445,400,
6691,公設消火栓,西分署,福井市安竹町１６番４８号,36.097295036111106,136.19271734166665,100,
6692,公設消火栓,臨海消防署,福井市免鳥町１８番２号,36.13557317777778,136.07561561666668,100,
6693,公設消火栓,臨海消防署,福井市免鳥町３５番７号,36.13573818333334,136.07478066388887,100,
6694,公設消火栓,社分署,福井市福１丁目１１６番,36.048428799999996,136.19280485000002,150,
6695,公設消火栓,社分署,福井市福１丁目１１１７番,36.04663197222222,136.19070514722222,100,
6696,公設消火栓,社分署,福井市福２丁目１２１０番,36.04936260833334,136.1893912472222,100,
6697,公設消火栓,社分署,福井市福２丁目１００３番,36.048964677777775,136.1902551472222,100,
6698,公設消火栓,社分署,福井市福２丁目１６０４番,36.05078441944444,136.1885823222222,100,
6699,公設消火栓,社分署,福井市福２丁目１４１４番,36.05066246111111,136.18982516666668,100,
6700,公設消火栓,社分署,福井市福２丁目１８０５番,36.05000350833334,136.18831036944448,100,
6701,公設消火栓,社分署,福井市福２丁目１３０５番,36.049806575,136.19022113333332,100,
6702,公設消火栓,社分署,福井市福１丁目２００２番,36.048087763888894,136.1894682611111,100,
6703,公設消火栓,社分署,福井市福１丁目２８０１番,36.048609641666665,136.18686656944448,400,
6704,公設消火栓,足羽分遣所,福井市深見町５１番９号,36.004506347222225,136.26376771666665,100,
6705,公設防火水槽,足羽分遣所,福井市深見町谷１０２番,36.002187825,136.27203390833333,,
6706,公設防火水槽,足羽分遣所,福井市深見町１１２番２０号,36.00044799166667,136.26970109722222,,
6707,公設防火水槽,足羽分遣所,福井市深見町１００番４１号,36.00257568888888,136.26765932222222,,
6708,私設防火水槽,足羽分遣所,福井市深見町１０９番１２号,35.99995906111111,136.27029803333332,,
6709,公設消火栓,南消防署,福井市引目町４番１１５号,36.02734862222221,136.1996051361111,150,
6710,公設消火栓,南消防署,福井市引目町４番１０４号,36.02729064722222,136.20001810833332,100,
6711,公設消火栓,南消防署,福井市引目町１１番１０１号,36.02215452777778,136.2049379833333,150,
6712,公設消火栓,国見分遣所,福井市国見町地係,36.09617253055555,136.06941803055557,100,
6713,公設消火栓,国見分遣所,福井市国見町５９番３号,36.09585855277778,136.0698700138889,100,
6714,公設消火栓,国見分遣所,福井市国見町４９番４号,36.09693951388889,136.06590422500003,100,
6715,公設消火栓,国見分遣所,福井市国見町４２番７号,36.09654458611111,136.06374538055556,100,
6716,公設消火栓,国見分遣所,福井市国見町４５番７号,36.09670659166667,136.0624204611111,100,
6717,公設消火栓,国見分遣所,福井市国見町２９番７号,36.09711157777778,136.06099853888892,100,
6718,公設消火栓,国見分遣所,福井市国見町２８番２１号,36.097106602777785,136.05893768055557,100,
6719,公設消火栓,国見分遣所,福井市国見町２２番４号,36.097517575,136.0574017833333,100,
6720,公設消火栓,東消防署,福井市北四ツ居３丁目１２番１８号,36.068392025,136.24644166944444,100,
6721,公設消火栓,東消防署,福井市北四ツ居２丁目１３番１２号,36.06726011111112,136.24572572222226,100,
6722,公設消火栓,東消防署,福井市北四ツ居２丁目１４番１８号,36.06728420555556,136.24791160000004,100,
6723,公設消火栓,東消防署,福井市北四ッ居１丁目７番１３号,36.064510305555565,136.24357686666667,100,
6724,公設消火栓,東消防署,福井市北四ツ居１丁目１２番１６号,36.06370944444444,136.2449618111111,100,
6725,公設消火栓,東消防署,福井市北四ツ居３丁目３番２号,36.06824791666667,136.24373880833335,100,
6726,公設消火栓,東消防署,福井市北四ッ居３丁目１５番７３号,36.06742215277777,136.24707465277777,250,
6727,公設消火栓,東消防署,福井市北四ツ居１丁目１４番４号,36.06428941388889,136.24565876944445,150,
6728,公設消火栓,東消防署,福井市北四ツ居１丁目２０番１２号,36.06551228611111,136.24564775277776,150,
6729,公設消火栓,東消防署,福井市北四ツ居１丁目１７番８号,36.06519825555556,136.24413883055553,100,
6730,公設消火栓,東消防署,福井市北四ツ居２丁目７番,36.06668910555556,136.24428880277776,100,
6731,公設消火栓,臨海消防署,福井市石橋町地係,36.15421225277778,136.09712221111113,150,
6732,公設消火栓,臨海消防署,福井市石橋町３１番１１８号,36.15517213611112,136.0980630694444,150,
6733,公設消火栓,臨海消防署,福井市川尻町地係,36.145834313888884,136.09349899444445,100,
6734,公設防火水槽,臨海消防署,福井市川尻町４１番６５号,36.145557241666666,136.09764375833336,,
6735,公設防火水槽,美山分署,福井市神当部町１６番３０号,35.954177586111115,136.433220375,,
6736,公設防火水槽,美山分署,福井市神当部町地係,35.955491430555554,136.4349531388889,,
6737,河川,美山分署,福井市神当部町,35.95461653611112,136.43383428888887,,
6738,公設消火栓,西分署,福井市学園２丁目６番２０号,36.06877928333333,136.1976629888889,100,
6739,公設消火栓,西分署,福井市学園１丁目４番８号,36.068771361111104,136.20159253611112,100,
6740,公設消火栓,西分署,福井市学園３丁目６番,36.06856029722222,136.19601015277777,200,
6741,公設消火栓,西分署,福井市学園１丁目６番２号,36.06908234444445,136.2028814027778,200,
6742,公設消火栓,西分署,福井市学園１丁目５番２３号,36.07047115833333,136.202887475,200,
6743,公設消火栓,西分署,福井市学園１丁目３番３号,36.070221177777775,136.20207655833335,100,
6744,公設消火栓,足羽分遣所,福井市上毘沙門町１番１２５号,36.01856170000001,136.27522140000002,100,
6745,公設消火栓,足羽分遣所,福井市上毘沙門町１番７７号,36.01803188333333,136.27777212222225,100,
6746,公設消火栓,麻生津分遣所,福井市上細江町２５番７号,36.01641545555556,136.24985099999998,100,
6747,公設消火栓,麻生津分遣所,福井市上細江町２５番２５号,36.015976502777775,136.24868310555556,100,
6748,公設消火栓,麻生津分遣所,福井市上細江町２５番４５号１,36.01612246944445,136.24766520277777,100,
6749,公設消火栓,東消防署,福井市日之出１丁目５番,36.06346774722221,136.22606099722222,100,
6750,公設消火栓,東消防署,福井市日之出１丁目２番９号,36.06243483888889,136.2249691,100,
6751,公設消火栓,東消防署,福井市日之出１丁目２２番１７号,36.06203388611112,136.2248741138889,100,
6752,公設消火栓,東消防署,福井市日之出１丁目１番４号,36.061961883333325,136.2245271444444,100,
6753,公設消火栓,東消防署,福井市日之出１丁目地係,36.06389769166666,136.2260019972222,100,
6754,公設消火栓,東消防署,福井市日之出１丁目１７番,36.06234186944445,136.22551805833336,300,
6755,公設消火栓,東消防署,福井市日之出５丁目２－１,36.06590556666667,136.2292207138889,100,
6756,公設消火栓,東消防署,福井市日之出５丁目５－２８,36.06550566388889,136.23049561666667,100,
6757,公設消火栓,東消防署,福井市日之出１丁目１０番,36.06599153888889,136.22879874444445,100,
6758,公設消火栓,東消防署,福井市日之出３丁目９番１３号,36.06538066388889,136.23010165,100,
6759,公設消火栓,東消防署,福井市日之出１丁目２番２０号２,36.06229383888889,136.22445314444445,100,
6760,公設消火栓,東消防署,福井市日之出４丁目３番３７号,36.06403686666667,136.23115758055556,250,
6761,公設消火栓,東消防署,福井市日之出４丁目２番１号,36.06303098055555,136.2309346111111,100,
6762,公設消火栓,東消防署,福井市日之出４丁目４番１１号,36.06489182222222,136.23268145,150,
6763,公設消火栓,東消防署,福井市日之出５丁目３番３０号,36.067212500000004,136.23154651388887,100,
6764,公設消火栓,東消防署,福井市日之出４丁目６番１２号,36.06390293333333,136.23249847500003,250,
6765,公設消火栓,東消防署,福井市日之出４丁目９番１９号,36.063703005555546,136.23382736944444,250,
6766,公設消火栓,中消防署,福井市文京１丁目４３番１０号,36.07957052777778,136.22165205833335,150,
6767,公設消火栓,中消防署,福井市文京２丁目１９番２９号,36.0804364,136.22112810833335,100,
6768,公設消火栓,南消防署,福井市引目町１９番５号６２,36.02911246944445,136.20142393055553,100,
6769,公設消火栓,南消防署,福井市引目町,36.02281827777778,136.20108822222224,100,
6770,公設消火栓,南消防署,福井市引目町,36.02169937222223,136.19993235,100,
6771,公設消火栓,南消防署,福井市引目町２１番９号,36.021991238888894,136.1977244916667,100,
6772,公設防火水槽,南消防署,福井市引目町１３番２１号,36.02325221666667,136.20100721111115,,
6773,公設防火水槽,南消防署,福井市引目町１９番２号,36.02914852222222,136.20279083611115,,
6774,公設防火水槽,南消防署,福井市引目町２番６号,36.02824258333334,136.20147096944442,,
6775,公設消火栓,東消防署,福井市日之出１丁目１番７号,36.062026861111114,136.224121175,150,
6776,公設消火栓,東消防署,福井市日之出２丁目７１１番,36.06226688333333,136.22566804722223,100,
6777,私設消火栓,足羽分遣所,福井市東新町１４番２５号,35.987827941666666,136.29130940555555,75,
6778,私設消火栓,足羽分遣所,福井市東新町１４番３５号,35.98757798333334,136.29225026944445,75,
6779,私設消火栓,足羽分遣所,福井市東新町１番６号,35.98686705,136.2920002694444,75,
6780,私設消火栓,足羽分遣所,福井市東新町１番６号,35.98694204444444,136.29219524722222,75,
6781,私設消火栓,足羽分遣所,福井市東新町１４番２０号,35.98823590555555,136.29151439444448,75,
6782,公設防火水槽,川西分署,福井市東平町３７番１号,36.07770203611112,136.12624003055558,,
6783,公設防火水槽,美山分署,福井市東俣町１６番５号,35.98499902222221,136.43634580833333,,
6784,河川,美山分署,福井市東俣町,35.98564596111112,136.4345269277778,,
6785,公設消火栓,中消防署,福井市文京１丁目３番１９号,36.07550405555555,136.2219601222222,150,
6786,公設消火栓,中消防署,福井市文京１丁目４番３７号,36.07550700000001,136.22041533611113,100,
6787,公設消火栓,東消防署,福井市北四ツ居２丁目１３番３１号,36.06677814722223,136.24542274444443,100,
6788,公設消火栓,東消防署,福井市北四ツ居２丁目７番２１号,36.06670917222223,136.24588872222225,100,
6789,公設消火栓,東消防署,福井市北四ツ居２丁目１４番７号,36.06678418888888,136.24643369444445,100,
6790,公設消火栓,東消防署,福井市北四ツ居２丁目１５番,36.06672321111111,136.24678367777778,100,
6791,公設消火栓,東消防署,福井市北四ツ居２丁目１５番１２号,36.06681223055555,136.24738364444445,100,
6792,公設消火栓,東消防署,福井市北四ツ居２丁目１８番１２号,36.0664202888889,136.24780262222222,100,
6793,公設消火栓,東消防署,福井市北四ッ居２丁目１８番１０号,36.06627030833333,136.24790361666663,100,
6794,公設消火栓,東消防署,福井市北四ツ居２丁目１８番７号,36.065934338888894,136.24786962499996,100,
6795,公設消火栓,東消防署,福井市北四ツ居２丁目１８番６号,36.06572336666666,136.24799461944443,100,
6796,受水槽,東分署,福井市北野下町２１番３５号,36.10288445555555,136.26598140555558,,
6797,公設消火栓,西安居分遣所,福井市北堀町５番５号,36.066490138888895,136.15743646666667,300,
6798,公設消火栓,西安居分遣所,福井市北堀町１１番１０号,36.06630712222222,136.15593165277775,300,
6799,公設消火栓,西安居分遣所,福井市北堀町１０番６号,36.06695614444445,136.1597741805556,100,
6800,公設消火栓,西安居分遣所,福井市北堀町１１番１４号,36.06685413611112,136.1590082777778,100,
6801,その他,西安居分遣所,福井市北堀町１１番１９号,36.068881852777785,136.1570315861111,,
6802,公設消火栓,麻生津分遣所,福井市北山新保町１１番２０号２,36.003409147222214,136.2407363638889,100,
6803,公設消火栓,麻生津分遣所,福井市北山新保町２６番１６号,36.002582249999996,136.23986040277777,100,
6804,公設消火栓,麻生津分遣所,福井市北山新保町２０番５号,36.00388909166667,136.24152032777778,100,
6805,公設消火栓,麻生津分遣所,福井市上細江町１６番１３号,36.01622443888889,136.24659126944445,100,
6806,公設消火栓,麻生津分遣所,福井市上細江町１７番３７号,36.01621341944444,136.24540630555558,100,
6807,公設消火栓,麻生津分遣所,福井市上細江町１５番２１号,36.01556652777778,136.24635726944447,100,
6808,公設消火栓,麻生津分遣所,福井市上細江町１５番７号,36.01514160555556,136.2475222027778,100,
6809,公設消火栓,麻生津分遣所,福井市上細江町２５番５１号,36.016945341666656,136.24662627777778,100,
6810,公設消火栓,麻生津分遣所,福井市上細江町２５番４８号,36.016666397222224,136.24780919444444,100,
6811,公設消火栓,麻生津分遣所,福井市上細江町１６番１号,36.01745928333333,136.24762122222222,150,
6812,公設消火栓,麻生津分遣所,福井市下細江町１番９号２,36.016200375,136.24290838055558,100,
6813,公設消火栓,麻生津分遣所,福井市上細江町２５番５号,36.01579254166666,136.24974500833332,100,
6814,公設消火栓,麻生津分遣所,福井市上細江町２番１号,36.01367281111111,136.24752618611112,150,
6815,公設消火栓,麻生津分遣所,福井市上細江町２０番１号,36.01904904166667,136.24629431111111,100,
6816,公設消火栓,麻生津分遣所,福井市上細江町２５番２８号,36.01653642777777,136.24889109166668,100,
6817,公設消火栓,麻生津分遣所,福井市上細江町２０番１号,36.01916904444444,136.2476462388889,150,
6818,公設消火栓,北分署,福井市上森田１丁目６０１番,36.113353019444446,136.22856015555553,200,
6819,公設消火栓,北分署,福井市上森田３丁目４１３番,36.11365006666666,136.23106288611112,200,
6820,公設消火栓,南消防署,福井市毛矢１丁目９番１３号,36.05669830833334,136.21611393333336,100,
6821,公設消火栓,南消防署,福井市毛矢１丁目２番２４号,36.058358069444445,136.21538296944442,400,
6822,公設消火栓,西分署,福井市文京５丁目１３番１０号,36.075008647222226,136.20749510555555,150,
6823,公設消火栓,西分署,福井市文京５丁目１３番２４号,36.076431449999994,136.2070542277778,150,
6824,公設消火栓,中消防署,福井市文京３丁目１１番９号,36.07766740555555,136.21140863611112,100,
6825,公設消火栓,西分署,福井市文京５丁目１８番１号,36.07705933333334,136.20554847222223,100,
6826,公設消火栓,中消防署,福井市文京２丁目１番３号,36.07536195,136.21836561944446,150,
6827,公設消火栓,中消防署,福井市文京２丁目５番６号,36.07663978888889,136.21854058888889,150,
6828,公設消火栓,中消防署,福井市文京１丁目２３番１１号,36.07786167500001,136.2197524027778,100,
6829,公設消火栓,中消防署,福井市文京２丁目９番１６号,36.07785860277777,136.21770870555554,100,
6830,公設消火栓,中消防署,福井市文京２丁目８番３０号,36.07968936944445,136.21756870277775,100,
6831,公設消火栓,中消防署,福井市文京２丁目１３番１３号,36.078934502777784,136.2186995388889,100,
6832,公設消火栓,中消防署,福井市文京２丁目１９番１２号,36.07997241388888,136.21984333333333,100,
6833,公設消火栓,中消防署,福井市文京２丁目１２番２０号,36.07940652222222,136.2209401777778,100,
6834,公設防火水槽,殿下分遣所,福井市武周町７番６７号,36.036424374999996,136.04032498888893,,
6835,河川,殿下分遣所,福井市武周町９番７号,36.03500946944444,136.03877424166666,,
6836,公設消火栓,中消防署,福井市文京１丁目１番１５号,36.07577312222223,136.22411794722223,100,
6837,公設消火栓,東分署,福井市藤島町３７番１号,36.08940244166667,136.27234513055552,100,
6838,公設消火栓,麻生津分遣所,福井市北山新保町,36.00327033333333,136.2525396166667,100,
6839,公設防火水槽,麻生津分遣所,福井市北山新保町１１番２０号２,36.00341814444444,136.24066736944448,,
6840,公設消火栓,麻生津分遣所,福井市北山町２２番１号１,36.00430506388889,136.24366122222222,100,
6841,公設消火栓,麻生津分遣所,福井市北山町３５番２４号,36.00195351388889,136.25257358333334,100,
6842,公設消火栓,麻生津分遣所,福井市北山町５番１１号,36.00186833888889,136.23920443055556,150,
6843,公設消火栓,麻生津分遣所,福井市北山町４番６号,36.002092294444445,136.2382474861111,150,
6844,公設消火栓,麻生津分遣所,福井市北山町３番１２号１,36.00212727777778,136.2375485277778,150,
6845,公設消火栓,麻生津分遣所,福井市北山町１０番１号,36.00107044722222,136.2391504277778,75,
6846,公設消火栓,麻生津分遣所,福井市北山町１０番２１号４,36.00013456666666,136.2384424583333,75,
6847,公設消火栓,麻生津分遣所,福井市北山町地係,36.00179055,136.25357850277777,250,
6848,公設消火栓,麻生津分遣所,福井市北山町３５番５号,36.00177551111111,136.250616725,250,
6849,公設消火栓,東消防署,福井市上北野１丁目２３番１５号,36.06358164722223,136.2495415583333,300,
6850,公設消火栓,東消防署,福井市上北野１丁目２５番,36.06382970833333,136.2515064277778,300,
6851,公設消火栓,東消防署,福井市上北野１丁目２７番３３号,36.06269588333333,136.2531223472222,150,
6852,公設消火栓,東消防署,福井市上北野１丁目３３番２０号,36.060860025000004,136.25231644166666,100,
6853,公設消火栓,東消防署,福井市上北野１丁目３６番４号,36.06207892222221,136.2526053916667,100,
6854,公設消火栓,東消防署,福井市上北野１丁目１５番１号,36.06057899166667,136.25077254444446,100,
6855,公設消火栓,東消防署,福井市上北野１丁目２５番,36.06395473611111,136.2524283666667,300,
6856,公設消火栓,東分署,福井市北野上町３１番２３号,36.097990519444444,136.27324482777777,100,
6857,公設消火栓,東分署,福井市北野上町２８番３０号,36.09783764166667,136.27645847499997,100,
6858,公設消火栓,東分署,福井市北野上町３１番１１号,36.0986714638889,136.27384474722223,100,
6859,公設消火栓,東分署,福井市北野上町６番１１号,36.09703560833333,136.2726729138889,100,
6860,公設消火栓,東分署,福井市北野上町３５番４１号,36.09763753333333,136.27240893055554,150,
6861,公設消火栓,東分署,福井市北野上町３１番７７号,36.09740464166667,136.2749496527778,150,
6862,公設防火水槽,東分署,福井市北野上町,36.09898744722222,136.27447266944444,,
6863,河川,東分署,福井市北野上町３５番４１号,36.09757355000001,136.27273089444446,,
6864,公設消火栓,東分署,福井市北野下町３番１９号,36.098160211111114,136.26862827222226,150,
6865,公設消火栓,東分署,福井市北野下町５番２６号,36.098446055555556,136.2669614194444,150,
6866,公設消火栓,東分署,福井市北野下町６番１６号,36.09854296944444,136.26597550833333,150,
6867,公設消火栓,東分署,福井市北野下町６番１５号,36.09852094166666,136.2655535472222,150,
6868,公設消火栓,東分署,福井市北野下町１番５号,36.09790436944444,136.2704031138889,150,
6869,公設消火栓,東分署,福井市北野下町４番１８号,36.09749621388889,136.26762838055555,100,
6870,公設防火水槽,東分署,福井市北野下町６番２５号,36.09784305,136.26592053055558,,
6871,河川,東分署,福井市北野下町５番２６号１,36.09837908611111,136.26727039166667,,
6872,公設消火栓,東消防署,福井市上北野１丁目１１番２７号,36.06058990555555,136.248661675,150,
6873,公設消火栓,東消防署,福井市上北野１丁目１７番１１号,36.06147890833333,136.25092550833335,100,
6874,公設消火栓,東消防署,福井市上北野２丁目１７番１４号,36.05934606666667,136.24960265555555,200,
6875,公設消火栓,南消防署,福井市毛矢２丁目７番８号,36.057032225,136.21471803333333,100,
6876,公設消火栓,南消防署,福井市毛矢１丁目７番２２号,36.05673128333334,136.21536098888888,100,
6877,公設消火栓,南消防署,福井市毛矢１丁目７番１０号,36.055945388888894,136.21541599444444,100,
6878,公設消火栓,南消防署,福井市毛矢２丁目１番１６号,36.05979486944445,136.2149409888889,100,
6879,公設消火栓,南消防署,福井市毛矢２丁目４番６号,36.05904496388888,136.2147530111111,100,
6880,公設消火栓,南消防署,福井市毛矢２丁目５番１８号,36.058334052777774,136.21458603055552,100,
6881,公設消火栓,南消防署,福井市毛矢３丁目４番１３号,36.05577332777778,136.21237221666664,300,
6882,公設消火栓,南消防署,福井市毛矢３丁目５番２３号,36.05683419444445,136.21263319166667,300,
6883,公設防火水槽,南消防署,福井市毛矢２丁目７番１号,36.057634147222224,136.21468303055553,,
6884,公設防火水槽,南消防署,福井市毛矢１丁目１０番１号,36.056395377777775,136.21723885277777,,
6885,公設防火水槽,南消防署,福井市毛矢３丁目３番１号,36.05595633055555,136.21340013888891,,
6886,私設防火水槽,南消防署,福井市毛矢１丁目１０番１号,36.055698433333326,136.21588896111112,,
6887,私設防火水槽,南消防署,福井市毛矢１丁目１０番１号,36.05550051388889,136.21791081944443,,
6888,公設消火栓,西分署,福井市乾徳４丁目４番１０号,36.071521069444444,136.2054342194444,100,
6889,公設消火栓,西分署,福井市乾徳１丁目１番３号,36.07087931666667,136.21198939444446,100,
6890,公設防火水槽,越廼分署,福井市蒲生町１４番８号,36.035021775,136.01267248888888,,
6891,公設防火水槽,越廼分署,福井市蒲生町１番３６号,36.03801849444444,136.01218333333335,,
6892,公設消火栓,東分署,福井市藤島町４７番５号,36.08772455,136.27115328611114,100,
6893,公設消火栓,東分署,福井市藤島町４６番１３号,36.086677688888884,136.27147828055558,100,
6894,公設消火栓,東分署,福井市藤島町４８番２号,36.08712255833333,136.27027038333335,150,
6895,公設防火水槽,東分署,福井市藤島町３４番１１号,36.089516408333324,136.2719701666667,,
6896,公設防火水槽,東分署,福井市藤島町３６番９号,36.09067222777778,136.27118421111115,,
6897,河川,東分署,福井市藤島町,36.08933843333334,136.27203916388888,,
6898,プール,東分署,福井市藤島町４４－８,36.08731162777779,136.2716092527778,,
6899,公設消火栓,川西分署,福井市布施田町１９番３９号,36.139397944444454,136.16268798888888,100,
6900,公設消火栓,川西分署,福井市布施田町１９番３９号,36.14002789722222,136.16345785555552,100,
6901,公設消火栓,川西分署,福井市布施田町１９番３３号,36.14037581388889,136.16228494166668,100,
6902,公設消火栓,川西分署,福井市布施田町１９番１０号,36.14072783611112,136.16401574166667,100,
6903,公設消火栓,川西分署,福井市布施田町１８番４１号,36.14130071388889,136.16256283055557,100,
6904,公設消火栓,川西分署,福井市布施田町１８番２４号,36.14115578611111,136.16408469722225,100,
6905,公設防火水槽,社分署,福井市福新町１３０６番,36.04856457500001,136.18337499722224,,
6906,公設消火栓,社分署,福井市福町３４番７号２,36.046085005555554,136.18934931388887,100,
6907,公設消火栓,社分署,福井市福町８２１番,36.04683802777778,136.19405975,200,
6908,公設消火栓,社分署,福井市福町３６番１４５号,36.046368080555546,136.1938657888889,100,
6909,公設消火栓,社分署,福井市福町３６番１４９号,36.04585414722222,136.19403478611113,100,
6910,公設消火栓,社分署,福井市福町３６番１１４号４,36.0454962,136.19429876666663,150,
6911,公設消火栓,東消防署,福井市上北野１丁目３７ー７,36.063845772222216,136.25303333055558,150,
6912,公設消火栓,東消防署,福井市上北野２丁目２０番３４号,36.05857117499999,136.25053662222223,100,
6913,公設消火栓,東消防署,福井市上北野２丁目１１番３７号,36.05872109722222,136.24882272500003,100,
6914,公設消火栓,東消防署,福井市上北野１丁目２４番２３号,36.062950780555546,136.25121346388892,100,
6915,公設消火栓,東消防署,福井市上北野１丁目２４番３号,36.063398741666674,136.2513474472222,100,
6916,公設消火栓,東消防署,福井市上北野１丁目１９番１３号,36.06123991111111,136.25040854722224,100,
6917,公設消火栓,東消防署,福井市上北野１丁目１４番２３号,36.05999905555556,136.2510385472222,150,
6918,公設消火栓,東消防署,福井市上北野１丁目３９番１４号,36.06338183888889,136.25360030555555,100,
6919,公設消火栓,東消防署,福井市上北野１丁目１９番６号,36.06176484444444,136.2500385583333,100,
6920,公設消火栓,東消防署,福井市上北野１丁目１０番１４号,36.06088793055555,136.25003658055553,100,
6921,公設消火栓,東消防署,福井市上北野２丁目１８番２９号,36.05953807222222,136.25028860833334,100,
6922,公設消火栓,東消防署,福井市上北野１丁目１番３２号,36.06081284999999,136.24780272222222,150,
6923,公設消火栓,東消防署,福井市上北野１丁目３１番３号,36.06085099444445,136.25155048888888,100,
6924,公設消火栓,清水分署,福井市グリーンハイツ７丁目１３３番,36.04122609444445,136.16642405555558,150,
6925,公設消火栓,清水分署,福井市グリーンハイツ７丁目１４３番,36.04090113055556,136.16653304444444,100,
6926,公設消火栓,清水分署,福井市グリーンハイツ７丁目１０８番,36.040668141666664,136.1655161638889,300,
6927,公設消火栓,清水分署,福井市グリーンハイツ９丁目１０５番,36.040582163888885,136.16634406944445,250,
6928,公設消火栓,清水分署,福井市グリーンハイツ７丁目１１９番,36.041576058333334,136.16673501666668,100,
6929,公設消火栓,清水分署,福井市グリーンハイツ８丁目１５３番,36.041613074999994,136.16803286666664,100,
6930,公設消火栓,東消防署,福井市上北野２丁目２４番１３号,36.05973811111111,136.25178650833337,200,
6931,公設消火栓,東消防署,福井市上北野２丁目２３番１９号,36.058954166666666,136.25129756388887,200,
6932,公設消火栓,東消防署,福井市上北野２丁目１１番５号,36.059295999999996,136.24772577500002,200,
6933,公設消火栓,東消防署,福井市上北野１丁目５番１２号,36.06213475555555,136.24874463055554,100,
6934,公設消火栓,東消防署,福井市上北野１丁目２５番４３号,36.06307381944445,136.2524083861111,100,
6935,公設消火栓,東消防署,福井市上北野１丁目９番８号,36.06147585,136.2494226,100,
6936,公設消火栓,東消防署,福井市上北野１丁目２８番１７号,36.06180091944444,136.2519004416667,100,
6937,公設消火栓,東消防署,福井市上北野２丁目１４番５号,36.060264925000006,136.24831970555553,100,
6938,公設消火栓,東消防署,福井市上北野２丁目３番４号,36.06012091944444,136.2477947444444,100,
6939,公設消火栓,東消防署,福井市上北野１丁目１番２０号,36.061084875000006,136.24909763333335,100,
6940,公設消火栓,東消防署,福井市上北野２丁目９番１１号,36.05886501666666,136.24698383333336,150,
6941,公設消火栓,東消防署,福井市上北野２丁目９番２号,36.05908996388889,136.24611986944444,150,
6942,公設消火栓,東消防署,福井市上北野１丁目１２番２０号,36.06025698888889,136.24995260555556,150,
6943,公設消火栓,東消防署,福井市上北野１丁目６番１２号,36.0633596,136.2479416611111,300,
6944,公設消火栓,東消防署,福井市上北野１丁目３５番１７号,36.061065025000005,136.2528134027778,100,
6945,公設消火栓,東消防署,福井市上北野１丁目３４番１２号,36.05996012222222,136.25261145000005,100,
6946,公設消火栓,東消防署,福井市上北野１丁目５番２号,36.062687669444436,136.24796367222223,100,
6947,公設消火栓,東消防署,福井市四ツ井２丁目８番５号,36.069734494444454,136.2381230694444,100,
6948,公設消火栓,東消防署,福井市志比口２丁目１９番１号,36.07179921111111,136.2371031,100,
6949,公設防火水槽,越廼分署,福井市蒲生町１４－８－１　旧越廼分署南南西約３０ｍ,36.03453282499999,136.0121775583333,,
6950,公設防火水槽,越廼分署,福井市蒲生町１字３４番４号,36.03847145277777,136.01186333055557,,
6951,公設消火栓,中消防署,福井市経田１丁目９０２番,36.08978842222222,136.22363486388886,100,
6952,公設消火栓,中消防署,福井市経田１丁目３０１番,36.08885845555555,136.22252086666666,100,
6953,公設消火栓,中消防署,福井市経田１丁目８１３番,36.08939135555556,136.2212850861111,100,
6954,公設消火栓,中消防署,福井市経田２丁目１７１０番,36.089369216666675,136.21663295555555,100,
6955,公設消火栓,中消防署,福井市経田２丁目１７０１番,36.089608230555555,136.21785774166665,100,
6956,公設消火栓,中消防署,福井市経田２丁目１９０７番,36.08990224722221,136.2193354861111,100,
6957,公設消火栓,中消防署,福井市経田１丁目１５０１番,36.09020229722223,136.22198502222224,100,
6958,公設消火栓,中消防署,福井市経田１丁目１２０１番,36.09038535277778,136.22346791944446,100,
6959,公設消火栓,中消防署,福井市経田２丁目１５０３番,36.08874428333333,136.21680488888884,100,
6960,公設消火栓,中消防署,福井市経田２丁目７０７番１号,36.088655333333335,136.21820261666667,100,
6961,公設消火栓,中消防署,福井市経田２丁目８０８番,36.088638369444446,136.21930240555557,100,
6962,公設消火栓,中消防署,福井市経田２丁目２０５番,36.08792441666666,136.2185575,150,
6963,公設消火栓,中消防署,福井市経田２丁目１００５番,36.08892438333333,136.22065416944446,150,
6964,公設消火栓,中消防署,福井市経田２丁目１０１番,36.087896475,136.22038814444443,150,
6965,公設防火水槽,越廼分署,福井市蒲生町２３番,36.03666262222223,136.01332233055552,,
6966,公設防火水槽,越廼分署,福井市蒲生町１２番１２号,36.03593268888889,136.01312739444444,,
6967,私設防火水槽,北分署,福井市上森田１丁目１０２番２号,36.11372185555555,136.22494653611113,,
6968,公設防火水槽,清水分署,福井市真栗町４２番３４号,36.00794726111111,136.14937396111108,,
6969,公設防火水槽,清水分署,福井市真栗町２３番１６号,36.011682772222215,136.1486718527778,,
6970,公設防火水槽,清水分署,福井市真栗町４１番１１号,36.009328077777774,136.14942387500002,,
6971,公設防火水槽,清水分署,福井市真栗町４３番７号,36.00684240555556,136.14840814722223,,
6972,私設防火水槽,清水分署,福井市真栗町,36.015682244444434,136.1421085277778,,
6973,プール,清水分署,福井市真栗町,36.01356855277777,136.1483268305556,,
6974,プール,清水分署,福井市真栗町４７番４８号,36.01282155,136.13944997500002,,
6975,受水槽,清水分署,福井市真栗町４７番４８号,36.01461834444444,136.1401478138889,,
6976,公設消火栓,中消防署,福井市町屋３丁目４番１号,36.07588217222222,136.22546184722225,100,
6977,公設消火栓,中消防署,福井市町屋３丁目２番１号,36.07634015833333,136.22637677222224,100,
6978,公設消火栓,中消防署,福井市町屋３丁目１４番２０号,36.078184875000005,136.22530981388888,100,
6979,公設消火栓,中消防署,福井市町屋３丁目１２番３１号,36.078315025,136.22866456944445,100,
6980,公設消火栓,中消防署,福井市町屋３丁目１４番,36.077897980555555,136.22670371944446,100,
6981,公設消火栓,清水分署,福井市真栗町１５番６０号,36.01307761111111,136.1481218777778,100,
6982,公設消火栓,清水分署,福井市真栗町２３番３０号,36.01252967222222,136.14861283055558,150,
6983,公設消火栓,清水分署,福井市真栗町２２番２１号,36.011999733333326,136.14848786666667,150,
6984,公設消火栓,清水分署,福井市真栗町２４番５号,36.0111328388889,136.14882385833332,150,
6985,公設消火栓,清水分署,福井市真栗町２５番７０号,36.01026395555555,136.1490738722222,150,
6986,公設消火栓,清水分署,福井市真栗町４０番２０号,36.009924,136.15005775555554,100,
6987,公設消火栓,清水分署,福井市グリーンハイツ８丁目１１３番,36.04166008055556,136.16879378055557,100,
6988,公設消火栓,清水分署,福井市グリーンハイツ８丁目１１８番,36.0416900888889,136.16966268055555,100,
6989,公設消火栓,清水分署,福井市グリーンハイツ８丁目１１９番,36.04130413055556,136.16951870000003,150,
6990,公設消火栓,清水分署,福井市グリーンハイツ８丁目１５６番,36.04127311666666,136.16840582777778,150,
6991,公設消火栓,清水分署,福井市グリーンハイツ８丁目１６３番,36.04119511111111,136.16743194166668,150,
6992,公設消火栓,清水分署,福井市グリーンハイツ８丁目１７５番,36.04093214166666,136.16743794166663,100,
6993,公設消火栓,清水分署,福井市グリーンハイツ８丁目１８１番,36.04093815555555,136.168459825,100,
6994,公設消火栓,清水分署,福井市グリーンハイツ８丁目１３４番,36.040954163888884,136.16917974166668,100,
6995,公設消火栓,清水分署,福井市グリーンハイツ８丁目１８８番,36.04060417777778,136.1675099361111,250,
6996,公設消火栓,清水分署,福井市グリーンハイツ８丁目１４４番,36.04061820555556,136.16942371666664,150,
6997,公設消火栓,清水分署,福井市グリーンハイツ９丁目１７４番,36.04060719722222,136.1688657805556,150,
6998,公設消火栓,清水分署,福井市グリーンハイツ９丁目１７６,36.040210244444445,136.1690577638889,100,
6999,公設消火栓,清水分署,福井市グリーンハイツ９丁目１５１番,36.040346222222226,136.16854081944447,200,
7000,公設消火栓,清水分署,福井市グリーンハイツ９丁目１１２番,36.040213216666665,136.16705499166667,150,
7001,公設消火栓,東消防署,福井市北四ツ居町７０８番,36.07024472777777,136.24415576388893,100,
7002,公設消火栓,東消防署,福井市北四ツ居町３番５１号,36.06973679444444,136.24444775,100,
7003,公設消火栓,東消防署,福井市北四ッ居町３０番１６０号,36.07075899722223,136.25067736666668,100,
7004,公設消火栓,東消防署,福井市北四ツ居町１４番１８号,36.07019486666667,136.24697262222224,100,
7005,公設消火栓,東消防署,福井市北四ツ居町１６番２６号４,36.069824977777785,136.24842752499998,100,
7006,公設消火栓,東消防署,福井市志比口１丁目７番１２号,36.06988827222222,136.23376431111112,100,
7007,公設消火栓,東消防署,福井市志比口１丁目１番１１号,36.06860538611111,136.23285639444444,100,
7008,公設消火栓,東消防署,福井市志比口２丁目９番,36.069761436111115,136.23696312777776,100,
7009,公設消火栓,東消防署,福井市志比口２丁目１６番２２号,36.07054744166666,136.2389530222222,100,
7010,公設消火栓,東消防署,福井市志比口３丁目４番７号,36.072641097222224,136.23676410833335,100,
7011,公設消火栓,東消防署,福井市志比口３丁目４番３６号,36.073027036111114,136.2364371222222,100,
7012,公設消火栓,東消防署,福井市志比口１丁目２番２号,36.070333205555556,136.23342633055555,100,
7013,公設消火栓,東消防署,福井市志比口２丁目１１番１３号,36.07176919444445,136.23672611944443,300,
7014,公設防火水槽,東消防署,福井市志比口３丁目４番,36.072511113888886,136.23680910833335,,
7015,公設防火水槽,東消防署,福井市志比口２丁目１２番,36.07139129444444,136.23788406666665,,
7016,私設防火水槽,東消防署,福井市志比口１丁目１番２０号,36.069077324999995,136.23269540277775,,
7017,私設防火水槽,東消防署,福井市志比口３丁目１番３５号,36.07285501944445,136.23576215555556,,
7018,河川,東消防署,福井市志比口１丁目３－９,36.07064418611112,136.23380929722225,,
7019,公設消火栓,清水分署,福井市島寺町２番５５号,36.02498807222222,136.1434260222222,75,
7020,公設消火栓,清水分署,福井市島寺町４番３０号,36.025628,136.1450108111111,250,
7021,公設消火栓,東消防署,福井市志比口３丁目７番９号,36.073194147222225,136.23898899999998,100,
7022,公設消火栓,東消防署,福井市志比口２丁目１９番２０号,36.07261318888889,136.2384950277778,300,
7023,公設消火栓,南消防署,福井市杉谷町１番１０号,36.016591802777775,136.1942750111111,100,
7024,公設防火水槽,南消防署,福井市杉谷町２６番４６号,36.01714962222222,136.19211916111112,,
7025,公設消火栓,北分署,福井市上森田町１３番１８号,36.11425005555555,136.2329516888889,150,
7026,公設消火栓,北分署,福井市上森田町１４番４０号,36.11347518888889,136.23413755833332,100,
7027,公設消火栓,北分署,福井市上森田町１２番１６号,36.11486100555556,136.23378160277775,100,
7028,公設消火栓,北分署,福井市上森田６丁目３３４番,36.114125119444445,136.23445152777776,150,
7029,公設消火栓,北分署,福井市上森田町１１番１４号,36.11441698888889,136.23160183055552,100,
7030,公設消火栓,北分署,福井市上森田町１３番４号,36.11401105833334,136.23212677499998,200,
7031,公設消火栓,北分署,福井市上森田６丁目１番,36.11478298333333,136.23284269999996,100,
7032,公設消火栓,北分署,福井市上森田町１３番２２号,36.11350316388888,136.23345963055553,100,
7033,公設防火水槽,北分署,福井市上森田町１４番２３号,36.113814177777776,136.234909475,,
7034,公設防火水槽,北分署,福井市上森田町１３番２７号,36.11400810555555,136.23362661666664,,
7035,公設消火栓,南消防署,福井市上六条町３番１２号,36.03092129444445,136.2483572111111,100,
7036,公設消火栓,南消防署,福井市上六条町１７番２０号,36.02813268333334,136.24757750555557,100,
7037,公設消火栓,南消防署,福井市上六条町２４番３０号,36.02748278333333,136.24766055555554,150,
7038,公設消火栓,南消防署,福井市上六条町１７番２７号,36.02738578611112,136.2466046388889,150,
7039,公設消火栓,南消防署,福井市上六条町１８番３８号,36.027391775,136.2457856777778,150,
7040,公設消火栓,南消防署,福井市上六条町１８番３７号,36.02791669999999,136.2460636194444,100,
7041,公設消火栓,南消防署,福井市上六条町１７番３４号,36.027607772222225,136.24863245555557,150,
7042,公設消火栓,南消防署,福井市上六条町,36.030716291666664,136.24493245833332,100,
7043,公設消火栓,南消防署,福井市上六条町３４番１８号,36.02196962777777,136.24782503055556,100,
7044,公設消火栓,清水分署,福井市真栗町４１番１号,36.00936907222223,136.1488819472222,100,
7045,公設消火栓,西安居分遣所,福井市本堂町４３番１号７,36.05326126111112,136.12716241666666,100,
7046,公設消火栓,西安居分遣所,福井市本堂町３５番１号３１,36.052284388888886,136.1274233861111,100,
7047,公設消火栓,西安居分遣所,福井市本堂町４１番１号９,36.051759450000006,136.1271304166667,100,
7048,公設消火栓,西安居分遣所,福井市本堂町４１番１号４３,36.05161045833334,136.1262475111111,150,
7049,公設消火栓,西安居分遣所,福井市本堂町地係,36.05158845277778,136.12580955833332,100,
7050,公設消火栓,西安居分遣所,福井市本堂町４１番１号,36.05059859444444,136.1268634472222,100,
7051,公設消火栓,西安居分遣所,福井市本堂町４１番１号１８,36.051128533333326,136.12729940000003,100,
7052,公設消火栓,西安居分遣所,福井市本堂町４０番１号１９,36.0507775861111,136.1278453388889,100,
7053,公設消火栓,西安居分遣所,福井市本堂町３９番１号１５,36.04945075833334,136.1281873027778,100,
7054,公設消火栓,西安居分遣所,福井市本堂町８９番１号１５,36.04971771666667,136.1276573611111,100,
7055,公設消火栓,西安居分遣所,福井市本堂町８９番８号３８,36.051493541666666,136.1311229888889,100,
7056,公設消火栓,西安居分遣所,福井市本堂町８９番８号２４,36.051872486111115,136.13047006111114,100,
7057,公設消火栓,西安居分遣所,福井市本堂町８９番６号,36.05247441666666,136.13102300555556,100,
7058,公設消火栓,西安居分遣所,福井市本堂町４４番９号,36.054241141666665,136.12782036388887,100,
7059,公設消火栓,西安居分遣所,福井市本堂町３１番１号,36.05302329444444,136.12735139444445,150,
7060,公設消火栓,西安居分遣所,福井市本堂町３４番１号,36.05385420833333,136.12879925555555,100,
7061,公設消火栓,西安居分遣所,福井市本堂町８９番６号３２,36.05387422777777,136.1302701,100,
7062,公設消火栓,西安居分遣所,福井市本堂町８９番６号５３,36.05320230277778,136.129450175,100,
7063,公設防火水槽,東消防署,福井市北四ッ居町３０番１４５号,36.07001203055555,136.24983843055554,,
7064,公設消火栓,南消防署,福井市木田２丁目１４１２番,36.04617183611111,136.22193289444445,100,
7065,公設消火栓,南消防署,福井市木田２丁目１２１１番,36.04501898611112,136.2219529416667,100,
7066,公設消火栓,南消防署,福井市木田３丁目,36.04493003611112,136.22367984166667,250,
7067,公設消火栓,南消防署,福井市木田２丁目１６１０番,36.04500205833334,136.22510474999999,100,
7068,公設消火栓,南消防署,福井市木田２丁目２１０６番,36.045536025000004,136.22676562222225,100,
7069,公設消火栓,南消防署,福井市板垣２丁目３１７,36.04715182500001,136.2269405361111,250,
7070,公設消火栓,南消防署,福井市木田３丁目２４０２番,36.04433618055556,136.22672468333332,100,
7071,公設消火栓,南消防署,福井市木田２丁目１４０３番,36.04669677777778,136.2224328416667,100,
7072,公設消火栓,南消防署,福井市木田１丁目１４０７番,36.047879627777775,136.22254378333332,200,
7073,公設消火栓,南消防署,福井市木田１丁目１４０４番２号,36.04866552222222,136.2224637527778,100,
7074,公設消火栓,南消防署,福井市木田１丁目２２０４番,36.04967940555556,136.22311366666665,250,
7075,公設消火栓,南消防署,福井市木田１丁目３４１３番,36.04808570277778,136.2268215,100,
7076,公設消火栓,南消防署,福井市板垣４丁目４１６コーポラスタナカ南側,36.046388947222226,136.22810450000003,150,
7077,公設消火栓,南消防署,福井市木田１丁目８１６番５号,36.04718569444444,136.22161586944446,100,
7078,公設消火栓,川西分署,福井市北楢原町１３番３２号,36.10403134444444,136.17738228055558,150,
7079,公設消火栓,川西分署,福井市北楢原町１４番１９号,36.104789230555554,136.1783572222222,100,
7080,公設消火栓,東分署,福井市北野上町２８番１１号,36.09796859722222,136.2755525722222,100,
7081,公設消火栓,東分署,福井市北野上町３１番４５号,36.097932561111115,136.27432471111112,100,
7082,私設防火水槽,南消防署,福井市杉谷町４４番,36.00894099444445,136.19585026944443,,
7083,私設防火水槽,南消防署,福井市杉谷町４４番,36.00952294722222,136.19668316666665,,
7084,河川,南消防署,福井市杉谷町８番３４号,36.016142063888886,136.19835571111108,,
7085,その他,南消防署,福井市杉谷町２３番１６号,36.02084908888889,136.19076711111114,,
7086,その他,南消防署,福井市杉谷町２７番３３号,36.01513294166667,136.19313617222224,,
7087,公設消火栓,川西分署,福井市砂子坂町１５番３０号,36.14493393333333,136.15037972222225,100,
7088,公設消火栓,川西分署,福井市砂子坂町１３番２９号,36.14501889444445,136.14921983055558,150,
7089,公設消火栓,川西分署,福井市砂子坂町１４番２２号,36.143872002777776,136.14859503055553,100,
7090,公設消火栓,川西分署,福井市砂子坂町７番４５号,36.14342703055555,136.14787015833335,150,
7091,公設消火栓,川西分署,福井市砂子坂町６番２０号,36.14314700555556,136.1459204388889,100,
7092,公設消火栓,川西分署,福井市砂子坂町４番３１号,36.14461585555556,136.1462142222222,100,
7093,公設消火栓,川西分署,福井市砂子坂町７番１号,36.14480787777779,136.1476750166667,150,
7094,公設消火栓,川西分署,福井市砂子坂町２番８号,36.14586873611112,136.1465360027778,150,
7095,公設消火栓,西分署,福井市菅谷２丁目６番３６号,36.07364263611112,136.19261682500002,100,
7096,公設消火栓,西分署,福井市菅谷１丁目４番１５号,36.07274775,136.1932277111111,100,
7097,公設消火栓,東分署,福井市新保２丁目２３０４番,36.08275473888889,136.25039121944445,100,
7098,公設消火栓,社分署,福井市渕４丁目１５２３番,36.04397410277778,136.1830670666667,100,
7099,公設消火栓,社分署,福井市渕１丁目１９０１番,36.039322019444455,136.19652080000003,200,
7100,公設消火栓,東消防署,福井市松城町２番２０号　,36.06338107777777,136.23470930555558,100,
7101,私設防火水槽,東消防署,福井市松城町１２番３号,36.06252541111111,136.240828025,,
7102,公設消火栓,中消防署,福井市松本３丁目５番１０号,36.07129656944445,136.22125428888887,100,
7103,公設消火栓,中消防署,福井市松本４丁目１番２０号,36.071018575000004,136.22034940000003,300,
7104,公設消火栓,中消防署,福井市松本３丁目１０番１号,36.07192167222222,136.22561490555552,300,
7105,公設消火栓,中消防署,福井市松本３丁目１０番５号,36.071885650000006,136.22498795277775,100,
7106,公設消火栓,中消防署,福井市松本３丁目１１番１９号,36.071810597222225,136.2236040611111,100,
7107,公設消火栓,中消防署,福井市松本３丁目１１番１９号,36.0720765611111,136.22352106111111,100,
7108,公設消火栓,中消防署,福井市松本３丁目１２番１１号,36.07214052222223,136.22281811388888,100,
7109,公設消火栓,中消防署,福井市松本４丁目１４番１３号,36.07204349722222,136.22192919166667,100,
7110,公設消火栓,中消防署,福井市松本４丁目５番３２号,36.0720934611111,136.22111329166665,100,
7111,公設消火栓,中消防署,福井市松本４丁目６番１号,36.071546480555554,136.21954949166664,100,
7112,公設消火栓,中消防署,福井市町屋３丁目２１番６号,36.07931773888888,136.2253847722222,100,
7113,公設消火栓,中消防署,福井市町屋１丁目３番１号,36.07812322777779,136.23227131388887,100,
7114,公設消火栓,中消防署,福井市町屋１丁目１番,36.07768734166667,136.2335492277778,100,
7115,公設消火栓,中消防署,福井市町屋２丁目８番１０号,36.078082083333335,136.22924253333335,250,
7116,公設消火栓,中消防署,福井市町屋１丁目６番１号,36.07943213055555,136.23342821666668,100,
7117,公設消火栓,西安居分遣所,福井市本堂町８９番６号２４３,36.05303330833333,136.1284512777778,150,
7118,公設消火栓,西安居分遣所,福井市本堂町４２番１号５,36.05288630277777,136.12680645000003,100,
7119,公設消火栓,西分署,福井市文京７丁目１７番,36.076984169444444,136.1962687583333,100,
7120,公設消火栓,社分署,福井市渕１丁目２００２番,36.03924098888889,136.19512994444443,200,
7121,公設消火栓,社分署,福井市渕１丁目１７０４番,36.0400688888889,136.1952378972222,150,
7122,公設消火栓,社分署,福井市渕３丁目２８０１番,36.04403211944444,136.18418893055556,150,
7123,公設消火栓,社分署,福井市渕２丁目１１０６番,36.04259943611112,136.1899183527778,100,
7124,公設消火栓,社分署,福井市渕２丁目１６０７番,36.04499009722223,136.18775251388885,100,
7125,公設消火栓,社分署,福井市渕３丁目２８０１番,36.04395714722223,136.18501683888886,150,
7126,公設消火栓,社分署,福井市渕３丁目２８０１番,36.04295426944444,136.18518084722223,100,
7127,公設消火栓,社分署,福井市渕３丁目２７０８番,36.04290424444444,136.1839249888889,100,
7128,公設消火栓,社分署,福井市渕３丁目２６０８番,36.04217434166667,136.18457193333333,100,
7129,公設消火栓,社分署,福井市渕３丁目２３０７番,36.041538405555556,136.18407800555553,100,
7130,公設消火栓,社分署,福井市渕３丁目２２１１番,36.04134644722222,136.18492791666668,100,
7131,公設消火栓,社分署,福井市渕３丁目２２０１番,36.040818502777775,136.18471695000002,100,
7132,公設消火栓,社分署,福井市渕３丁目２００５番,36.04033557777778,136.18536889722222,100,
7133,公設消火栓,社分署,福井市渕３丁目１８０７番,36.03985761666667,136.18473097222224,100,
7134,公設消火栓,麻生津分遣所,福井市二上町８番３２号,36.00400578055555,136.22486721944446,100,
7135,公設消火栓,麻生津分遣所,福井市二上町１７番１４号,36.002967930555556,136.22476323333336,100,
7136,公設消火栓,中消防署,福井市文京２丁目１番２４号,36.07523288888889,136.21615692222218,150,
7137,公設消火栓,中消防署,福井市文京３丁目１３番１号,36.077681475000006,136.21346433333335,100,
7138,公設消火栓,中消防署,福井市文京３丁目８番５号,36.07717057777777,136.21446418055552,100,
7139,公設消火栓,中消防署,福井市文京２丁目５－４２,36.07678968055556,136.21599095555553,150,
7140,公設消火栓,中消防署,福井市文京１丁目５番１０号,36.075436950000004,136.2187075722222,100,
7141,公設消火栓,中消防署,福井市文京３丁目１６番１号,36.078425466666665,136.21587997777775,150,
7142,公設消火栓,中消防署,福井市文京４丁目２番１８号,36.074970758333336,136.21137257222222,100,
7143,公設消火栓,中消防署,福井市文京４丁目９番１号,36.07587060555555,136.21035573888886,100,
7144,公設消火栓,中消防署,福井市文京４丁目１１番２０号,36.07683146111111,136.20987283611115,100,
7145,公設消火栓,中消防署,福井市文京４丁目１８番４号,36.077609344444454,136.20946492222222,150,
7146,公設消火栓,中消防署,福井市文京４丁目２３番１号,36.0788221888889,136.20928399166667,150,
7147,公設消火栓,中消防署,福井市文京４丁目１９番１号,36.07749233888889,136.20844806666668,150,
7148,公設消火栓,北分署,福井市古市３丁目５０３番１号,36.104897936111115,136.226241325,100,
7149,公設消火栓,北分署,福井市古市３丁目９０１番,36.10398404166666,136.2262373138889,100,
7150,公設消火栓,北分署,福井市古市３丁目１００３番,36.10392307777777,136.22700722777776,100,
7151,公設消火栓,北分署,福井市古市２丁目１番１号,36.1065677,136.22511547222223,100,
7152,公設消火栓,北分署,福井市古市３丁目８０４番２３号,36.10444198333333,136.2261173333333,100,
7153,公設消火栓,北分署,福井市古市２丁目２番１５号,36.107678569444445,136.22502449722222,100,
7154,公設消火栓,社分署,福井市福町３６番１３０号,36.04564621111111,136.19548162777778,150,
7155,公設消火栓,東分署,福井市新保１丁目８０８番,36.08215757222222,136.24650853055556,100,
7156,公設消火栓,東分署,福井市新保３丁目７１３番,36.081701994444444,136.2526940611111,150,
7157,公設消火栓,東分署,福井市新保１丁目１４１５番,36.08032388611112,136.24832745277774,100,
7158,公設消火栓,東分署,福井市新保３丁目１４０８番,36.083362844444444,136.2532079777778,100,
7159,公設消火栓,東分署,福井市新保１丁目１０２２番,36.08157168333333,136.24728350277778,100,
7160,公設消火栓,東分署,福井市新保１丁目４０３番,36.07832704166667,136.2471386055556,100,
7161,公設消火栓,東分署,福井市新保１丁目１０１３番,36.08175170277777,136.24793844444446,100,
7162,公設消火栓,東分署,福井市新保１丁目２１０９番,36.081262780555555,136.248347425,100,
7163,公設消火栓,東分署,福井市新保１丁目１２０５番,36.08066875555556,136.24677555833335,250,
7164,公設消火栓,東分署,福井市新保２丁目１０４番,36.07819114166666,136.24860848888892,250,
7165,公設消火栓,東分署,福井市新保２丁目４０２番,36.07913616666667,136.25085527777776,100,
7166,公設消火栓,東分署,福井市新保３丁目１５０５番,36.08291088055556,136.25299100555557,100,
7167,公設消火栓,東分署,福井市新保３丁目１５０９番１号,36.08286593333333,136.25374994444448,100,
7168,公設消火栓,東分署,福井市新保２丁目１８０２番,36.080604994444435,136.25070825277777,100,
7169,公設消火栓,東分署,福井市新保２丁目１７１７番,36.079752047222215,136.2499803333333,100,
7170,公設消火栓,東分署,福井市新保３丁目２４０１番,36.08072231944445,136.2563997861111,100,
7171,公設消火栓,東分署,福井市新保１丁目７０１番,36.08011076666667,136.2458976138889,250,
7172,公設消火栓,東分署,福井市新保３丁目１１１番,36.0804491,136.25220213333333,100,
7173,公設消火栓,東分署,福井市新保２丁目１３０１番,36.08200777222223,136.24956930555558,100,
7174,公設消火栓,中消防署,福井市町屋１丁目１番１号,36.07667144444444,136.23320626666666,100,
7175,公設消火栓,中消防署,福井市町屋１丁目２番６号,36.07705435,136.2321643361111,100,
7176,公設消火栓,中消防署,福井市文京３丁目１１－１,36.077636447222226,136.2124774777778,100,
7177,公設消火栓,中消防署,福井市宝永４丁目９－２４,36.06872981111112,136.2185686222222,100,
7178,公設消火栓,中消防署,福井市宝永４丁目１０番１２号,36.06939771388888,136.2181926638889,100,
7179,公設消火栓,中消防署,福井市宝永４丁目３番１４号,36.067522952777786,136.21806268333336,100,
7180,公設消火栓,中消防署,福井市宝永４丁目１６番８号,36.06940273055556,136.21872860277776,150,
7181,公設消火栓,中消防署,福井市宝永４丁目１６番１号,36.06942975833333,136.21970249166668,150,
7182,公設消火栓,中消防署,福井市宝永４丁目１２番１９号,36.06935479444445,136.22055739722222,150,
7183,公設消火栓,中消防署,福井市宝永４丁目１４番１号,36.069218836111105,136.2212883166667,100,
7184,公設消火栓,中消防署,福井市宝永３丁目２４番４号,36.06940186388889,136.2226791777778,150,
7185,公設消火栓,中消防署,福井市宝永３丁目２０番２０号,36.069438927777774,136.22429905,150,
7186,公設消火栓,中消防署,福井市宝永３丁目２９番１３号,36.07022482222223,136.2241640472222,100,
7187,公設消火栓,中消防署,福井市宝永３丁目３５番１号,36.07016576666666,136.2227041611111,100,
7188,公設消火栓,中消防署,福井市宝永４丁目２７番１６号,36.070021733333334,136.22130230277776,100,
7189,公設消火栓,中消防署,福井市宝永４丁目２１番７号,36.070082683333325,136.21997445555553,100,
7190,公設消火栓,南消防署,福井市別所町１０番８号,36.03391551666667,136.22429434444444,100,
7191,公設消火栓,南消防署,福井市別所町１０番１号,36.033817555555565,136.2255832833333,100,
7192,公設消火栓,麻生津分遣所,福井市二上町１７番７号,36.00282693055556,136.22368629444443,100,
7193,公設防火水槽,麻生津分遣所,福井市二上町１７番１４号,36.00304191944445,136.22476123333334,,
7194,公設消火栓,中消防署,福井市町屋１丁目５番２７号,36.079407097222216,136.23268726944445,100,
7195,公設消火栓,中消防署,福井市町屋２丁目６番地２８１,36.07800420277778,136.231470375,100,
7196,公設消火栓,臨海消防署,福井市松陰町７番５号,36.125019144444444,136.0556615777778,100,
7197,公設消火栓,臨海消防署,福井市松陰町４番４７号,36.12569704444445,136.05571154166665,100,
7198,公設消火栓,臨海消防署,福井市松陰町１番５７号,36.126510922222224,136.05571750000001,100,
7199,公設消火栓,臨海消防署,福井市松陰町４番８７号,36.12478917777778,136.0548056611111,100,
7200,海,臨海消防署,福井市松陰町地係　松蔭海岸,36.12492515555555,136.05407871388888,,
7201,公設消火栓,東消防署,福井市松城町８番５号,36.06363421388889,136.23890910277777,300,
7202,公設消火栓,東消防署,福井市松城町２番１６号　,36.06345909166667,136.23532327499998,100,
7203,公設消火栓,東消防署,福井市松城町１５番１７号,36.06227346666667,136.2416059916667,100,
7204,公設消火栓,東消防署,福井市松城町５番１号,36.06388713888889,136.23774515555556,300,
7205,公設消火栓,中消防署,福井市町屋２丁目１４番６号,36.08048179722223,136.229337475,100,
7206,公設消火栓,中消防署,福井市町屋２丁目３番２６号,36.07705721666666,136.22940153888885,100,
7207,公設消火栓,社分署,福井市福町３６番１３４号２,36.046171124999994,136.19468170000002,100,
7208,公設消火栓,社分署,福井市福町３１番１号,36.04664600833334,136.19234295555557,100,
7209,公設消火栓,社分署,福井市福町３１番１号,36.04651303055555,136.19258193055555,100,
7210,公設消火栓,社分署,福井市福町２８番５１号,36.046163058333335,136.19194301666667,100,
7211,公設消火栓,社分署,福井市福町３１番１号,36.046676033333334,136.19351581944443,100,
7212,公設防火水槽,社分署,福井市福町３１番１号,36.04557114166667,136.19239298055555,,
7213,公設防火水槽,社分署,福井市福町３６番１１９号陽光台団地,36.045613175,136.1938848111111,,
7214,公設防火水槽,社分署,福井市福町３６番１０８号陽光台団地,36.045365247222215,136.19558162777776,,
7215,公設消火栓,東分署,福井市藤島町３５番１号,36.086555625,136.2703453888889,150,
7216,公設消火栓,東分署,福井市林町４６番２７号,36.08764449722222,136.270228375,150,
7217,公設消火栓,東分署,福井市林町４８番５－１号,36.088533386111116,136.2700343694445,150,
7218,公設消火栓,東分署,福井市藤島町３８番１４号,36.0885865,136.27181120277777,100,
7219,公設消火栓,東分署,福井市藤島町３７番１号,36.08980836388889,136.27178617500002,100,
7220,公設防火水槽,社分署,福井市福１丁目９０７番,36.04725687777777,136.18997721666665,,
7221,公設防火水槽,社分署,福井市福２丁目１１０１番,36.04916462222223,136.18891630833335,,
7222,公設防火水槽,美山分署,福井市福島町９番２３号,36.02248279722222,136.3348195472222,,
7223,公設消火栓,社分署,福井市福新町４０２番,36.04818769166666,136.1867605861111,150,
7224,公設消火栓,社分署,福井市福新町４０１号,36.04877560833333,136.18625764166666,150,
7225,公設消火栓,社分署,福井市福新町７０７番,36.048992563888895,136.18532175555555,150,
7226,公設消火栓,社分署,福井市下江守町２７番２６号４,36.04515691666666,136.18068633333334,100,
7227,公設消火栓,社分署,福井市下江守町５４番２号６１,36.04366303333334,136.17813965833332,100,
7228,公設消火栓,社分署,福井市下江守町４番７号８,36.03742688055556,136.18404710833332,100,
7229,公設消火栓,社分署,福井市下江守町,36.03677195833333,136.18409411944444,250,
7230,公設消火栓,社分署,福井市下江守町,36.036048050000005,136.18445210000002,100,
7231,公設消火栓,社分署,福井市下江守町,36.03546011944444,136.18443912222224,250,
7232,公設消火栓,社分署,福井市下江守町,36.03479720833333,136.1847861083333,100,
7233,公設消火栓,社分署,福井市下江守町２５番４４号,36.04132123055556,136.17494007222226,100,
7234,公設消火栓,社分署,福井市下江守町２７－２５－３,36.044582008333336,136.18188319444442,200,
7235,公設消火栓,社分署,福井市下江守町２０番５６号,36.043665055555564,136.17920853055554,150,
7236,公設消火栓,社分署,福井市下江守町２６番５号７,36.04333512222223,136.18051938333335,150,
7237,公設消火栓,社分署,福井市下江守町３０号６０,36.04036338611112,136.17709483888888,100,
7238,公設消火栓,社分署,福井市下江守町５４番２号２,36.045748786111105,136.17757270555555,150,
7239,公設消火栓,社分署,福井市下江守町２７番２５号３,36.04432902222223,136.1812212777778,250,
7240,公設消火栓,社分署,福井市下江守町１７番３０号２,36.04670966944444,136.1773197361111,150,
7241,公設消火栓,社分署,福井市下江守町５４番２号２９,36.044817888888886,136.1774817166667,100,
7242,公設消火栓,社分署,福井市下江守町５４番２号８２,36.045664780555555,136.17688178888892,100,
7243,公設防火水槽,社分署,福井市下江守町３４番３７号,36.03978247777777,136.17832870833337,,
7244,公設消火栓,麻生津分遣所,福井市下江尻町１１番１２号,35.99467022499999,136.19131059999998,200,
7245,公設消火栓,南消防署,福井市別所町６番２３号,36.03472043333333,136.2256552361111,100,
7246,公設消火栓,南消防署,福井市別所町１９番２５号,36.031284891666665,136.2250394388889,200,
7247,河川,南消防署,福井市別所町１０－１　　六条用水,36.034561450000005,136.22541125555554,,
7248,公設消火栓,西分署,福井市文京６丁目１１番１３号,36.075667394444444,136.19966622777775,100,
7249,公設消火栓,西分署,福井市文京６丁目１４番２５号,36.075581372222224,136.1981274361111,100,
7250,公設消火栓,西分署,福井市文京７丁目８番７号,36.075403386111105,136.1958416722222,100,
7251,公設消火栓,西分署,福井市文京６丁目９番,36.07450052222222,136.19824633888888,100,
7252,公設消火栓,西分署,福井市文京７丁目１３番６号,36.07645624444445,136.19586675000002,100,
7253,公設消火栓,西分署,福井市文京５丁目２５番２８号,36.079339000000004,136.20401283055557,100,
7254,公設消火栓,西分署,福井市文京５丁目２６番６号,36.07852810833333,136.20419875000002,150,
7255,公設消火栓,西分署,福井市文京６丁目２５番３０号,36.078120122222224,136.20234100000002,200,
7256,公設消火栓,西分署,福井市文京５丁目２４番５号,36.07795616666667,136.20341583055554,150,
7257,公設消火栓,西分署,福井市文京６丁目４１番８号,36.078697019444455,136.2013162,100,
7258,公設消火栓,西分署,福井市文京６丁目２７番１０号,36.077850149999996,136.20197403888892,100,
7259,公設消火栓,中消防署,福井市文京１丁目３８番２３号,36.080295594444436,136.22489977222222,200,
7260,公設消火栓,中消防署,福井市文京３丁目２８番,36.07996115833333,136.21245352222223,150,
7261,公設消火栓,西分署,福井市文京７丁目１１番１１号,36.07594231666667,136.19561073055556,400,
7262,公設消火栓,西分署,福井市文京７丁目３番１号,36.07441752222223,136.1953026444444,100,
7263,公設消火栓,中消防署,福井市町屋２丁目１番２９号,36.07757625555555,136.23151237777776,100,
7264,公設消火栓,中消防署,福井市町屋２丁目１番３１号,36.077101311111115,136.23147338611113,100,
7265,公設消火栓,中消防署,福井市町屋３丁目３番３号,36.076782102777784,136.22635376666665,100,
7266,公設消火栓,中消防署,福井市町屋３丁目２番２４号,36.07660714444444,136.2268037361111,100,
7267,公設消火栓,中消防署,福井市町屋３丁目８番７号,36.077440013888896,136.22624876111112,100,
7268,公設消火栓,中消防署,福井市町屋３丁目１１番１５号,36.077751019444456,136.22711469444445,100,
7269,公設防火水槽,殿下分遣所,福井市別畑町１０番２５号,36.01855505833333,136.0539994222222,,
7270,河川,殿下分遣所,福井市別畑町１０－２５　,36.01905800833333,136.05446934166667,,
7271,公設消火栓,中消防署,福井市宝永２丁目１－１０,36.06706633333334,136.226962875,250,
7272,公設消火栓,中消防署,福井市宝永２丁目１番２４号,36.06728426666667,136.22594395277775,100,
7273,公設消火栓,中消防署,福井市宝永３丁目１番１号,36.06702426944444,136.22519301666665,200,
7274,公設消火栓,中消防署,福井市宝永４丁目３番１号,36.06698604444444,136.21876361111114,100,
7275,公設消火栓,中消防署,福井市宝永３丁目３番２号,36.067022224999995,136.22410410277777,100,
7276,公設消火栓,中消防署,福井市宝永３丁目４番２号,36.067005152777774,136.22224624999998,100,
7277,公設消火栓,中消防署,福井市宝永４丁目２番３号,36.06699708888889,136.22020246111109,100,
7278,公設消火栓,中消防署,福井市宝永４丁目４－１５,36.067655969444445,136.2191685638889,100,
7279,公設消火栓,清水分署,福井市真栗町４１番１１号,36.00925508888889,136.14938588611108,150,
7280,公設消火栓,清水分署,福井市真栗町４２番２７号,36.008305213888896,136.1489419972222,100,
7281,公設消火栓,清水分署,福井市真栗町３８番３号,36.00788327222223,136.14991889166666,100,
7282,公設消火栓,清水分署,福井市真栗町４２番５８号,36.00758331111112,136.14927199444443,100,
7283,公設消火栓,清水分署,福井市真栗町４３番７号,36.00675141666667,136.1484771416667,100,
7284,公設消火栓,清水分署,福井市真栗町４４番５５号,36.00540258611111,136.14707739444444,100,
7285,公設消火栓,清水分署,福井市真栗町,36.01688807499999,136.14028169999997,400,
7286,公設消火栓,清水分署,福井市真栗町,36.015941166666664,136.13881191944444,400,
7287,私設消火栓,清水分署,福井市真栗町,36.015613252777776,136.1421385277778,300,
7288,私設消火栓,清水分署,福井市真栗町,36.0126206,136.14156672222222,150,
7289,私設消火栓,清水分署,福井市真栗町,36.012471636111115,136.14308353888887,300,
7290,私設消火栓,清水分署,福井市真栗町４７番４８号,36.01547523333334,136.13952185277776,300,
7291,私設消火栓,清水分署,福井市真栗町４７番５１号,36.014996302777774,136.140336775,150,
7292,私設消火栓,清水分署,福井市真栗町,36.01297754722222,136.1407228111111,150,
7293,公設消火栓,麻生津分遣所,福井市真木町６１番２号９（福井ハイツ）,35.99880783888888,136.20175024722224,100,
7294,公設消火栓,麻生津分遣所,福井市浅水三ヶ町５番３０号,35.99838371111111,136.1959358583333,100,
7295,公設消火栓,麻生津分遣所,福井市浅水三ヶ町５番２７号２,35.99750683333333,136.1952019888889,100,
7296,公設消火栓,麻生津分遣所,福井市真木町１０７番１号７,36.00427593333333,136.20044311388887,100,
7297,公設消火栓,麻生津分遣所,福井市真木町６１番１号１０（福井ハイツ）,35.99971566111111,136.2007073083333,100,
7298,公設消火栓,麻生津分遣所,福井市下江尻町１０番２号,35.9936133611111,136.19059073055558,200,
7299,公設消火栓,東消防署,福井市志比口２丁目１番２０号,36.069133452777784,136.2358031916667,250,
7300,公設消火栓,東消防署,福井市志比口２丁目１４番１５,36.07079435833334,136.23781707499998,100,
7301,公設消火栓,東消防署,福井市志比口２丁目９番,36.07042435277777,136.2368141277778,100,
7302,公設消火栓,東消防署,福井市志比口２丁目２２番２７号,36.071030416666666,136.23952798888888,100,
7303,公設消火栓,東消防署,福井市志比口２丁目２５－２６,36.07133843611111,136.24063893333337,200,
7304,公設消火栓,東消防署,福井市志比口２丁目２３番７号　,36.07085842499999,136.23928300277777,100,
7305,公設消火栓,東消防署,福井市志比口２丁目２１番３号,36.07173131388888,136.23905700833336,100,
7306,公設消火栓,東消防署,福井市志比口２丁目２０番２２号,36.07269724722222,136.23983896111113,100,
7307,公設消火栓,東消防署,福井市志比口１丁目９番,36.068344475,136.23425628888887,100,
7308,公設消火栓,東消防署,福井市志比口１丁目７番,36.06883341388888,136.2341782888889,100,
7309,公設消火栓,東消防署,福井市志比口１丁目７番１５号,36.06978630833333,136.23431426944444,100,
7310,公設消火栓,東消防署,福井市志比口１丁目７番,36.06820243888889,136.23292639444446,100,
7311,公設消火栓,東消防署,福井市志比口２丁目２３番　,36.070311511111115,136.23985297777782,100,
7312,公設消火栓,東消防署,福井市志比口２丁目２１番２３号,36.07185833611112,136.23977597222225,100,
7313,公設消火栓,東消防署,福井市志比口１丁目１０番２６号,36.06778848333333,136.23280940833334,200,
7314,公設消火栓,東消防署,福井市志比口１丁目１２番１５号,36.06973633888889,136.2348372361111,100,
7315,公設消火栓,東消防署,福井市志比口２丁目１９番３０号,36.07192228055556,136.23877001944444,100,
7316,公設消火栓,東消防署,福井市志比口２丁目１３番１２号,36.071108341666665,136.23820605277777,100,
7317,公設消火栓,西分署,福井市文京７丁目４番１９号,36.07525042499999,136.19363284444444,100,
7318,公設消火栓,西分署,福井市文京５丁目２１番１２号,36.07763126111111,136.20569047777778,150,
7319,公設消火栓,西分署,福井市文京５丁目２２番１０号,36.07753124166666,136.20429068055554,100,
7320,公設消火栓,西分署,福井市文京６丁目３２番,36.07817503055556,136.1985385722222,100,
7321,公設消火栓,西分署,福井市文京７丁目１８番１７号,36.07808101388889,136.19699678611113,100,
7322,公設消火栓,東消防署,福井市日之出３丁目３番３０号,36.061631074999994,136.22880179999999,150,
7323,公設消火栓,東消防署,福井市日之出３丁目２番１４号,36.06135315,136.23000170833333,150,
7324,公設消火栓,東消防署,福井市日之出３丁目１６番１６号　,36.062099072222225,136.23035466944444,100,
7325,公設消火栓,東消防署,福井市日之出３丁目３番１６号,36.062322011111114,136.2293657472222,100,
7326,公設消火栓,東消防署,福井市日之出２丁目１２番５号,36.06299486111111,136.22749588888888,100,
7327,公設消火栓,東消防署,福井市日之出２丁目１５番１０号,36.063705788888896,136.22794284444444,100,
7328,公設消火栓,東消防署,福井市日之出１丁目１３番１６号,36.06435569444445,136.2275708638889,250,
7329,公設消火栓,東消防署,福井市日之出２丁目１５番１６号,36.06403878055555,136.22880376944443,250,
7330,公設消火栓,東消防署,福井市日之出３丁目７番２２号,36.06382383611111,136.22963470555558,150,
7331,公設消火栓,東消防署,福井市日之出３丁目１３番１２号,36.06355491111112,136.23073961944442,100,
7332,公設消火栓,東消防署,福井市日之出４丁目３番４０号,36.063436952777785,136.23154255555554,250,
7333,公設消火栓,東消防署,福井市日之出４丁目３番２６号,36.064507838888886,136.2319285138889,100,
7334,公設消火栓,東消防署,福井市日之出３丁目８番１２号,36.06472774444444,136.2301456527778,100,
7335,公設消火栓,南消防署,福井市引目町９番５０１号,36.02478805555556,136.20196308055557,100,
7336,公設消火栓,東消防署,福井市大畑町５７番４号２,36.04413552222222,136.27938712777777,150,
7337,公設消火栓,東消防署,福井市円山１丁目６０２番２号,36.070861747222224,136.24591167499997,100,
7338,公設防火水槽,西分署,福井市文京７丁目１６番,36.07726414722222,136.19513286666665,,
7339,公設消火栓,西分署,福井市文京７丁目１６番,36.07706717222222,136.19505285833336,100,
7340,公設消火栓,西分署,福井市文京７丁目１９番１０号,36.07750010555555,136.19581383333335,100,
7341,公設消火栓,西分署,福井市文京７丁目２２番１４号,36.07798605000001,136.19525291111114,100,
7342,公設消火栓,西分署,福井市文京６丁目３０番１７号,36.07726414444444,136.19806357222222,100,
7343,公設消火栓,西分署,福井市文京６丁目１番８号,36.07500353611112,136.20215983888892,100,
7344,公設消火栓,西分署,福井市文京６丁目１８番２５号,36.07680630555556,136.20263488055556,200,
7345,公設消火栓,西分署,福井市文京６丁目１７番３５号,36.07627237222222,136.20248186944448,150,
7346,公設消火栓,西分署,福井市文京６丁目２０番５号,36.07621435277778,136.20115505555555,150,
7347,公設消火栓,西分署,福井市文京６丁目１９番１２号,36.07675328611111,136.20147404444444,100,
7348,公設消火栓,西分署,福井市文京６丁目２８番４号,36.077311205555546,136.2011851222222,100,
7349,公設消火栓,西分署,福井市文京６丁目１９番２４号,36.07737521944445,136.202206975,100,
7350,公設消火栓,西分署,福井市文京５丁目３１番６号,36.07812520555555,136.20614543333332,100,
7351,公設消火栓,麻生津分遣所,福井市真木町１３１番１３号２０,36.00099130555556,136.19651265,100,
7352,公設消火栓,西安居分遣所,福井市本堂町８９番６号３８,36.05318331944444,136.13046706666665,100,
7353,公設消火栓,西安居分遣所,福井市本堂町８９番６号８０,36.052483405555556,136.1302200888889,100,
7354,公設消火栓,西安居分遣所,福井市本堂町８９番６号６９,36.05272735833333,136.12924219444446,150,
7355,公設消火栓,西安居分遣所,福井市本堂町３９番６号２３３,36.05197745277778,136.12922819444444,100,
7356,公設消火栓,西安居分遣所,福井市本堂町３７番１号,36.05198344166667,136.12849327222224,100,
7357,公設消火栓,西安居分遣所,福井市本堂町８９番６号１２４,36.0516865,136.1299871111111,100,
7358,公設消火栓,西安居分遣所,福井市本堂町８９番６号３１４,36.05101358055556,136.12967114444447,150,
7359,公設消火栓,西安居分遣所,福井市本堂町８９番６号２８１,36.05088958333334,136.12878523888887,100,
7360,公設消火栓,西安居分遣所,福井市本堂町８９番６号１６７,36.04998070277778,136.12904820833336,100,
7361,公設消火栓,西安居分遣所,福井市本堂町３９番１号１５,36.04979171666666,136.12821029999998,100,
7362,公設消火栓,西安居分遣所,福井市本堂町３７番１号４２,36.051360511111106,136.12778934722223,100,
7363,公設消火栓,西安居分遣所,福井市本堂町４５番１号１３,36.05435111388889,136.12696545555553,100,
7364,公設消火栓,西安居分遣所,福井市本堂町４６番１号６,36.05492201944445,136.12572059444443,100,
7365,公設消火栓,西安居分遣所,福井市本堂町４６番１号１５,36.054758025,136.12480668611113,100,
7366,公設消火栓,西分署,福井市堀の宮町,36.082794344444444,136.19750318888893,100,
7367,公設消火栓,西分署,福井市堀の宮町,36.0838801861111,136.19741431388888,100,
7368,公設消火栓,西分署,福井市堀の宮町１番１２号,36.08534897222223,136.19730648333336,100,
7369,公設消火栓,西安居分遣所,福井市本堂町８４番５号,36.06099340000001,136.13494976111113,100,
7370,公設消火栓,足羽分遣所,福井市篠尾町９６番５５号,36.022059094444444,136.2918202527778,100,
7371,公設消火栓,足羽分遣所,福井市篠尾町９６番５６号,36.022591036111116,136.2920731972222,100,
7372,公設消火栓,西分署,福井市菅谷２丁目３１０,36.07446453888889,136.1914809777778,100,
7373,公設消火栓,西分署,福井市菅谷２丁目３０９,36.074646511111105,136.192229925,100,
7374,公設消火栓,西分署,福井市菅谷２丁目１番８号,36.07402258611111,136.19325779444446,100,
7375,公設消火栓,西分署,福井市豊岡２丁目１３番７号,36.07227081944445,136.1900779722222,100,
7376,公設消火栓,西分署,福井市菅谷１丁目１番,36.07226680555556,136.1972083027778,300,
7377,公設消火栓,西分署,福井市菅谷２丁目１４番８号,36.07280675277779,136.19036697499996,100,
7378,公設消火栓,西分署,福井市菅谷２丁目１１番３０号,36.07312870833334,136.1914418972222,200,
7379,公設消火栓,西分署,福井市菅谷２丁目５番地２３,36.07325968333334,136.1934807222222,100,
7380,公設防火水槽,西分署,福井市菅谷１丁目６番,36.07092898333334,136.19226068055553,,
7381,公設消火栓,西分署,福井市菅谷町１１番２５号,36.072895744444445,136.18916909166663,400,
7382,公設消火栓,南消防署,福井市杉谷町,36.015971955555564,136.19561393333333,100,
7383,公設消火栓,南消防署,福井市杉谷町４４番,36.007431233333335,136.19573936111112,150,
7384,公設消火栓,南消防署,福井市杉谷町８番１７,36.01572818888888,136.19985762222223,100,
7385,公設消火栓,南消防署,福井市杉谷町,36.01623599166667,136.1970168055556,100,
7386,公設消火栓,南消防署,福井市杉谷町２６番５６号,36.016724724999996,136.19304410555554,100,
7387,公設消火栓,南消防署,福井市杉谷町３６番８号,36.01544408333333,136.19667787222224,100,
7388,公設消火栓,南消防署,福井市杉谷町３７番１９号,36.014217280555556,136.1971858888889,100,
7389,公設消火栓,南消防署,福井市引目町９番２０８号,36.02382121944444,136.2028020638889,100,
7390,公設消火栓,南消防署,福井市引目町９番４１５号,36.02319929722223,136.2027430916667,150,
7391,公設消火栓,南消防署,福井市引目町１２番３０８号,36.02453203055555,136.20055718888892,150,
7392,公設消火栓,南消防署,福井市引目町３番１号,36.02908042222223,136.20013602222227,100,
7393,公設消火栓,南消防署,福井市引目町１９番５号,36.029095447222225,136.20077397777777,100,
7394,公設消火栓,南消防署,福井市引目町１９番５号,36.02868149166667,136.2005660111111,100,
7395,公設消火栓,中消防署,福井市宝永１丁目３７番２１号,36.07090500277778,136.2302845638889,200,
7396,公設消火栓,中消防署,福井市宝永１丁目３８番２１号,36.07088606111112,136.2316034638889,200,
7397,公設消火栓,中消防署,福井市宝永３丁目９番２１号,36.068173144444444,136.2257129583333,100,
7398,公設消火栓,中消防署,福井市宝永１丁目３０番２３号,36.06999910555555,136.23010659166664,100,
7399,公設消火栓,中消防署,福井市宝永１丁目１６番２号,36.068138302777776,136.22945366666664,150,
7400,公設防火水槽,中消防署,福井市宝永１丁目１５番,36.06924915277777,136.22912067777776,,
7401,公設防火水槽,中消防署,福井市宝永１丁目２５番１号,36.070547125,136.23214542777777,,
7402,公設防火水槽,中消防署,福井市宝永２丁目１２番１５号,36.07038587777778,136.22590191111112,,
7403,公設防火水槽,中消防署,福井市宝永４丁目１１番２３号,36.06935776944445,136.2197604861111,,
7404,公設防火水槽,中消防署,福井市宝永４丁目７番１号,36.067829997222226,136.2207073972222,,
7405,公設防火水槽,中消防署,福井市宝永４丁目８番,36.06821090277778,136.21926354999997,,
7406,公設防火水槽,中消防署,福井市宝永２丁目４番１０号,36.068438122222226,136.2259179388889,,
7407,公設防火水槽,中消防署,福井市宝永１丁目１５番,36.068763222222216,136.22931766944447,,
7408,公設消火栓,西分署,福井市文京５丁目１０番１号,36.07562555277778,136.20694020833335,100,
7409,公設消火栓,中消防署,福井市文京１丁目２８番３号,36.07775688055555,136.2243158972222,100,
7410,公設消火栓,中消防署,福井市文京１丁目３２番１号,36.078814663888885,136.22264598055554,100,
7411,公設消火栓,中消防署,福井市文京１丁目２７番１号,36.07782579444444,136.22275800833336,100,
7412,公設消火栓,中消防署,福井市文京３丁目１番２３号,36.07480287222222,136.21405420555558,100,
7413,公設消火栓,中消防署,福井市文京３丁目１番１４号,36.075045875,136.2150180777778,100,
7414,公設消火栓,中消防署,福井市文京３丁目３１番２９号,36.079570325,136.21583598055554,150,
7415,公設消火栓,社分署,福井市渕１丁目２９０８番,36.03811404722222,136.19248125555558,100,
7416,公設消火栓,南消防署,福井市引目町１番１号３,36.02835161388889,136.2025518888889,200,
7417,公設消火栓,南消防署,福井市引目町１番３号１２,36.02824060555555,136.2020159333333,100,
7418,公設消火栓,南消防署,福井市引目町２番１号２１,36.028303574999995,136.20143496944445,200,
7419,公設消火栓,南消防署,福井市引目町１９番５号５,36.02868750833334,136.20101598055555,100,
7420,公設消火栓,南消防署,福井市引目町２番１号,36.02871755,136.20211590277773,100,
7421,公設消火栓,南消防署,福井市引目町１９番２号２７,36.02915150833334,136.20248485555555,100,
7422,公設消火栓,南消防署,福井市引目町１９番２号１３,36.02877058888889,136.2032428222222,100,
7423,公設消火栓,南消防署,福井市引目町１９番２号５２,36.02937653055555,136.20374076111113,200,
7424,公設消火栓,南消防署,福井市引目町１９番２号５０,36.02958148611111,136.20329078055556,100,
7425,公設消火栓,南消防署,福井市引目町２１番３号,36.02785162777777,136.2013099972222,100,
7426,公設消火栓,南消防署,福井市引目町９番５０１号,36.024854022222215,136.20137111944445,100,
7427,公設消火栓,西安居分遣所,福井市本堂町３１番１号,36.059973530555546,136.13509772499998,200,
7428,公設消火栓,西安居分遣所,福井市本堂町７０番３５号１,36.05933059444444,136.13405681666666,200,
7429,公設消火栓,西安居分遣所,福井市本堂町７０番１３号,36.058833633333336,136.1327769388889,200,
7430,河川,殿下分遣所,福井市二ツ屋町１－１２,36.031902716666664,136.03606169722224,,
7431,公設消火栓,社分署,福井市渕２丁目５０６番,36.04041373611111,136.1912462916667,100,
7432,公設消火栓,社分署,福井市渕１丁目２８０３番,36.03868794166667,136.19124635555556,100,
7433,公設消火栓,社分署,福井市渕４丁目７４８番,36.04429814166666,136.18628569166668,100,
7434,公設消火栓,社分署,福井市渕１丁目１４２３番,36.040782813888896,136.19568481944444,100,
7435,公設消火栓,社分署,福井市渕４丁目６０６番,36.046350916666675,136.18702757777777,150,
7436,公設消火栓,社分署,福井市渕２丁目１８０２番,36.046859877777784,136.1879434638889,200,
7437,公設消火栓,社分署,福井市渕２丁目１６１番,36.04179655,136.19053231388887,100,
7438,公設消火栓,社分署,福井市渕２丁目３２２番,36.041774499999995,136.18867151111112,100,
7439,公設消火栓,社分署,福井市渕３丁目５０１番,36.042132433333336,136.18773059999998,150,
7440,公設消火栓,社分署,福井市渕３丁目１０５番,36.04362625000001,136.18748858055554,150,
7441,公設消火栓,社分署,福井市渕４丁目７０２番,36.045371036111106,136.18720556944447,150,
7442,公設消火栓,社分署,福井市渕１丁目５１１番,36.04014378055555,136.19173825,100,
7443,公設消火栓,川西分署,福井市布施田町１８番１２号,36.14227259444445,136.16250175,100,
7444,公設消火栓,川西分署,福井市布施田町１７番５６号,36.142471619444436,136.16386360555558,100,
7445,公設消火栓,南消防署,福井市杉谷町２６番５７号,36.01629678055555,136.19300612777775,100,
7446,公設消火栓,麻生津分遣所,福井市角原町３２番８８号,35.99323014166667,136.2156380388889,150,
7447,公設防火水槽,西安居分遣所,福井市末町４８番２６号,36.04410328611111,136.11356087500002,,
7448,公設防火水槽,西安居分遣所,福井市末町１１番４号,36.04740280277778,136.10974721944444,,
7449,公設防火水槽,東消防署,福井市勝見２丁目７番１号,36.05652567777778,136.22808504999998,,
7450,公設防火水槽,東消防署,福井市勝見３丁目１８番,36.053999138888884,136.23342677500003,,
7451,私設防火水槽,東消防署,福井市勝見１丁目１３番８号,36.05455978055556,136.22327146111107,,
7452,私設防火水槽,東消防署,福井市勝見１丁目１８番８号,36.05510072222222,136.2235884222222,,
7453,受水槽,東消防署,福井市勝見３丁目１４番１９号,36.05448503611111,136.23186786111108,,
7454,公設消火栓,足羽分遣所,福井市鹿俣町３３番６号,35.984636022222226,136.28012159722223,150,
7455,公設消火栓,足羽分遣所,福井市鹿俣町４０番１８号,35.983214161111114,136.28007654722225,100,
7456,公設消火栓,足羽分遣所,福井市鹿俣町３９番１３号,35.98332013611111,136.27931862777777,150,
7457,公設消火栓,足羽分遣所,福井市鹿俣町４１番１４号,35.98288617222222,136.27884666111115,100,
7458,公設消火栓,足羽分遣所,福井市鹿俣町４１番３９号,35.98216024166667,136.27870264444442,100,
7459,公設消火栓,足羽分遣所,福井市鹿俣町４７番７号,35.98208125833333,136.27929958055552,150,
7460,公設消火栓,足羽分遣所,福井市鹿俣町４８番１０号,35.98085638055555,136.27920454166667,100,
7461,公設消火栓,足羽分遣所,福井市鹿俣町４６番４号,35.98137831944445,136.27876260833335,150,
7462,公設消火栓,足羽分遣所,福井市鹿俣町,35.98733085833333,136.28429329166667,150,
7463,公設防火水槽,足羽分遣所,福井市鹿俣町４１番４０号,35.9819612611111,136.27876563055557,,
7464,公設消火栓,中消防署,福井市宝永１丁目８番５号,36.06660245277778,136.22851775833334,100,
7465,公設消火栓,中消防署,福井市宝永１丁目２９番１号,36.069477194444445,136.23072654999999,100,
7466,公設消火栓,中消防署,福井市宝永１丁目２３番２号,36.06897729166667,136.2316284861111,100,
7467,公設消火栓,中消防署,福井市宝永１丁目２９番２４号,36.07037408888888,136.23083453055554,100,
7468,公設消火栓,中消防署,福井市宝永１丁目３１番１７号,36.07032204444444,136.22959862777776,100,
7469,公設消火栓,中消防署,福井市宝永１丁目３３番１９号,36.070299005555555,136.22863470000001,100,
7470,公設消火栓,中消防署,福井市宝永２丁目３３番１５号,36.070318980555555,136.22815973888888,100,
7471,公設消火栓,中消防署,福井市灯明寺４丁目２１１２番,36.097876174999996,136.20820467500002,150,
7472,公設消火栓,中消防署,福井市舟橋新１丁目１５０４番,36.10012602777778,136.21030944444445,100,
7473,公設消火栓,中消防署,福井市舟橋新２丁目１１２８番,36.09906806388889,136.207984725,150,
7474,公設消火栓,中消防署,福井市灯明寺４丁目２３０８番,36.09747017222222,136.20658487500003,100,
7475,公設消火栓,中消防署,福井市舟橋新２丁目地係,36.09723215555555,136.20503507499998,100,
7476,公設消火栓,中消防署,福井市舟橋黒竜１丁目１１０番,36.09953419722222,136.21538063888892,100,
7477,公設消火栓,中消防署,福井市舟橋黒竜１丁目地係,36.10033209444444,136.21407286944444,150,
7478,公設消火栓,中消防署,福井市舟橋黒竜１丁目５０１番,36.0992682,136.21434779166665,150,
7479,公設消火栓,中消防署,福井市舟橋黒竜２丁目５０６番,36.099801136111104,136.21377889722223,100,
7480,公設消火栓,中消防署,福井市舟橋黒竜２丁目５０６番,36.09975412777777,136.21323698055556,100,
7481,公設消火栓,中消防署,福井市舟橋黒竜２丁目１０８番,36.09905719444445,136.21336193888888,100,
7482,公設消火栓,中消防署,福井市舟橋黒竜２丁目６０９番,36.10028706944444,136.2127510722222,150,
7483,公設消火栓,南消防署,福井市引目町１３番１号,36.02383615555556,136.2013491638889,150,
7484,公設消火栓,美山分署,福井市東河原町２１番２０号,35.95757614444445,136.36665362222223,75,
7485,公設消火栓,美山分署,福井市東河原町２１番３９号,35.957107163888885,136.36624967222224,75,
7486,公設消火栓,美山分署,福井市東河原町２１番５９号,35.95666218055556,136.36573573333334,75,
7487,公設消火栓,美山分署,福井市東河原町２１番５０号,35.956476224999996,136.3663696722222,75,
7488,公設消火栓,美山分署,福井市東河原町２２番３号２,35.957083205555556,136.3670875861111,75,
7489,公設消火栓,美山分署,福井市東河原町２０番３６号,35.957648175,136.3674525361111,75,
7490,公設消火栓,美山分署,福井市東河原町２１番１１号,35.95775019999999,136.3681054666667,75,
7491,公設消火栓,社分署,福井市東下野町１１番２０号,36.065996463888894,136.1718906361111,100,
7492,公設消火栓,中消防署,福井市宝永２丁目１２番３６号,36.07047193611112,136.22753178333332,250,
7493,公設消火栓,中消防署,福井市宝永２丁目１２番１１号,36.07039889444445,136.22632687777778,100,
7494,公設消火栓,中消防署,福井市宝永３丁目３１番１号,36.07042386111112,136.22562893055553,100,
7495,公設消火栓,中消防署,福井市宝永１丁目２１番５号,36.06895525,136.23056456944445,100,
7496,公設消火栓,中消防署,福井市宝永２丁目１２番２８号,36.070826869444446,136.22698981944447,100,
7497,公設消火栓,中消防署,福井市宝永３丁目１１番,36.06811112222223,136.22496501944443,100,
7498,公設消火栓,中消防署,福井市宝永３丁目１１番,36.06857206944444,136.22508800277777,100,
7499,公設消火栓,中消防署,福井市宝永３丁目２１番６号,36.069215988888885,136.22506499444444,100,
7500,公設消火栓,中消防署,福井市宝永３丁目２９番１号,36.06984686944445,136.22417405277776,100,
7501,公設消火栓,中消防署,福井市宝永１丁目３番４号,36.06836131388889,136.23034259444447,100,
7502,公設消火栓,川西分署,福井市布施田町１１番４７号,36.14513628055555,136.16337341666667,100,
7503,公設消火栓,川西分署,福井市布施田町１６番,36.14332247222222,136.1625706527778,100,
7504,公設消火栓,川西分署,福井市布施田町１７番１号,36.14340849166666,136.1634465638889,100,
7505,公設消火栓,川西分署,福井市布施田町１７番９号,36.14419739166666,136.16327850833335,100,
7506,公設消火栓,中消防署,福井市町屋２丁目９番７号,36.07865403055556,136.22960149722218,100,
7507,公設消火栓,中消防署,福井市町屋２丁目１６番１８号,36.07922194166667,136.2291965111111,100,
7508,公設消火栓,中消防署,福井市町屋２丁目１１番２６号,36.07968394166667,136.23029642777777,100,
7509,公設消火栓,中消防署,福井市町屋２丁目７番２４号,36.07863710833333,136.23109239166666,100,
7510,公設消火栓,中消防署,福井市町屋１丁目９番１７号,36.07997598055556,136.2317033277778,150,
7511,公設消火栓,中消防署,福井市町屋１丁目２番２０号,36.07794823888888,136.23208733055554,100,
7512,公設消火栓,中消防署,福井市町屋１丁目２番２８号,36.07766530277778,136.2326812916667,100,
7513,公設消火栓,中消防署,福井市町屋３丁目２１番２４号,36.079539752777784,136.2261907111111,100,
7514,公設消火栓,中消防署,福井市町屋２丁目２番２０号,36.07738221944444,136.23031246666667,100,
7515,公設消火栓,中消防署,福井市町屋３丁目１番３号,36.07698514722223,136.22778165833333,100,
7516,公設消火栓,中消防署,福井市町屋１丁目４番,36.078909149999994,136.23260528055556,100,
7517,公設消火栓,中消防署,福井市町屋３丁目５番８号,36.07709803611111,136.2258038,100,
7518,公設消火栓,中消防署,福井市町屋３丁目１９番３号,36.078917849999996,136.22657670277778,100,
7519,公設消火栓,中消防署,福井市町屋３丁目１１番２４号,36.07796203055555,136.22787863333335,100,
7520,公設消火栓,中消防署,福井市町屋２丁目４番１２号,36.07749011388889,136.2284036055556,100,
7521,私設防火水槽,足羽分遣所,福井市鹿俣町４９番１２号,35.980417419444436,136.27889955555554,,
7522,公設消火栓,西安居分遣所,福井市金屋町４番３４号,36.072461758333326,136.17075389444446,300,
7523,公設消火栓,西安居分遣所,福井市金屋町３番６２号１,36.071547808333335,136.1684731694444,300,
7524,公設消火栓,西安居分遣所,福井市金屋町４番４号,36.070837841666666,136.16629943611113,100,
7525,公設消火栓,北分署,福井市栗森町浜２０９番,36.11617212777778,136.24008086388892,100,
7526,公設消火栓,北分署,福井市栗森町浜２０６番,36.11511919722223,136.23876702500002,100,
7527,公設消火栓,北分署,福井市栗森町浜５０５番,36.11537833333334,136.2423006027778,100,
7528,公設消火栓,北分署,福井市栗森町浜４１２番,36.11563623333333,136.24087277222225,100,
7529,公設消火栓,北分署,福井市栗森町浜６１７番,36.11441946666667,136.24258058055557,100,
7530,公設消火栓,北分署,福井市栗森１丁目５０９番,36.116464175000004,136.24183664999998,100,
7531,公設防火水槽,北分署,福井市栗森町浜,36.115167241666676,136.23980290277777,,
7532,公設防火水槽,北分署,福井市栗森町浜８０８番,36.11403945833333,136.24142271666665,,
7533,公設消火栓,川西分署,福井市黒丸城町１５番１６号,36.147176808333334,136.15576592222226,100,
7534,公設消火栓,川西分署,福井市黒丸城町１３番,36.14764677222222,136.1565597972222,100,
7535,公設消火栓,川西分署,福井市黒丸城町１４番２６号,36.14798475277778,136.15765666111113,100,
7536,公設消火栓,川西分署,福井市黒丸城町１６番１１号,36.149101616666655,136.1575115583333,100,
7537,公設消火栓,川西分署,福井市黒丸城町１１番１７号,36.14870465277778,136.15687365555553,100,
7538,公設防火水槽,川西分署,福井市黒丸城町１４番２６号,36.14809973888888,136.15765065,,
7539,公設消火栓,中消防署,福井市灯明寺３丁目３８０１番,36.09849324722223,136.21336991944446,150,
7540,公設消火栓,中消防署,福井市舟橋新１丁目６１２番,36.09966903333334,136.20886663055558,100,
7541,公設消火栓,中消防署,福井市舟橋新２丁目１１１７番,36.09870907222221,136.20703783333335,100,
7542,公設消火栓,中消防署,福井市舟橋新２丁目地係,36.09812507777777,136.20509406944447,100,
7543,公設消火栓,中消防署,福井市舟橋２丁目２０４番,36.09920967777777,136.22898486944445,100,
7544,公設消火栓,中消防署,福井市舟橋３丁目４０１番１号,36.101100622222226,136.2327665277778,100,
7545,公設消火栓,中消防署,福井市舟橋３丁目５１０番２号,36.102697463888894,136.23339349999998,100,
7546,公設消火栓,中消防署,福井市舟橋３丁目１００９番１号,36.10200749166667,136.23209362499998,100,
7547,公設消火栓,中消防署,福井市舟橋３丁目７０８番,36.10187952222222,136.2324965777778,100,
7548,公設消火栓,中消防署,福井市舟橋３丁目８０３番,36.10136756111111,136.23203261388886,100,
7549,公設消火栓,社分署,福井市渕１丁目２０３番,36.041276644444444,136.1917102111111,100,
7550,公設消火栓,社分署,福井市渕３丁目３０７番,36.04263234166666,136.1865247111111,100,
7551,公設消火栓,社分署,福井市渕２丁目１３０５番,36.042904375000006,136.18893244722224,100,
7552,公設消火栓,社分署,福井市渕１丁目１９０１,36.03887207499999,136.19654281944443,100,
7553,公設消火栓,社分署,福井市渕１丁目１９０５番２号　リッシュエフ,36.03917701666667,136.1958708722222,100,
7554,公設消火栓,社分署,福井市渕２丁目３０２番,36.041432577777776,136.19002438055557,150,
7555,公設消火栓,社分署,福井市渕２丁目３２８番,36.041324566666674,136.18907448333331,150,
7556,公設消火栓,社分署,福井市渕２丁目５１９番１号,36.040788652777785,136.1899274138889,100,
7557,公設消火栓,社分署,福井市渕１丁目３４０５番,36.038485963888895,136.19115537222223,150,
7558,公設消火栓,中消防署,福井市宝永１丁目３１番１３号,36.07033602222223,136.22916266111113,150,
7559,公設消火栓,中消防署,福井市宝永２丁目１０番８号,36.069472016666666,136.22649888055554,150,
7560,公設消火栓,中消防署,福井市宝永３丁目２２番１号,36.06955596944445,136.2256729416667,100,
7561,公設消火栓,中消防署,福井市宝永４丁目１７番１３号,36.07007465000001,136.2189675722222,100,
7562,公設消火栓,中消防署,福井市宝永３丁目８番１５号,36.06803308888888,136.2238821055556,100,
7563,公設消火栓,中消防署,福井市宝永３丁目３５番１６号,36.07066865833334,136.22149026944444,100,
7564,公設消火栓,中消防署,福井市宝永３丁目３４番１５号,36.07073669166666,136.2226641527778,100,
7565,公設消火栓,中消防署,福井市宝永３丁目３３番１２号,36.07080174166667,136.22398804999997,100,
7566,公設消火栓,中消防署,福井市宝永３丁目２７番１号,36.06977681388889,136.222635175,100,
7567,公設消火栓,中消防署,福井市宝永４丁目２０番１８号,36.07057960555556,136.2195964944444,100,
7568,公設消火栓,中消防署,福井市舟橋３丁目１１２番,36.10097058611112,136.23155065555554,100,
7569,公設消火栓,中消防署,福井市舟橋３丁目１０６番,36.10110955277778,136.23108770833332,100,
7570,公設消火栓,中消防署,福井市高木北２丁目１２０６番５号,36.10047769444445,136.23283350555556,100,
7571,公設消火栓,東消防署,福井市四ツ井１丁目１５番２１号　,36.06569693055555,136.23768113888892,100,
7572,公設消火栓,中消防署,福井市舟橋新１丁目８０３番,36.09881012777778,136.20961151944448,100,
7573,公設消火栓,中消防署,福井市舟橋町７番５４号１１,36.099465586111116,136.2274490361111,100,
7574,公設消火栓,中消防署,福井市舟橋町１１番１２号,36.10044056111111,136.2294638583333,100,
7575,公設消火栓,中消防署,福井市舟橋新１丁目２１０５番,36.10034003055556,136.21124230555557,100,
7576,公設消火栓,中消防署,福井市舟橋新１丁目１２０２番,36.099482125,136.2120511555555,150,
7577,公設消火栓,中消防署,福井市町屋１丁目７番１０号,36.07986003611111,136.23254827222223,100,
7578,公設消火栓,中消防署,福井市町屋１丁目１０番１８号,36.080642927777774,136.23224528055553,100,
7579,公設消火栓,中消防署,福井市町屋２丁目１２番１号,36.079296963888886,136.22978146944448,100,
7580,公設消火栓,中消防署,福井市町屋１丁目１２番１号,36.08035100555555,136.23309522777777,100,
7581,公設消火栓,中消防署,福井市町屋３丁目６番１６号,36.07770696388889,136.2258517861111,100,
7582,公設消火栓,北分署,福井市上野本町１丁目６０８番,36.11234340555555,136.23580436666666,250,
7583,公設防火水槽,中消防署,福井市文京１丁目３６番７号,36.07913475277777,136.22521278888885,,
7584,公設防火水槽,中消防署,福井市文京１丁目８番１号,36.07555396111111,136.219404475,,
7585,私設防火水槽,中消防署,福井市文京２丁目８番３０号,36.07907838888888,136.21593896666664,,
7586,私設防火水槽,中消防署,福井市文京４丁目３番１号,36.07460078333333,136.21069465555556,,
7587,私設防火水槽,中消防署,福井市文京３丁目９番１号,36.075422691666674,136.2112056083333,,
7588,私設防火水槽,中消防署,福井市文京３丁目９番１号,36.07701459166667,136.2142912027778,,
7589,私設防火水槽,中消防署,福井市文京３丁目９番１号,36.07588567777778,136.21254843333335,,
7590,私設防火水槽,中消防署,福井市文京３丁目９番１号,36.07707244444445,136.2102707861111,,
7591,公設消火栓,中消防署,福井市文京１丁目１７番,36.077562949999994,136.22524683333333,200,
7592,公設消火栓,西分署,福井市黒丸町１０番３６号,36.10312544166667,136.19184226388887,400,
7593,公設消火栓,西分署,福井市黒丸町,36.09615112777778,136.19954380833332,150,
7594,公設消火栓,西分署,福井市黒丸町,36.096712052777775,136.19857492499997,150,
7595,公設消火栓,西分署,福井市黒丸町１１番３４号,36.10240651666667,136.19202526666663,400,
7596,公設消火栓,西分署,福井市黒丸町,36.10054269166667,136.19401818333336,400,
7597,公設消火栓,西分署,福井市黒丸町１０番３２号,36.10343340833334,136.19058134444447,100,
7598,公設消火栓,西分署,福井市黒丸町３番３４号,36.1051112,136.18768152777778,100,
7599,公設防火水槽,北分署,福井市河合寄安町６０３番,36.120464988888884,136.24844978333334,,
7600,受水槽,北分署,福井市河合寄安町６０１番,36.12056698333333,136.2486107611111,,
7601,公設消火栓,北分署,福井市川合鷲塚町２５－１０－１,36.115020183333336,136.20407983055557,200,
7602,公設消火栓,北分署,福井市川合鷲塚町１８番３－３号,36.11658195277778,136.20245194444445,200,
7603,公設消火栓,北分署,福井市川合鷲塚町１７番６号,36.117067866666666,136.20132204166666,200,
7604,公設消火栓,北分署,福井市川合鷲塚町１１番４２号,36.117951738888884,136.2004551027778,150,
7605,公設消火栓,北分署,福井市川合鷲塚町１１番４２号,36.117790730555555,136.19919623611113,200,
7606,公設消火栓,北分署,福井市川合鷲塚町,36.11777967222223,136.1964525111111,200,
7607,公設消火栓,北分署,福井市川合鷲塚町４８番,36.11449641111111,136.21134508055556,150,
7608,公設消火栓,北分署,福井市川合鷲塚町４９番６－１,36.114385461111105,136.21288390555554,150,
7609,公設消火栓,北分署,福井市川合鷲塚町２１番１７号１７,36.11366036944444,136.20490679166667,100,
7610,公設消火栓,北分署,福井市川合鷲塚町３１番４号,36.119640611111116,136.20411566944443,100,
7611,公設消火栓,社分署,福井市渕２丁目２４０３番,36.04273244444444,136.19075525833333,100,
7612,公設消火栓,社分署,福井市渕１丁目２５０８番,36.03881394444444,136.19185528888892,100,
7613,公設消火栓,社分署,福井市渕１丁目２４０３番,36.03892696944444,136.1931551555556,100,
7614,公設消火栓,社分署,福井市渕１丁目１４０５番,36.04074983333333,136.19620976666667,100,
7615,公設消火栓,社分署,福井市渕１丁目１７０２番,36.03979093333333,136.195581875,100,
7616,公設消火栓,社分署,福井市渕１丁目８０５番,36.03966089444445,136.1936320777778,100,
7617,公設消火栓,社分署,福井市渕１丁目２００８番,36.039382938888885,136.19405704722223,200,
7618,公設消火栓,社分署,福井市渕１丁目２００８番,36.039157980555565,136.1945130111111,100,
7619,公設消火栓,社分署,福井市渕１丁目２２０８番,36.03886600277778,136.19403806944442,100,
7620,公設消火栓,社分署,福井市渕１丁目２２０８番,36.03835006944444,136.1941350833333,100,
7621,公設消火栓,社分署,福井市渕１丁目２２０８番,36.038141086111104,136.19386611666667,100,
7622,公設消火栓,西分署,福井市堀の宮１丁目２１５番,36.08086562222222,136.19748199999998,100,
7623,公設消火栓,西分署,福井市堀ノ宮１丁目３２５,36.08179950277777,136.1960692111111,200,
7624,公設消火栓,西分署,福井市堀の宮１丁目３１４番,36.0819494611111,136.19687818611112,100,
7625,公設消火栓,西分署,福井市堀の宮１丁目８０７番,36.08205248055556,136.19558625833332,100,
7626,公設消火栓,西分署,福井市堀の宮１丁目６０５番,36.081169572222215,136.19687810555553,100,
7627,公設消火栓,西分署,福井市堀の宮１丁目７１４番,36.08139456944445,136.1955971972222,150,
7628,公設消火栓,西分署,福井市堀の宮１丁目,36.080624686111115,136.19517515,100,
7629,公設消火栓,西分署,福井市堀ノ宮１丁目,36.08021371944444,136.19633904444441,100,
7630,公設消火栓,中消防署,福井市舟橋新１丁目１３０８番,36.09974308333334,136.21125428888888,100,
7631,公設消火栓,中消防署,福井市舟橋町９番３４号,36.09993757777778,136.22849894444445,100,
7632,公設消火栓,中消防署,福井市高木北２丁目１２１１番,36.100690672222214,136.23290450277776,150,
7633,公設消火栓,中消防署,福井市舟橋３丁目５２１番,36.101571588888895,136.23330148333335,100,
7634,公設消火栓,北分署,福井市栗森２丁目１３０８番,36.11827989722222,136.24083776111112,100,
7635,公設防火水槽,中消防署,福井市舟橋新１丁目地係,36.100434,136.21029945277778,,
7636,公設消火栓,北分署,福井市定正１丁目７０１番,36.11966423611111,136.22823616111114,100,
7637,公設消火栓,北分署,福井市石盛１丁目３０３番,36.11718753333333,136.2280531888889,100,
7638,公設消火栓,北分署,福井市石盛３丁目７１６番,36.11607888611111,136.2347225083333,100,
7639,公設消火栓,南消防署,福井市つくも２丁目５番８号,36.06167144722223,136.2087195222222,100,
7640,公設消火栓,社分署,福井市渕１丁目３２０２番,36.03800504722222,136.1920053055556,100,
7641,公設消火栓,社分署,福井市渕１丁目２８０３番２号,36.03808901944445,136.19137436388888,100,
7642,公設消火栓,社分署,福井市渕２丁目６０３番,36.03984680000001,136.19114132222222,200,
7643,公設消火栓,社分署,福井市渕２丁目１４０８番,36.04380723333334,136.1876185611111,100,
7644,公設消火栓,社分署,福井市渕２丁目１００６番,36.042665372222224,136.18781657499997,100,
7645,公設消火栓,社分署,福井市渕２丁目９１０番,36.04139052777777,136.18800559444443,100,
7646,公設消火栓,社分署,福井市渕２丁目８１６番,36.04018267499999,136.18819661111112,100,
7647,公設消火栓,社分署,福井市渕３丁目１０１７番,36.040071686111105,136.18804363055557,150,
7648,公設消火栓,社分署,福井市渕１丁目４２０１番,36.03941578888889,136.1889215638889,100,
7649,公設消火栓,中消防署,福井市文京３丁目１０番１１号,36.07755938055555,136.2102868,100,
7650,公設消火栓,西分署,福井市文京５丁目２０番３０号,36.07728932777777,136.20673730833332,150,
7651,公設消火栓,西分署,福井市文京６丁目２１番３１号,36.07656129722221,136.20083812222222,150,
7652,公設消火栓,西分署,福井市文京６丁目１１番３６号,36.075428458333334,136.20117100277778,150,
7653,公設消火栓,中消防署,福井市大宮１丁目４番１８号,36.081684349999996,136.22352880833336,100,
7654,公設消火栓,中消防署,福井市文京３丁目１５番１号,36.077909533333326,136.2159189722222,150,
7655,公設消火栓,西分署,福井市文京６丁目３０番１号,36.07718418611112,136.1995353527778,100,
7656,公設消火栓,西分署,福井市文京６丁目２９番１号,36.07742517777778,136.20061621111114,150,
7657,公設消火栓,西分署,福井市文京６丁目３６番１号,36.07836803888889,136.20019834166663,150,
7658,公設消火栓,西分署,福井市文京５丁目７番２８号,36.07549753611112,136.20530143055555,100,
7659,公設消火栓,西分署,福井市文京５丁目６番１２号,36.07553649722222,136.20374565,100,
7660,公設消火栓,西分署,福井市文京５丁目１４番７号,36.07656741111111,136.2060763722222,100,
7661,公設消火栓,西分署,福井市文京５丁目６番２６号,36.07612043333334,136.20442058611113,100,
7662,公設消火栓,西分署,福井市文京５丁目１５番１８号,36.075864438888885,136.20306576388887,100,
7663,公設消火栓,西分署,福井市文京６丁目１７番１２号,36.07577841944445,136.20154897222224,100,
7664,公設消火栓,西分署,福井市文京６丁目１１番１号,36.075131491666674,136.2008850222222,100,
7665,公設消火栓,西分署,福井市文京６丁目１３番１号,36.0750564611111,136.19896928055556,100,
7666,公設消火栓,西分署,福井市文京７丁目７番１号,36.07495343888888,136.19667456666667,100,
7667,公設消火栓,西分署,福井市文京７丁目３番２０号,36.07485646944445,136.19454374166665,100,
7668,公設消火栓,北分署,福井市川合鷲塚町３２番７号,36.12025954444445,136.2045546,100,
7669,公設消火栓,北分署,福井市川合鷲塚町３４番４６号,36.12124048333334,136.2071732916667,100,
7670,公設消火栓,北分署,福井市川合鷲塚町３５番８２号,36.12086550833334,136.20624540277777,100,
7671,公設消火栓,北分署,福井市川合鷲塚町３５番４２号,36.12056758611111,136.208115225,100,
7672,公設消火栓,北分署,福井市川合鷲塚町３２番３５号,36.12028156944444,136.2058044722222,100,
7673,公設消火栓,北分署,福井市川合鷲塚町３５番６２号１,36.12006562777777,136.2071313444444,100,
7674,公設消火栓,北分署,福井市川合鷲塚町３２番１３号,36.11977661666667,136.20515355833334,100,
7675,公設消火栓,北分署,福井市川合鷲塚町３６番１号,36.11950968333334,136.206559425,150,
7676,公設消火栓,清水分署,福井市上天下町１８番５５号,36.03625254722222,136.1386672638889,150,
7677,公設消火栓,清水分署,福井市上天下町３番５１号,36.03748239722223,136.1400130944444,150,
7678,公設消火栓,清水分署,福井市下天下町１０番３９号,36.03969613055556,136.1420548388889,150,
7679,公設防火水槽,清水分署,福井市上天下町２番５８号,36.03871323888889,136.13949713333335,,
7680,公設防火水槽,清水分署,福井市上天下町,36.036449516666664,136.13779935833333,,
7681,公設防火水槽,清水分署,福井市上天下町７番９号,36.03781534166667,136.1378773277778,,
7682,公設防火水槽,清水分署,福井市上天下町３９番２号,36.03247998888889,136.1318951416667,,
7683,公設防火水槽,清水分署,福井市上天下町１９番３号,36.036090558333335,136.1367334888889,,
7684,受水槽,清水分署,福井市上天下町１番１号,36.03261391666666,136.1264347666667,,
7685,公設消火栓,足羽分遣所,福井市上東郷町１７番１１号,36.01181926666667,136.26044015555559,100,
7686,公設消火栓,足羽分遣所,福井市上東郷町１７番２２号,36.01180525,136.2596682388889,100,
7687,公設消火栓,西分署,福井市堀ノ宮１丁目６０８番,36.08002476388889,136.19551407500003,150,
7688,公設消火栓,西分署,福井市堀ノ宮１丁目５２５番,36.07966078888889,136.1967829611111,100,
7689,公設消火栓,西分署,福井市堀ノ宮１丁目１２８番,36.07989975833334,136.19742791111108,100,
7690,公設消火栓,西分署,福井市堀の宮町１３番６０６号,36.08223843333334,136.19774709166668,400,
7691,公設消火栓,西分署,福井市堀ノ宮町,36.083179297222216,136.19769119444445,400,
7692,公設消火栓,西分署,福井市八ツ島町,36.08413015833333,136.1976442972222,400,
7693,公設防火水槽,西安居分遣所,福井市細坂町２５番４０号１,36.05684408333334,136.14687945555553,,
7694,その他,西安居分遣所,福井市細坂町地係,36.05776099722223,136.14845129999998,,
7695,公設消火栓,麻生津分遣所,福井市帆谷町２０番１号,36.002031233333334,136.23365574444443,150,
7696,公設消火栓,麻生津分遣所,福井市帆谷町２１番４１号,36.00139531111112,136.23315076944445,100,
7697,公設消火栓,麻生津分遣所,福井市帆谷町１９番１５号,36.00117535555556,136.23401471944442,75,
7698,公設消火栓,麻生津分遣所,福井市帆谷町２３番４号,35.99980951944444,136.23244080555554,75,
7699,公設消火栓,麻生津分遣所,福井市帆谷町,36.00741443888889,136.2323988111111,150,
7700,公設消火栓,麻生津分遣所,福井市冬野町２８番８０号（青葉台）,36.00906154444444,136.18767394166667,150,
7701,公設消火栓,麻生津分遣所,福井市冬野町２６番１１３号（青葉台）,36.00969241944444,136.18752190833337,150,
7702,公設消火栓,麻生津分遣所,福井市冬野町２６番９４号（青葉台）,36.008742597222216,136.18757797222221,100,
7703,公設消火栓,麻生津分遣所,福井市冬野町５番２７号（青葉台）,36.00788780277777,136.18855295000003,150,
7704,公設消火栓,麻生津分遣所,福井市冬野町５番３９号（青葉台）,36.00902860277777,136.18866386111114,100,
7705,公設消火栓,社分署,福井市渕２丁目３９０２番,36.03800798888889,136.1900604972222,100,
7706,公設消火栓,社分署,福井市渕４丁目６０６番,36.04669286666666,136.1866436166667,250,
7707,公設消火栓,社分署,福井市渕４丁目２０７番,36.04679583611111,136.18594669722222,100,
7708,公設消火栓,社分署,福井市渕４丁目６０６番,36.046565847222226,136.1851987861111,250,
7709,公設消火栓,社分署,福井市渕４丁目９０１番地,36.04489303333334,136.18486483333334,100,
7710,公設消火栓,社分署,福井市渕４丁目１４０３,36.044299088888884,136.18423591944446,150,
7711,公設消火栓,社分署,福井市渕３丁目２０１番,36.043774180555545,136.18544679722226,100,
7712,公設消火栓,社分署,福井市渕３丁目１２１番,36.04311026388889,136.18569378888887,100,
7713,公設消火栓,社分署,福井市渕３丁目３２０番,36.04325428333334,136.18703563888886,100,
7714,公設消火栓,社分署,福井市渕３丁目３１５番,36.04247133333333,136.1854828277778,150,
7715,公設消火栓,南消防署,福井市引目町,36.028259538888896,136.2004600388889,200,
7716,公設消火栓,麻生津分遣所,福井市帆谷町２８番２号１２４,36.00718448611111,136.2331567722222,100,
7717,公設消火栓,麻生津分遣所,福井市帆谷町２８番５号８７,36.00670757222222,136.23392073333335,150,
7718,公設消火栓,麻生津分遣所,福井市帆谷町２８番２号１６４,36.006589605555554,136.23476069166668,100,
7719,公設消火栓,麻生津分遣所,福井市帆谷町２８番２号１６０,36.00604968333334,136.2347966888889,100,
7720,公設消火栓,麻生津分遣所,福井市帆谷町２８番２号１４１,36.00574171666667,136.23421571944445,150,
7721,公設消火栓,麻生津分遣所,福井市帆谷町２８番２号８２,36.00602966666666,136.23378374166663,100,
7722,公設消火栓,麻生津分遣所,福井市帆谷町２８番２号６５,36.00617563611112,136.2333777611111,100,
7723,公設消火栓,麻生津分遣所,福井市帆谷町２８番２号５２,36.00642759166666,136.23297478333336,100,
7724,公設消火栓,中消防署,福井市文京２丁目１２番２６号,36.078931547222226,136.21996834444445,100,
7725,公設消火栓,中消防署,福井市町屋３丁目６番７号,36.07724499444445,136.22532883055553,100,
7726,公設消火栓,中消防署,福井市文京３丁目２９番,36.08021718611111,136.2141392527778,100,
7727,公設消火栓,中消防署,福井市文京３丁目２６番２９号,36.08010910555556,136.21138969444442,100,
7728,公設消火栓,中消防署,福井市文京４丁目６番１６号,36.07574561111112,136.21006677499997,100,
7729,公設消火栓,中消防署,福井市文京４丁目８番１２号,36.07610653611112,136.20906992777773,100,
7730,公設消火栓,東消防署,福井市勝見３丁目６番２５号,36.0530102,136.23143995555557,100,
7731,公設消火栓,東消防署,福井市勝見１丁目１番２９号,36.057212533333335,136.2261681666667,150,
7732,公設消火栓,東消防署,福井市勝見１丁目４番１１号,36.05620665,136.22591521944443,150,
7733,公設消火栓,東消防署,福井市勝見１丁目９番１０号,36.05557570833333,136.22519029444445,150,
7734,公設消火栓,東消防署,福井市勝見１丁目４番２０号,36.05577073055556,136.22679916944446,100,
7735,公設消火栓,東消防署,福井市勝見１丁目１番１４号,36.05658963888889,136.22711811666667,100,
7736,公設消火栓,東消防署,福井市勝見２丁目７番２４号,36.056181724999995,136.2283020472222,100,
7737,公設消火栓,東消防署,福井市勝見２丁目８番８号,36.055850791666664,136.22913999722223,100,
7738,公設消火栓,東消防署,福井市勝見２丁目９番７号,36.05539585277778,136.22931500277778,100,
7739,公設消火栓,東消防署,福井市勝見２丁目１１番６号,36.05582881388888,136.22984894722222,100,
7740,公設消火栓,東消防署,福井市勝見２丁目１３番７号,36.055259891666665,136.23015395000002,100,
7741,公設消火栓,東消防署,福井市勝見２丁目１３番１９号,36.054332019444445,136.23062695555558,100,
7742,公設消火栓,東消防署,福井市勝見３丁目６番２９号,36.05334915277778,136.23113796111113,100,
7743,公設消火栓,足羽分遣所,福井市上東郷町８番１８号,36.01170224999999,136.25862132222224,150,
7744,公設消火栓,足羽分遣所,福井市上東郷町９番２５号,36.01309604444444,136.25861828055557,150,
7745,公設消火栓,足羽分遣所,福井市上東郷町１６番１６号,36.012513141666666,136.25934324166667,100,
7746,公設消火栓,足羽分遣所,福井市上東郷町２２番２１号,36.012441175,136.2604041388889,100,
7747,公設消火栓,足羽分遣所,福井市上東郷町２０番５号,36.01246319166666,136.26132903888887,100,
7748,公設消火栓,足羽分遣所,福井市上東郷町２１番１４号,36.01188528333333,136.2616490222222,100,
7749,公設消火栓,足羽分遣所,福井市上東郷町１２番４号,36.01509575000001,136.25863521944447,150,
7750,公設消火栓,東分署,福井市上中町２９番１３号,36.08479481666667,136.27057341944445,200,
7751,公設消火栓,東分署,福井市上中町２８番１０号,36.08333898055557,136.27092842777776,200,
7752,公設消火栓,清水分署,福井市グリーンハイツ１丁目１５８番,36.045598500000004,136.15922488611113,100,
7753,公設消火栓,清水分署,福井市グリーンハイツ１丁目１２８番,36.04545351111112,136.1581860027778,150,
7754,公設消火栓,清水分署,福井市グリーンハイツ１丁目１５６番,36.045259538888885,136.15903190555557,150,
7755,公設消火栓,清水分署,福井市グリーンハイツ１丁目２０７番,36.045017583333326,136.16061071944443,150,
7756,公設消火栓,清水分署,福井市グリーンハイツ１丁目２００番,36.044820622222225,136.16171958611113,150,
7757,公設消火栓,清水分署,福井市グリーンハイツ２丁目１４６番,36.04439266944445,136.16172458611112,150,
7758,公設消火栓,清水分署,福井市グリーンハイツ２丁目１５１番,36.044547641666675,136.160961675,150,
7759,公設消火栓,清水分署,福井市グリーンハイツ２丁目１５５番,36.04455962777778,136.16025276111108,100,
7760,公設消火栓,清水分署,福井市グリーンハイツ２丁目１３４番,36.044745605555555,136.1600587833333,150,
7761,公設消火栓,清水分署,福井市グリーンハイツ２丁目１２９番,36.04489557777777,136.15914688888893,150,
7762,公設消火栓,麻生津分遣所,福井市冬野町１９番２５号,36.00748468611111,136.1846863111111,150,
7763,公設消火栓,麻生津分遣所,福井市冬野町地係,36.00717471666666,136.1827695111111,150,
7764,公設防火水槽,麻生津分遣所,福井市冬野町４番２１号（青葉台）,36.01024939722222,136.18894675277775,,
7765,公設消火栓,北分署,福井市古市１丁目７番３号,36.10409,136.2254384027778,150,
7766,公設消火栓,北分署,福井市古市３丁目６０３番,36.104570019444445,136.2274851833333,100,
7767,公設消火栓,北分署,福井市古市３丁目４０１番,36.10586483611111,136.22656530277777,100,
7768,公設消火栓,北分署,福井市古市１丁目４番９号,36.1059088,136.22575439444446,150,
7769,公設消火栓,北分署,福井市古市２丁目４番５号,36.10652873888888,136.22605436944443,150,
7770,公設消火栓,北分署,福井市古市２丁目４番１７号,36.10731766388889,136.22649633055553,150,
7771,公設消火栓,中消防署,福井市舟橋町６１番６号,36.10008269722223,136.23178760555552,100,
7772,公設消火栓,麻生津分遣所,福井市冬野町１９番３３号,36.00854650277777,136.18503719999998,100,
7773,公設消火栓,麻生津分遣所,福井市冬野町１９番２７号,36.00902048888889,136.18647504166668,150,
7774,公設消火栓,麻生津分遣所,福井市冬野町２６番９７号（青葉台）,36.00834971111111,136.1884119277778,100,
7775,公設消火栓,社分署,福井市福１丁目５２２番,36.04718493888889,136.1921739611111,100,
7776,公設消火栓,社分署,福井市福２丁目４１９番,36.05021256388889,136.19210488611108,100,
7777,公設消火栓,社分署,福井市福２丁目７４番２３号,36.049817624999996,136.192665825,100,
7778,公設消火栓,社分署,福井市福２丁目６１１番,36.04918468888889,136.19202092500004,100,
7779,公設消火栓,麻生津分遣所,福井市帆谷町２８番２号４５,36.00535574722222,136.23301978055557,100,
7780,公設消火栓,麻生津分遣所,福井市帆谷町２８番２号２９,36.005899658333334,136.23249280833335,100,
7781,公設消火栓,麻生津分遣所,福井市帆谷町１６番１５号２,36.003569980555554,136.23185484444446,100,
7782,公設消火栓,麻生津分遣所,福井市帆谷町４番,36.00681951388888,136.23199383055558,150,
7783,公設消火栓,麻生津分遣所,福井市帆谷町２８番２号,36.005394724999995,136.23219582222222,150,
7784,その他,中消防署,福井市宝永３丁目,36.06840206666667,136.22450404999998,,
7785,公設消火栓,麻生津分遣所,福井市鉾ヶ崎町２７番１０号,36.00387439166666,136.210714225,150,
7786,公設消火栓,麻生津分遣所,福井市鉾ケ崎町２０番１５号,36.00176775833333,136.21232115833334,150,
7787,公設消火栓,麻生津分遣所,福井市鉾ケ崎町２０番３７号,36.00262059166667,136.21111623055555,150,
7788,公設消火栓,麻生津分遣所,福井市鉾ケ崎町２２番１号,36.00272154444444,136.2101333027778,150,
7789,公設消火栓,麻生津分遣所,福井市鉾ヶ崎町２０番７号,36.001508772222216,136.21149623055555,100,
7790,公設消火栓,麻生津分遣所,福井市鉾ケ崎町２１番３号,36.00502223055556,136.21107816388889,150,
7791,公設消火栓,麻生津分遣所,福井市冬野町１番１２号（青葉台）,36.00826979166666,136.18968282777777,100,
7792,公設消火栓,麻生津分遣所,福井市冬野町２５番１２０号（青葉台）,36.00908665277778,136.18983275833332,150,
7793,公設消火栓,麻生津分遣所,福井市冬野町２５番７２号（青葉台）,36.00967754166667,136.18967873333332,150,
7794,公設消火栓,麻生津分遣所,福井市冬野町２５番５８号（青葉台）,36.009777561111115,136.19037166944446,150,
7795,公設消火栓,麻生津分遣所,福井市冬野町２５番４５号（青葉台）,36.010326452777775,136.19014465,100,
7796,公設消火栓,麻生津分遣所,福井市冬野町２５番４１号（青葉台）,36.01044346944445,136.19081258888886,150,
7797,公設消火栓,東消防署,福井市勝見３丁目７番４号,36.052801241666664,136.23197693055553,100,
7798,公設消火栓,東消防署,福井市勝見３丁目７番３３号,36.05237228611111,136.2316789722222,100,
7799,公設消火栓,東消防署,福井市勝見３丁目８番１号,36.05197934444444,136.2320629666667,100,
7800,公設消火栓,東消防署,福井市勝見２丁目４番１５号,36.055417775,136.2267631861111,100,
7801,公設消火栓,東消防署,福井市勝見２丁目３番７号,36.05582575,136.2276991027778,100,
7802,公設消火栓,東消防署,福井市勝見３丁目１６番１号,36.05546792500001,136.2320568027778,100,
7803,私設防火水槽,社分署,福井市久喜津町５３－３９パワーセンターワッセ内,36.054505758333335,136.17558398611112,,
7804,私設防火水槽,社分署,福井市久喜津町５５－１パワーセンターワッセ内,36.05382482777778,136.17524501666665,,
7805,公設消火栓,川西分署,福井市串野町２番６５号,36.13961502777778,136.13352858333332,350,
7806,公設消火栓,川西分署,福井市串野町６番３号,36.14025194722223,136.1323995833333,100,
7807,公設消火栓,川西分署,福井市串野町１番３０号,36.14080191111111,136.13399938611113,100,
7808,公設消火栓,川西分署,福井市串野町９番１１号,36.14022996111112,136.1333335138889,100,
7809,公設消火栓,川西分署,福井市串野町２０番２２号,36.14084286666666,136.13082663055553,100,
7810,公設消火栓,国見分遣所,福井市国見町１０３－１０,36.096467383333334,136.07441974444444,100,
7811,公設消火栓,国見分遣所,福井市国見町６９番５号,36.09589746666666,136.07351180555557,100,
7812,公設消火栓,国見分遣所,福井市国見町常森６９番５号,36.09624243888889,136.07338379722225,100,
7813,公設消火栓,国見分遣所,福井市国見町６７番１２号　,36.096239466666674,136.07256483333333,100,
7814,公設消火栓,国見分遣所,福井市国見町６３番３号,36.09610051666666,136.07060895555557,100,
7815,公設消火栓,清水分署,福井市グリーンハイツ２丁目１０８番,36.04495956944444,136.15854195833336,150,
7816,公設消火栓,清水分署,福井市グリーンハイツ２丁目１０８番,36.044775586111115,136.15783603611112,150,
7817,公設消火栓,清水分署,福井市グリーンハイツ２丁目１０７番,36.04529852499999,136.1572591055556,150,
7818,公設消火栓,清水分署,福井市グリーンハイツ２丁目１０７番,36.04488456944445,136.15706712222226,150,
7819,公設消火栓,清水分署,福井市グリーンハイツ２丁目１０７番,36.04526252222222,136.15638620277775,150,
7820,公設消火栓,清水分署,福井市グリーンハイツ２丁目１０７番,36.04553149166667,136.15607824166668,75,
7821,公設消火栓,清水分署,福井市グリーンハイツ３丁目１１６番,36.04515058888889,136.16194956111113,150,
7822,公設消火栓,清水分署,福井市グリーンハイツ３丁目１３５番,36.045345588888885,136.1633553972222,100,
7823,公設消火栓,清水分署,福井市グリーンハイツ３丁目１７０番,36.045512591666665,136.164821225,100,
7824,公設消火栓,清水分署,福井市グリーンハイツ３丁目１８７番,36.04550660555555,136.16571611944443,150,
7825,公設消火栓,臨海消防署,福井市川尻町４０番１２６号１,36.14953680833333,136.09627458333335,150,
7826,公設消火栓,臨海消防署,福井市川尻町４０番１２６号１,36.148953911111114,136.09484371388888,150,
7827,公設消火栓,臨海消防署,福井市川尻町４０番１２６号１,36.14837401388889,136.09338284444445,150,
7828,公設消火栓,臨海消防署,福井市川尻町４０番１２６号１,36.14829304166667,136.0926438972222,150,
7829,公設消火栓,臨海消防署,福井市川尻町４０番１２６号１,36.150173805555546,136.09306575555556,200,
7830,公設消火栓,臨海消防署,福井市川尻町４０番１２６号１,36.150989688888885,136.0939296472222,200,
7831,公設消火栓,臨海消防署,福井市川尻町４０番１２６号１,36.15191156111111,136.09485752499998,150,
7832,公設消火栓,臨海消防署,福井市川尻町,36.15277543888888,136.0957434083333,150,
7833,公設消火栓,社分署,福井市福２丁目６０４番,36.04898973611111,136.19300980833333,100,
7834,公設消火栓,社分署,福井市福１丁目９０７番,36.04737086388889,136.1899882138889,100,
7835,公設消火栓,社分署,福井市福１丁目１８０３番,36.047695822222224,136.18988021944443,150,
7836,公設消火栓,社分署,福井市福１丁目７０５番,36.047998794444446,136.1902801666667,100,
7837,公設消火栓,社分署,福井市福１丁目９０１番,36.04741488055556,136.19092110277782,100,
7838,公設消火栓,社分署,福井市福１丁目２００７番,36.04779878333334,136.18877735,100,
7839,公設消火栓,社分署,福井市福１丁目２７０５番,36.04747878333334,136.18705556111112,400,
7840,公設消火栓,社分署,福井市福２丁目,36.05034552777778,136.19110200833336,100,
7841,公設消火栓,社分署,福井市福１丁目１２１８番,36.046670936111106,136.18944129166667,100,
7842,公設防火水槽,社分署,福井市福２丁目８００番,36.04855676388889,136.19191595277775,,
7843,公設消火栓,社分署,福井市福２丁目１３１１番,36.05020349722223,136.18891029166664,150,
7844,公設消火栓,社分署,福井市福２丁目１３１１番,36.049667561111114,136.18890729999998,100,
7845,公設消火栓,社分署,福井市福１丁目２２１６番,36.04912362222222,136.18872433333334,150,
7846,公設消火栓,社分署,福井市福１丁目２１０１番,36.04837573611111,136.1897412222222,150,
7847,公設消火栓,社分署,福井市福１丁目２９０３番,36.04948155277777,136.18748048333336,100,
7848,公設消火栓,社分署,福井市福２丁目１５０１番,36.051006433333335,136.19053506666665,100,
7849,公設消火栓,東消防署,福井市日之出４丁目１番６号,36.06225306666666,136.23073263611113,100,
7850,公設消火栓,東消防署,福井市日之出２丁目１,36.061433969444444,136.22512110277776,100,
7851,公設消火栓,東消防署,福井市日之出１丁目２番７号,36.0626588,136.22468811944444,100,
7852,公設消火栓,麻生津分遣所,福井市冬野町４番５号（青葉台）,36.010992327777785,136.19004761388888,150,
7853,公設消火栓,麻生津分遣所,福井市冬野町２５番１８号（青葉台）,36.01090731388889,136.1895486583333,100,
7854,公設消火栓,麻生津分遣所,福井市冬野町３番２号（青葉台）,36.01137821388888,136.1892396527778,150,
7855,公設消火栓,麻生津分遣所,福井市冬野町２６番１３６号（青葉台）,36.01216706666667,136.188484675,100,
7856,公設消火栓,麻生津分遣所,福井市冬野町２６番１３８号２（青葉台）,36.01166910555555,136.1880817277778,150,
7857,公設消火栓,麻生津分遣所,福井市冬野町２６番１８号（青葉台）,36.01119419166666,136.18829473888889,100,
7858,公設消火栓,麻生津分遣所,福井市冬野町２６番３６号（青葉台）,36.01062428333334,136.18809879444441,150,
7859,公設消火栓,麻生津分遣所,福井市冬野町４番２２号（青葉台）,36.01019841944445,136.1891447388889,150,
7860,公設消火栓,中消防署,福井市舟橋新２丁目９２２番,36.097619108333326,136.20445115000004,100,
7861,公設消火栓,中消防署,福井市舟橋新２丁目５１４番,36.09741711388889,136.20391721944446,200,
7862,公設消火栓,中消防署,福井市舟橋新２丁目９３８番,36.097350097222225,136.20300833611108,100,
7863,公設消火栓,中消防署,福井市舟橋新２丁目１２６番,36.09827412222223,136.20746977500002,200,
7864,公設消火栓,中消防署,福井市舟橋新２丁目１１１７番,36.09797612222222,136.2063459111111,100,
7865,公設消火栓,中消防署,福井市舟橋新１丁目１０６番,36.09857020555555,136.21192415,100,
7866,公設消火栓,社分署,福井市福１丁目２８０１番,36.048478675,136.1875324888889,100,
7867,公設消火栓,社分署,福井市福１丁目２５０２番,36.04841469722223,136.18819641111108,100,
7868,公設消火栓,社分署,福井市福２丁目９０６番,36.048414744444436,136.1902711583333,100,
7869,公設消火栓,社分署,福井市福１丁目８０１番,36.04837576666667,136.19105706388888,150,
7870,公設防火水槽,東消防署,福井市上北野１丁目２２番４６号,36.06183783611111,136.24998355833335,,
7871,公設防火水槽,東消防署,福井市上北野１丁目３０番,36.06110096388889,136.25138649166666,,
7872,公設防火水槽,東消防署,福井市上北野２丁目４番１９号,36.05937898888888,136.24765877500002,,
7873,公設消火栓,麻生津分遣所,福井市上河北町２０番２３号,36.01630815555555,136.23230771944444,150,
7874,公設消火栓,麻生津分遣所,福井市上河北町２１番１８号,36.016152138888884,136.23057179444444,150,
7875,公設消火栓,麻生津分遣所,福井市上河北町１５番４３号,36.01727006666666,136.2345306111111,100,
7876,公設消火栓,麻生津分遣所,福井市上河北町２６番３２号,36.01630418333333,136.2336346638889,100,
7877,公設消火栓,麻生津分遣所,福井市上河北町１９番２７号,36.01632320555556,136.23474361944446,100,
7878,公設消火栓,麻生津分遣所,福井市上河北町１８番３５号,36.016241255555556,136.23676956111112,100,
7879,公設消火栓,麻生津分遣所,福井市上河北町１５番３号,36.01738401666667,136.23309666666668,150,
7880,公設消火栓,麻生津分遣所,福井市上河北町２４番５号,36.014937313888886,136.23060281666667,150,
7881,公設消火栓,麻生津分遣所,福井市上河北町２２番１９号２,36.0162890888889,136.2292218472222,100,
7882,公設消火栓,麻生津分遣所,福井市上河北町１６番１２号,36.01721811111111,136.23655455555553,100,
7883,公設消火栓,麻生津分遣所,福井市上河北町３番２１号１,36.01939172777777,136.23307363055557,150,
7884,公設消火栓,麻生津分遣所,福井市上河北町１番１４号,36.01942661388889,136.22819982222222,150,
7885,公設消火栓,麻生津分遣所,福井市上河北町１８番２６号,36.016215277777775,136.23781753055556,100,
7886,公設消火栓,麻生津分遣所,福井市上河北町１０番９号１,36.01938964166667,136.22923578055557,150,
7887,公設消火栓,南消防署,福井市上莇生田町地係（上河北町３－２１－１セーレン電子（株）北側）,36.02092550833333,136.23307357222222,150,
7888,公設消火栓,社分署,福井市狐橋２丁目８１１番,36.0589633,136.17842571944445,150,
7889,公設消火栓,社分署,福井市狐橋２丁目,36.05945225,136.1789646638889,100,
7890,公設消火栓,社分署,福井市狐橋２丁目５０５番,36.05994119444445,136.17895867222222,150,
7891,公設消火栓,社分署,福井市狐橋２丁目５１０番,36.060049175,136.17840074166668,100,
7892,公設消火栓,社分署,福井市狐橋２丁目６０２番,36.06061911666667,136.1788616972222,100,
7893,公設消火栓,社分署,福井市狐橋１丁目９番１号,36.05770543611111,136.17812273055554,150,
7894,公設消火栓,足羽分遣所,福井市城戸ノ内町５番３２号,36.00675439166667,136.29972747500003,150,
7895,公設消火栓,足羽分遣所,福井市城戸ノ内町６番２７号,36.005521525,136.30001644166666,150,
7896,公設消火栓,足羽分遣所,福井市城戸ノ内町８番８号,36.00450961944445,136.2999084611111,100,
7897,公設消火栓,足羽分遣所,福井市城戸ノ内町１０番１号,36.004698527777784,136.29843666111114,100,
7898,公設消火栓,足羽分遣所,福井市城戸ノ内町８番２号,36.00425457222222,136.29848065555555,150,
7899,公設消火栓,足羽分遣所,福井市城戸ノ内町９番１１号,36.00302369166667,136.29836367777776,200,
7900,公設消火栓,足羽分遣所,福井市城戸ノ内町１４番２０号,36.00196274166667,136.29746979722222,200,
7901,公設消火栓,足羽分遣所,福井市城戸ノ内町２０番１３号,36.00106879166667,136.2967339,200,
7902,公設消火栓,足羽分遣所,福井市城戸ノ内町２１番１８号,36.00012683611111,136.29559806388886,200,
7903,公設消火栓,南消防署,福井市下荒井町８番２０３号,36.026675911111106,136.20442383333335,100,
7904,公設消火栓,南消防署,福井市下荒井町５番３１９号,36.02717682777778,136.20394884444443,200,
7905,公設消火栓,南消防署,福井市下荒井町８番２２０号,36.027034808333326,136.20305691111108,200,
7906,公設消火栓,南消防署,福井市下荒井町１１番１０３号,36.026851775000004,136.2016960138889,100,
7907,公設消火栓,東消防署,福井市城東１丁目４番３号,36.060498263888896,136.23031271944444,100,
7908,公設消火栓,東消防署,福井市城東１丁目２番１号,36.06043433333333,136.23215357499998,100,
7909,公設消火栓,東消防署,福井市城東１丁目１４番３５号,36.06039538055555,136.23339847777777,100,
7910,公設防火水槽,中消防署,福井市順化２丁目２２番１４号,36.06707690555555,136.2147220361111,,
7911,公設防火水槽,中消防署,福井市順化１丁目６番１号,36.06331339999999,136.21465301111115,,
7912,公設消火栓,東消防署,福井市下中町４８番８０号,36.07800273055555,136.25860466944442,300,
7913,公設消火栓,東消防署,福井市下中町５番９１号,36.07675882777778,136.25826872222223,300,
7914,公設消火栓,東消防署,福井市下中町,36.075210950000006,136.2578527833333,300,
7915,公設消火栓,東消防署,福井市下中町５番１５３号,36.07462308055556,136.2592576888889,300,
7916,公設消火栓,東消防署,福井市下中町１番３号,36.07350618888889,136.25934370555552,250,
7917,公設消火栓,東消防署,福井市下中町３番４号,36.075463741666674,136.2545190388889,150,
7918,公設防火水槽,東消防署,福井市下中町,36.076630949999995,136.26017956666666,,
7919,河川,東消防署,福井市下中町５－１８１,36.07649997222223,136.26032955833335,,
7920,公設消火栓,足羽分遣所,福井市下毘沙門町３０番１号,36.02102609722222,136.26796208333334,100,
7921,公設消火栓,足羽分遣所,福井市下毘沙門町３０番４号,36.02117010555555,136.26906996944447,100,
7922,公設消火栓,足羽分遣所,福井市下毘沙門町２３番１２号,36.02109817222222,136.27115576944442,100,
7923,公設消火栓,足羽分遣所,福井市下毘沙門町２３番７号１,36.02138410555556,136.27025584444442,100,
7924,公設消火栓,足羽分遣所,福井市下毘沙門町１９番２号,36.02118301666667,136.26575528888893,150,
7925,公設消火栓,足羽分遣所,福井市下毘沙門町地係,36.02482858888889,136.26984774444446,150,
7926,公設防火水槽,越廼分署,福井市茱崎町３１番６号,36.04485985833333,136.01259587777778,,
7927,公設防火水槽,越廼分署,福井市茱崎町２番２５号,36.03941037222222,136.0139361111111,,
7928,公設防火水槽,越廼分署,福井市茱崎町１３番２３号,36.0429070361111,136.01214703611112,,
7929,プール,越廼分署,福井市茱崎町３番２５号　越廼小学校,36.04010730555556,136.01348010277778,,
7930,その他,越廼分署,福井市茱崎町　茱崎漁港,36.04245406944444,136.01119713888892,,
7931,公設消火栓,清水分署,福井市グリーンハイツ２丁目地係,36.04635340555555,136.15712013055557,250,
7932,公設消火栓,清水分署,福井市グリーンハイツ１丁目１６７番,36.04615043888889,136.1590499111111,100,
7933,公設消火栓,清水分署,福井市グリーンハイツ１丁目１７３番,36.04620044722222,136.16027476944444,100,
7934,公設消火栓,清水分署,福井市グリーンハイツ１丁目１３２番,36.045806466666676,136.15745008888888,100,
7935,公設消火栓,清水分署,福井市グリーンハイツ１丁目１２８番,36.04574848055555,136.158449975,150,
7936,公設消火栓,清水分署,福井市グリーンハイツ１丁目１７９番,36.04581247777778,136.15946986111115,150,
7937,公設消火栓,清水分署,福井市グリーンハイツ１丁目１８３番,36.04569250555556,136.1605087361111,150,
7938,公設消火栓,清水分署,福井市グリーンハイツ１丁目２６番,36.04523756944445,136.16127464166667,150,
7939,公設消火栓,清水分署,福井市グリーンハイツ１丁目１４７番,36.04541253055556,136.1601087833333,100,
7940,公設消火栓,北分署,福井市川合鷲塚町３９番１号,36.11485726111111,136.2067595611111,150,
7941,公設消火栓,北分署,福井市川合鷲塚町４０番１０号,36.11466833611111,136.20907933055554,150,
7942,公設防火水槽,北分署,福井市川合鷲塚町３２番１３号,36.11987060277778,136.20500656944446,,
7943,公設防火水槽,北分署,福井市川合鷲塚町１５番３号,36.11936561388888,136.20269582500003,,
7944,公設防火水槽,北分署,福井市川合鷲塚町１６番５０号,36.11975651666666,136.20057002777776,,
7945,公設消火栓,西分署,福井市黒丸町地係,36.097700933333336,136.19730806111113,150,
7946,公設消火栓,西分署,福井市黒丸町１０番２０号,36.10390034722222,136.19153927222223,100,
7947,公設消火栓,西分署,福井市黒丸町９番３７号,36.102881475,136.19056935555554,100,
7948,公設防火水槽,西分署,福井市黒丸町１０番３２号,36.103472405555564,136.19063334166668,,
7949,公設消火栓,越廼分署,福井市茱崎町２番８号,36.03945136666667,136.01361313333334,75,
7950,公設消火栓,越廼分署,福井市茱崎町,36.040035313888886,136.0138660777778,75,
7951,公設消火栓,越廼分署,福井市茱崎町２番２５号,36.03983532777777,136.01263818611113,150,
7952,公設消火栓,越廼分署,福井市茱崎町１番６号,36.04042127222222,136.0125751555556,150,
7953,公設消火栓,越廼分署,福井市茱崎町１３番８２号,36.04062125,136.012144175,75,
7954,公設消火栓,越廼分署,福井市茱崎町１３番７９号,36.040910225000005,136.01251912777778,150,
7955,公設消火栓,越廼分署,福井市茱崎町１２番２９号,36.04155416666666,136.01245509444445,150,
7956,公設消火栓,越廼分署,福井市茱崎町１３番２３号,36.04284004166667,136.0122000361111,75,
7957,公設消火栓,越廼分署,福井市茱崎町１３番１号,36.042504077777785,136.01254102777781,150,
7958,公設消火栓,越廼分署,福井市茱崎町１４番８号,36.04302903055556,136.01267698611113,100,
7959,公設消火栓,越廼分署,福井市茱崎町２番１４号,36.03937336944445,136.01285019722224,150,
7960,公設消火栓,越廼分署,福井市茱崎町３８番,36.04514781944444,136.0113799583333,75,
7961,公設消火栓,越廼分署,福井市茱崎町４５番,36.04433489722222,136.0116549861111,75,
7962,公設消火栓,越廼分署,福井市茱崎町４５番,36.043536969444446,136.01145205277774,75,
7963,公設消火栓,越廼分署,福井市茱崎町３８番５８号,36.04531782222223,136.01274683611112,75,
7964,公設消火栓,南消防署,福井市下荒井町１３番２４０号,36.02629088333334,136.2025299777778,100,
7965,公設消火栓,南消防署,福井市下荒井町１３番１０１号,36.0261819388889,136.2035379138889,100,
7966,公設消火栓,南消防署,福井市下荒井町１３番２４０号,36.02547706111111,136.20419589722226,100,
7967,公設消火栓,南消防署,福井市下荒井町１５番３２１号,36.02463218333334,136.20446291388893,200,
7968,公設消火栓,南消防署,福井市下荒井町１６番１０６号,36.02423528333333,136.2055958527778,200,
7969,公設消火栓,南消防署,福井市下荒井町１５番１１０号,36.02289143888889,136.20510994166665,100,
7970,公設消火栓,南消防署,福井市下荒井町５番２０６号,36.027484827777776,136.20496776111113,100,
7971,公設消火栓,南消防署,福井市下荒井町８番３２９号,36.02670687222223,136.20359588888888,100,
7972,公設消火栓,南消防署,福井市下荒井町１１番１１３号,36.02692674722222,136.20126003888888,100,
7973,公設消火栓,南消防署,福井市下荒井町１２番２２２号,36.02614581666667,136.20051612222224,100,
7974,公設消火栓,南消防署,福井市下荒井町１１番１０８号,36.02643482222222,136.20151304166666,150,
7975,公設消火栓,南消防署,福井市下荒井町１３番３１９号,36.02589889722221,136.20165205555554,200,
7976,公設消火栓,南消防署,福井市下荒井町１２番１１６号,36.02561790833334,136.20104310833332,100,
7977,公設消火栓,南消防署,福井市下荒井町１２番２１４号,36.02508495555555,136.20052716666663,100,
7978,公設防火水槽,南消防署,福井市下莇生田町,36.02521388055556,136.23211941666668,,
7979,公設防火水槽,南消防署,福井市下莇生田町２５番９号,36.026316386111105,136.21720107222222,,
7980,公設消火栓,清水分署,福井市志津が丘４丁目１０１番４号,36.01469911666666,136.12120197222225,200,
7981,公設消火栓,清水分署,福井市志津が丘３丁目１８９番,36.01390220555556,136.12068006111107,200,
7982,公設消火栓,清水分署,福井市志津が丘３丁目１９４番,36.01303830277778,136.12015215000002,200,
7983,公設防火水槽,足羽分遣所,福井市下毘沙門町１９番３号,36.021090075000004,136.2673891361111,,
7984,公設消火栓,麻生津分遣所,福井市下細江町１８番１号,36.02156360277778,136.24270526111113,100,
7985,公設消火栓,麻生津分遣所,福井市下細江町１３番１１号,36.02012381666667,136.24277936666667,100,
7986,公設消火栓,足羽分遣所,福井市下東郷町１６番１９号,36.01896821111111,136.26043991944442,150,
7987,公設消火栓,足羽分遣所,福井市下東郷町２７番２０号,36.02032906666666,136.26273463055557,100,
7988,公設消火栓,麻生津分遣所,福井市三十八社町１０番４号１　セブンイレブン三十八社町駐車場南側,35.995247166666665,136.1932823388889,100,
7989,公設消火栓,麻生津分遣所,福井市下江尻町９番１０号２,35.992934472222224,136.19139867222222,100,
7990,公設消火栓,麻生津分遣所,福井市下江尻町１１番２０号,35.99539910833334,136.191547525,200,
7991,公設防火水槽,麻生津分遣所,福井市下江尻町１１,35.9933074,136.19049375555556,,
7992,公設消火栓,社分署,福井市下江守町１２番５１号,36.04217919166667,136.17765674166665,150,
7993,公設消火栓,社分署,福井市下江守町３０番１９８号,36.04109028055556,136.17602895,150,
7994,公設消火栓,社分署,福井市下江守町３６番１４５号,36.03927154444444,136.1786696777778,100,
7995,公設消火栓,社分署,福井市下江守町１４番２号１,36.042054186111116,136.17676784722224,100,
7996,公設消火栓,社分署,福井市下江守町９番３２号６,36.04317415277777,136.18107231944444,150,
7997,公設消火栓,社分署,福井市下江守町９番１０号２０,36.04219926944444,136.18133931111112,100,
7998,公設消火栓,社分署,福井市下江守町５３番２号３８,36.041221388888886,136.18161429999998,100,
7999,公設消火栓,社分署,福井市下江守町５３番２号５４,36.04057145,136.1810113833333,100,
8000,公設防火水槽,北分署,福井市川合鷲塚町３５番２３号,36.11952671944445,136.20827025,,
8001,私設防火水槽,北分署,福井市川合鷲塚町６１番１０号,36.120754761111115,136.21592238333335,,
8002,私設防火水槽,北分署,福井市川合鷲塚町６１番１０号,36.11997385277778,136.21577543055554,,
8003,私設防火水槽,北分署,福井市川合鷲塚町６１番１０号,36.12001588333334,136.217186275,,
8004,私設防火水槽,北分署,福井市川合鷲塚町６１番１０号,36.11991591388888,136.21796619722224,,
8005,私設防火水槽,北分署,福井市川合鷲塚町６１番１０号,36.120904805555554,136.2183781138889,,
8006,私設防火水槽,北分署,福井市川合鷲塚町６１番１０号,36.120931761111116,136.2167552861111,,
8007,公設消火栓,臨海消防署,福井市川尻町４１番５５号,36.14567621388888,136.0982187138889,250,
8008,公設消火栓,臨海消防署,福井市川尻町３３番１９号,36.145476288888894,136.09616085277779,250,
8009,公設消火栓,臨海消防署,福井市川尻町３０番１３号,36.14497939166666,136.09437399444442,250,
8010,公設消火栓,臨海消防署,福井市川尻町３３番２３号　,36.14582128333333,136.09475591666666,100,
8011,公設消火栓,臨海消防署,福井市川尻町４１番７４号,36.14583623611111,136.09657380277775,100,
8012,公設消火栓,臨海消防署,福井市川尻町４１番４８号,36.146216147222226,136.09850066111113,100,
8013,公設消火栓,臨海消防署,福井市川尻町２７番２０号,36.14502628888889,136.0982147583333,150,
8014,公設消火栓,臨海消防署,福井市川尻町２７番２０号,36.14426940833333,136.0972358611111,150,
8015,公設消火栓,東分署,福井市上中町２８番１号,36.08397280277778,136.26914557499998,100,
8016,公設消火栓,東分署,福井市上中町２８番１号,36.083594861111116,136.26946155555552,100,
8017,公設消火栓,東分署,福井市上中町１０番４号,36.08254765833333,136.26475101388888,100,
8018,公設消火栓,清水分署,福井市志津が丘４丁目２００番,36.01203243888889,136.12113608888887,150,
8019,公設消火栓,清水分署,福井市志津が丘４丁目１１２番,36.01395421666667,136.12186093333332,100,
8020,公設消火栓,清水分署,福井市志津が丘４丁目２０２番７号,36.01261338333334,136.1220999638889,150,
8021,公設消火栓,清水分署,福井市志津が丘４丁目２２８番１号,36.01228543055556,136.12291588611112,150,
8022,公設消火栓,清水分署,福井市志津が丘４丁目２６５番,36.01130254444445,136.12239098888887,150,
8023,公設消火栓,清水分署,福井市志津が丘１丁目１６７番,36.01671286944444,136.12100491111107,200,
8024,公設消火栓,清水分署,福井市志津が丘１丁目１５８番,36.017576775,136.12174979722224,150,
8025,公設消火栓,清水分署,福井市志津が丘１丁目１３１番,36.01836768611111,136.12254667500002,150,
8026,公設消火栓,清水分署,福井市志津が丘１丁目１２４番,36.019445566666676,136.1235895138889,100,
8027,公設消火栓,清水分署,福井市志津が丘２丁目１０３番,36.018319702777774,136.12338358333335,200,
8028,公設消火栓,清水分署,福井市志津が丘２丁目１３０番,36.017226827777776,136.12271070555556,200,
8029,公設消火栓,清水分署,福井市志津が丘１丁目１７３番,36.01639592499999,136.12224079166668,200,
8030,公設消火栓,清水分署,福井市志津が丘２丁目１６９番,36.016103972222226,136.12337467777775,150,
8031,公設消火栓,清水分署,福井市志津が丘２丁目１６４番,36.01674889722223,136.12375460833331,150,
8032,公設防火水槽,清水分署,福井市志津が丘４丁目,36.01343227500001,136.1215299888889,,
8033,公設消火栓,川西分署,福井市四十谷町５番１６号,36.10718583333333,136.17484555277778,200,
8034,公設消火栓,川西分署,福井市四十谷町１２番２４号,36.10820565833333,136.17392666111112,200,
8035,公設消火栓,川西分署,福井市四十谷町７番３５号,36.10599202777778,136.17519049166668,100,
8036,公設消火栓,中消防署,福井市順化１丁目１５番２０号,36.065280191666666,136.2163138638889,100,
8037,私設防火水槽,清水分署,福井市島寺町６７番３０号,36.01953370833333,136.1369009972222,,
8038,公設消火栓,清水分署,福井市島寺町６２番２３号,36.02487010555555,136.14489085277776,75,
8039,公設消火栓,清水分署,福井市島寺町６２番２３号,36.02454215,136.14488786388887,75,
8040,公設防火水槽,川西分署,福井市砂子坂町１４番１２号,36.14414398611111,136.1490559527778,,
8041,公設防火水槽,川西分署,福井市砂子坂町９番４３号,36.14537879722222,136.1469050222222,,
8042,私設防火水槽,川西分署,福井市砂子坂町８番１９号,36.14485785,136.14683610555554,,
8043,私設防火水槽,川西分署,福井市砂子坂町２番３号,36.14630168333333,136.14626697777777,,
8044,プール,川西分署,福井市砂子坂町４－３１,36.146207663888895,136.14523113333337,,
8045,公設消火栓,川西分署,福井市砂子田町１１番１号,36.16254489444445,136.15079305833336,100,
8046,公設消火栓,川西分署,福井市砂子田町１７番１８号,36.16246689444445,136.14957017222224,100,
8047,公設消火栓,川西分署,福井市砂子田町１８番５５号,36.16236390000001,136.14905922500003,100,
8048,公設消火栓,川西分署,福井市砂子田町１８番５４号,36.162791850000005,136.1486182388889,100,
8049,公設消火栓,川西分署,福井市砂子田町１９番３０号,36.16316980833333,136.14874520833334,100,
8050,公設消火栓,川西分署,福井市砂子田町２０番２３号,36.16303882777778,136.14939515555557,100,
8051,公設消火栓,川西分署,福井市砂子田町１１番１８号,36.16216993055556,136.14987016111115,100,
8052,公設消火栓,川西分署,福井市砂子田町１７番１５号,36.16230890555556,136.14875125555554,100,
8053,公設消火栓,川西分署,福井市砂子田町２０番２６号,36.163577761111114,136.14882617777775,100,
8054,公設防火水槽,川西分署,福井市砂子田町１番５８号,36.163002830555556,136.14947915,,
8055,公設防火水槽,川西分署,福井市砂子田町１９番３１号,36.1631858,136.14812326388886,,
8056,公設消火栓,社分署,福井市下江守町５３番１号４,36.03997149722222,136.18013349722224,100,
8057,公設消火栓,社分署,福井市下江守町１２番１号,36.041146355555554,136.17981151111113,100,
8058,公設消火栓,社分署,福井市下江守町５３番２号２８,36.04129036666667,136.18099236944445,100,
8059,公設消火栓,社分署,福井市下江守町９番１０号１０,36.04224023888889,136.1801534472222,150,
8060,公設消火栓,社分署,福井市下江守町９番１９号８,36.04254618888889,136.1794285277778,100,
8061,公設消火栓,社分署,福井市下江守町５４番２号２１,36.0449799,136.17882755555556,150,
8062,公設消火栓,南消防署,福井市下荒井町１０番２０５号,36.02677372777778,136.20035210833336,150,
8063,公設消火栓,南消防署,福井市下荒井町９番２０１号３,36.02772371666666,136.2030408833333,100,
8064,公設消火栓,東消防署,福井市城東１丁目６番５号,36.06157316666667,136.23126260000004,100,
8065,公設消火栓,東消防署,福井市城東１丁目１８番８号,36.06153125833333,136.23372640000002,100,
8066,公設消火栓,東消防署,福井市城東１丁目１２番１７号,36.060953294444445,136.23281749722224,100,
8067,公設消火栓,東消防署,福井市城東４丁目２８番１１号,36.05839587222222,136.2411171472222,100,
8068,公設消火栓,東消防署,福井市城東２丁目７番３号,36.06165329166667,136.2350483083333,100,
8069,公設消火栓,東消防署,福井市城東２丁目２番１８号,36.06076439444445,136.23503934166666,100,
8070,公設消火栓,東消防署,福井市城東４丁目１４番３０号,36.058698722222225,136.2376423111111,200,
8071,公設消火栓,東消防署,福井市城東３丁目２２番２０号,36.060420638888885,136.24078108055556,100,
8072,公設消火栓,東消防署,福井市城東３丁目１６番１７号,36.061329511111104,136.24002408055557,100,
8073,公設消火栓,東消防署,福井市城東３丁目１０番,36.06209535833333,136.23816715555557,150,
8074,公設消火栓,東消防署,福井市城東４丁目２６番３１号,36.05862082499999,136.24045117222227,200,
8075,公設消火栓,東分署,福井市上中町１０番１９号,36.08329153611111,136.26404305833333,100,
8076,公設消火栓,東分署,福井市上中町７番３３号,36.085622730555556,136.2705014027778,150,
8077,公設消火栓,東分署,福井市上中町１番３１号,36.08268848055555,136.2622372388889,100,
8078,公設消火栓,東分署,福井市上中町５５番１５号,36.087391761111114,136.27424997777774,100,
8079,公設消火栓,東分署,福井市上中町５５番１９号,36.08830671388889,136.27541683055557,100,
8080,公設消火栓,東分署,福井市上中町２３－７,36.08114468055556,136.26294321388886,150,
8081,公設消火栓,東分署,福井市上中町５７－４－１　炊飯センターなんぶ　西側,36.086383822222224,136.27327510833334,100,
8082,公設消火栓,東分署,福井市上中町１２－９－１,36.08207763333333,136.26366512500002,100,
8083,公設消火栓,東分署,福井市上中町５６－２１－１,36.08679983611112,136.2743979777778,100,
8084,公設消火栓,東分署,福井市上中町２６番１８号,36.08241388333334,136.26801471944447,250,
8085,河川,東分署,福井市上中町,36.085605808333334,136.27165629444443,,
8086,河川,東分署,福井市上中町,36.085116863888885,136.2717753,,
8087,公設消火栓,足羽分遣所,福井市上毘沙門町１番１１９号,36.019026672222225,136.27614728611113,100,
8088,公設消火栓,足羽分遣所,福井市上毘沙門町２番２９１号,36.01933471388889,136.27807206388886,100,
8089,公設消火栓,足羽分遣所,福井市上毘沙門町２番２６９号,36.01945973055555,136.27887496944444,100,
8090,公設消火栓,足羽分遣所,福井市上毘沙門町２番２５９号１,36.01969375000001,136.2800158388889,100,
8091,公設消火栓,足羽分遣所,福井市上毘沙門町１番７０号１,36.01774581666667,136.2752664111111,100,
8092,公設防火水槽,清水分署,福井市グリーンハイツ２丁目１４９番,36.04443965277778,136.16107466388888,,
8093,その他,清水分署,福井市グリーンハイツ１０丁目１８４番,36.03796548333332,136.1681378861111,,
8094,公設消火栓,中消防署,福井市順化１丁目１５番１号,36.064597275,136.21609388333331,100,
8095,公設消火栓,中消防署,福井市順化１丁目１６番１８号,36.065291166666675,136.21553294166665,100,
8096,公設消火栓,中消防署,福井市順化２丁目１２番１１号,36.065008166666665,136.21431905833333,150,
8097,公設消火栓,中消防署,福井市順化２丁目１０番１８号,36.06518311388889,136.21340815000002,150,
8098,公設消火栓,中消防署,福井市順化２丁目１５番８号,36.06536806388889,136.21259823333335,300,
8099,公設消火栓,中消防署,福井市順化２丁目１８番７号,36.065804013888894,136.21281121944446,250,
8100,公設消火栓,中消防署,福井市順化２丁目１８番１号,36.065670058333325,136.21363813333338,100,
8101,公設消火栓,中消防署,福井市順化２丁目１９番,36.06566607777778,136.21432506388888,100,
8102,公設消火栓,中消防署,福井市順化２丁目２０番１号,36.065519119444446,136.21498299722222,300,
8103,公設消火栓,中消防署,福井市順化２丁目９番１８号,36.06475816666666,136.21329715555552,100,
8104,公設消火栓,中消防署,福井市順化１丁目１７番１１号,36.06606505555555,136.21528796944443,300,
8105,公設消火栓,中消防署,福井市順化１丁目１７番２８号,36.06585209722222,136.21569092777779,100,
8106,公設消火栓,中消防署,福井市順化１丁目２３番４号,36.06597210833334,136.21659083611112,150,
8107,公設消火栓,中消防署,福井市順化１丁目１６番７号,36.06490119722222,136.21493299722226,300,
8108,公設消火栓,中消防署,福井市順化１丁目２３番１１号,36.06641606666667,136.21707978888887,150,
8109,公設消火栓,中消防署,福井市順化１丁目２４番１６号,36.06656301111111,136.2158909111111,150,
8110,公設消火栓,中消防署,福井市順化２丁目２１番１７号,36.066546997222225,136.21538396388888,300,
8111,公設消火栓,東分署,福井市新保町２３番１号,36.085529419444434,136.25015016388892,150,
8112,公設消火栓,東消防署,福井市成和１丁目１１１番,36.058551900000005,136.24251606944443,100,
8113,公設消火栓,東消防署,福井市成和２丁目１００２番,36.056249372222226,136.24968075,150,
8114,公設消火栓,南消防署,福井市杉谷町２６番１４号,36.01769151666667,136.19138319722222,100,
8115,公設消火栓,南消防署,福井市杉谷町２４番８号,36.01879634444445,136.19074220000002,100,
8116,公設消火栓,東分署,福井市新保２丁目５２７番,36.07954915555556,136.2514692166667,150,
8117,公設消火栓,東分署,福井市新保３丁目２２０２番,36.07984919444444,136.25268011111112,150,
8118,公設消火栓,東分署,福井市新保３丁目２２１８番,36.0801302388889,136.25395799999998,150,
8119,公設消火栓,東分署,福井市新保３丁目２３０２番,36.08035227222223,136.25495491111116,150,
8120,公設消火栓,東分署,福井市新保３丁目２３０７番,36.08082223055556,136.25507489166668,100,
8121,公設消火栓,東分署,福井市新保２丁目１１１７番,36.081093875,136.24958333055554,200,
8122,公設消火栓,東分署,福井市新保２丁目１９０４番,36.0810629361111,136.25055825,100,
8123,公設消火栓,東分署,福井市新保３丁目１１０８番,36.083162800000004,136.25211106944448,100,
8124,公設消火栓,東分署,福井市新保３丁目１００６番,36.08220492777778,136.2525080638889,150,
8125,公設消火栓,東分署,福井市新保３丁目１７０１番,36.081622027777776,136.2531360277778,100,
8126,公設消火栓,東分署,福井市新保３丁目１８０４番,36.08166105,136.2535719916667,100,
8127,公設消火栓,東分署,福井市新保３丁目１７１３番,36.08189104444444,136.25388296111112,100,
8128,公設消火栓,東分署,福井市新保１丁目１２１０番,36.081096736111114,136.24725551944445,100,
8129,公設消火栓,東分署,福井市新保１丁目１１０１番,36.08091069444445,136.2462195777778,100,
8130,公設消火栓,東分署,福井市新保１丁目１９０６番,36.08058788333334,136.24878840833333,150,
8131,公設防火水槽,東消防署,福井市城東１丁目１４番１号,36.06018437222222,136.23234856944447,,
8132,公設防火水槽,東消防署,福井市城東３丁目１３番２２号,36.06020363055556,136.23985913611114,,
8133,公設防火水槽,東消防署,福井市城東４丁目,36.05898376388889,136.23987118611112,,
8134,公設防火水槽,東消防署,福井市城東４丁目,36.05923459444444,136.23564838611114,,
8135,公設防火水槽,東消防署,福井市城東２丁目３番,36.061673286111116,136.23499830833333,,
8136,私設防火水槽,東消防署,福井市城東１丁目１８０１番,36.061373297222225,136.2343063583333,,
8137,公設消火栓,東消防署,福井市城東４丁目２１番２３号,36.05744290833334,136.23904529166666,150,
8138,公設消火栓,東消防署,福井市城東４丁目１８番１８号,36.05807584722223,136.23934225000002,100,
8139,公設消火栓,北分署,福井市下森田町９番１号,36.11021931666667,136.22621840277776,100,
8140,公設消火栓,北分署,福井市下森田町６番４４号２０,36.11280800833333,136.22620241111113,150,
8141,公設消火栓,北分署,福井市下森田町６番７６号１,36.112931024999995,136.2271303111111,100,
8142,公設消火栓,北分署,福井市下森田町４番５１号,36.11063126944444,136.2261854111111,100,
8143,公設消火栓,北分署,福井市下森田町７番２５号３,36.11211414722223,136.22778824444447,150,
8144,公設消火栓,北分署,福井市下森田町６番７１号３,36.11265606944444,136.227465275,100,
8145,公設消火栓,北分署,福井市下森田町９番２５号１,36.1096893361111,136.22496553333335,100,
8146,公設消火栓,北分署,福井市下森田町６番７号１３,36.11201112500001,136.22674035833333,150,
8147,公設消火栓,北分署,福井市下森田町７番３２号,36.112139166666665,136.22846516944443,250,
8148,公設防火水槽,北分署,福井市下森田本町９番１号,36.10831955,136.22657133611114,,
8149,プール,清水分署,福井市グリーンハイツ５丁目,36.04191498888889,136.1645162722222,,
8150,公設消火栓,南消防署,福井市毛矢２丁目３番１号,36.05925595,136.21525496944443,100,
8151,公設消火栓,南消防署,福井市毛矢２丁目５番１号,36.058453050000004,136.21504999444446,100,
8152,公設消火栓,南消防署,福井市毛矢２丁目５番８号,36.057928113888885,136.21490301111112,100,
8153,公設消火栓,南消防署,福井市毛矢１丁目１番１０号,36.05874204166667,136.21611890555553,100,
8154,公設消火栓,南消防署,福井市毛矢１丁目６番２３号,36.057637172222215,136.21565495555555,100,
8155,公設消火栓,南消防署,福井市左内町８番１３号,36.05797007222222,136.2135741138889,100,
8156,公設消火栓,南消防署,福井市左内町２番８号,36.05889396666667,136.21417805833335,100,
8157,公設消火栓,南消防署,福井市左内町１番５号,36.060114813888895,136.21443802777776,100,
8158,公設消火栓,南消防署,福井市毛矢２丁目２番２１号,36.06040178055555,136.21463600833331,100,
8159,公設消火栓,南消防署,福井市毛矢２丁目１１番７号,36.055528405555556,136.2140500972222,100,
8160,公設消火栓,南消防署,福井市毛矢２丁目８番１１号,36.057084194444435,136.21380710277776,100,
8161,公設消火栓,南消防署,福井市毛矢３丁目７番９号,36.05729112777778,136.21244120555554,300,
8162,公設消火栓,南消防署,福井市毛矢３丁目８番１５号,36.05628426111111,136.21240021111115,300,
8163,公設消火栓,南消防署,福井市毛矢３丁目２番１１号,36.05596733055556,136.21340313888885,100,
8164,公設消火栓,南消防署,福井市毛矢１丁目７番１４号,36.05610635555556,136.21498002222222,400,
8165,公設消火栓,南消防署,福井市毛矢３丁目３番８号,36.054907463888895,136.21314716388892,100,
8166,公設消火栓,東分署,福井市新保町１７番１８号,36.08592160277779,136.25373786944442,150,
8167,公設消火栓,麻生津分遣所,福井市下河北町５０番３９号５,36.01275462500001,136.23039586944446,150,
8168,公設消火栓,麻生津分遣所,福井市下河北町,36.02060505833333,136.21370849444446,100,
8169,公設消火栓,麻生津分遣所,福井市下河北町８番１号,36.01940926944444,136.21517545555557,150,
8170,公設消火栓,麻生津分遣所,福井市下河北町１１番３号２,36.020481124999996,136.21530140833335,100,
8171,公設消火栓,麻生津分遣所,福井市下河北町４１番２９号,36.01629504722223,136.22740392222224,100,
8172,公設消火栓,麻生津分遣所,福井市下河北町１２番１号,36.02252288055556,136.2164342638889,150,
8173,公設消火栓,麻生津分遣所,福井市下河北町１２番１号,36.02194293888889,136.21573732499996,150,
8174,公設消火栓,麻生津分遣所,福井市下河北町２番２５号６,36.02083205277778,136.2145134388889,150,
8175,公設消火栓,麻生津分遣所,福井市下河北町２番２５号６,36.02039213055556,136.21509942222224,150,
8176,公設消火栓,麻生津分遣所,福井市下河北町７番５号４,36.0177015611111,136.21672241944444,150,
8177,公設消火栓,麻生津分遣所,福井市下河北町３５番２２号,36.016800755555565,136.21885631944448,150,
8178,公設消火栓,麻生津分遣所,福井市下河北町１１番７号１,36.020099211111116,136.21644035833333,100,
8179,公設消火栓,麻生津分遣所,福井市下河北町１９番３号１,36.01978430555556,136.218133275,100,
8180,公設消火栓,麻生津分遣所,福井市下河北町２７番６号,36.01960445555556,136.22226105000001,150,
8181,公設消火栓,麻生津分遣所,福井市下河北町３５番９号４,36.019550499999994,136.2238769888889,150,
8182,公設消火栓,麻生津分遣所,福井市下河北町３８番３号１,36.019482555555555,136.22594790833335,150,
8183,公設消火栓,麻生津分遣所,福井市下河北町８番１７号２,36.01796147222222,136.21508450555558,150,
8184,公設消火栓,東分署,福井市新保３丁目１１１２番,36.082557852777775,136.2519081027778,100,
8185,公設消火栓,東分署,福井市新保３丁目２２１８番,36.08058818611111,136.25387999444445,100,
8186,公設消火栓,東分署,福井市新保１丁目９０４番,36.08246057777777,136.24718648611108,100,
8187,公設消火栓,東分署,福井市新保１丁目１３０８番,36.08056084444444,136.24805546944444,100,
8188,公設消火栓,東分署,福井市新保２丁目１０６,36.07821617222223,136.24918844166663,100,
8189,公設防火水槽,社分署,福井市下江守町２０番４９号,36.04220117222222,136.17685683611114,,
8190,公設防火水槽,社分署,福井市下江守町,36.04130135555556,136.18061141388893,,
8191,私設防火水槽,社分署,福井市下江守町２８番,36.04527886666666,136.17893154166666,,
8192,私設防火水槽,社分署,福井市下江守町２８番,36.04702565555556,136.1783226166667,,
8193,私設防火水槽,社分署,福井市下江守町２３番１号,36.046920650000004,136.1774537222222,,
8194,私設防火水槽,社分署,福井市下江守町２０８番,36.03357235555555,136.1849031361111,,
8195,プール,社分署,福井市下江守町２８,36.04660073888889,136.1801613944444,,
8196,プール,社分署,福井市下江守町２２－２８,36.04897041666668,136.1775197138889,,
8197,公設消火栓,麻生津分遣所,福井市下河北町４２番２７号１,36.01539308333333,136.22323511666664,100,
8198,公設消火栓,麻生津分遣所,福井市下河北町２８番８号,36.0166748111111,136.22006025277776,100,
8199,公設消火栓,麻生津分遣所,福井市下河北町２８番１９号,36.01657985,136.22084420833335,100,
8200,公設消火栓,麻生津分遣所,福井市下河北町３２番６号,36.01644490277778,136.22196814722219,100,
8201,公設消火栓,北分署,福井市下森田藤巻町２番,36.10933642222223,136.22630438055558,100,
8202,公設消火栓,北分署,福井市下森田町３番１８号３,36.11142515277778,136.22551849722223,100,
8203,公設消火栓,北分署,福井市下森田藤巻町６番５号,36.10973141388888,136.2273432722222,150,
8204,公設消火栓,北分署,福井市下森田桜町５１４番,36.110297386111114,136.22846015833332,100,
8205,公設消火栓,北分署,福井市下森田藤巻町１０番１号,36.10914449166667,136.22763823055558,100,
8206,公設消火栓,北分署,福井市下森田本町１番１５号,36.10843152777778,136.22632736666665,100,
8207,公設消火栓,北分署,福井市下森田本町５番９号,36.10888951111111,136.2273382611111,150,
8208,公設消火栓,北分署,福井市下森田新町１３１９番,36.10890672222223,136.23337059722223,100,
8209,公設消火栓,北分署,福井市下森田新町１５０３番,36.108948727777786,136.23367356388889,100,
8210,公設防火水槽,清水分署,福井市清水杉谷町３番２８号,36.035613644444446,136.1585699777778,,
8211,公設防火水槽,清水分署,福井市清水杉谷町６番５号,36.03747142222222,136.15591727222227,,
8212,私設防火水槽,清水分署,福井市清水杉谷町５番４０号,36.03715445277778,136.15818600833333,,
8213,私設防火水槽,清水分署,福井市清水杉谷町４５番１号,36.03213112222222,136.15337665277778,,
8214,受水槽,清水分署,福井市清水杉谷町４５番１６３号,36.031522188888886,136.15695623888885,,
8215,その他,川西分署,福井市清水平町,36.09768240555555,136.11035870555554,,
8216,公設消火栓,清水分署,福井市清水町２９番７号,36.05556130555556,136.1522688055556,100,
8217,公設消火栓,清水分署,福井市清水町８番２号,36.0557883,136.1538256305556,100,
8218,公設消火栓,清水分署,福井市清水町８番１２号,36.05571131944445,136.15471152777778,100,
8219,受水槽,西分署,福井市学園３丁目６番,36.069148219444436,136.1957352166667,,
8220,公設消火栓,越廼分署,福井市蒲生町２番４９号,36.038948411111114,136.01301121111112,150,
8221,公設消火栓,越廼分署,福井市蒲生町２番２９号,36.03823247777778,136.01317224444446,150,
8222,公設消火栓,越廼分署,福井市蒲生町１０番２８号,36.03723256944444,136.01335529166667,150,
8223,公設消火栓,越廼分署,福井市蒲生町１０番７号,36.03652963333333,136.0132163472222,150,
8224,公設消火栓,越廼分署,福井市蒲生町１１番１３号,36.03591269166667,136.0130504,150,
8225,公設消火栓,越廼分署,福井市蒲生町１４番３号,36.03528575000001,136.01273046666665,150,
8226,公設消火栓,越廼分署,福井市蒲生町１５番５号,36.03375490277778,136.01157565833336,100,
8227,公設消火栓,越廼分署,福井市蒲生町１５番４号,36.033179963888884,136.0110027388889,75,
8228,公設消火栓,越廼分署,福井市蒲生町１６番７号１　魚屋の喰い処まつ田　南西側３５ｍ,36.03162812777777,136.00976093888892,75,
8229,公設消火栓,越廼分署,福井市蒲生町１７番２号,36.03108818333334,136.00909502777776,75,
8230,公設消火栓,越廼分署,福井市蒲生町１９番１９号,36.03026126111111,136.00778418611114,75,
8231,公設消火栓,越廼分署,福井市蒲生町１番９０号,36.03834446388888,136.01153736111112,100,
8232,公設消火栓,越廼分署,福井市蒲生町１番９０号,36.03778151666666,136.01163838888888,100,
8233,公設消火栓,越廼分署,福井市蒲生町１番９０号,36.03778651388889,136.0106414638889,100,
8234,公設消火栓,越廼分署,福井市蒲生町１番９０号,36.038525441666664,136.010561425,75,
8235,公設消火栓,越廼分署,福井市蒲生町１字３４番４号,36.03841045833333,136.01207531666668,75,
8236,公設防火水槽,越廼分署,福井市蒲生町１番８８号,36.03896240833333,136.01292521666664,,
8237,公設防火水槽,越廼分署,福井市蒲生町１番３４号,36.03719657222223,136.01211338888885,,
8238,公設防火水槽,社分署,福井市下江守町２５番２２号,36.04148521944444,136.175320025,,
8239,公設防火水槽,社分署,福井市下江守町１９番８号,36.04304010277777,136.17802868333334,,
8240,公設消火栓,清水分署,福井市島寺町,36.01602722222221,136.14346934722218,150,
8241,公設消火栓,清水分署,福井市島寺町３４番３号,36.02132851666667,136.15999508333334,150,
8242,公設消火栓,清水分署,福井市島寺町３５番１１号,36.02057861388889,136.16004209444444,150,
8243,公設消火栓,清水分署,福井市島寺町９２番,36.020240675,136.14058452777778,75,
8244,公設消火栓,清水分署,福井市島寺町３５番３号,36.025642016666666,136.14670461111115,100,
8245,私設消火栓,清水分署,福井市島寺町６７番３０号,36.01963469444444,136.13691698888886,100,
8246,私設消火栓,清水分署,福井市島寺町６７番３０号,36.01957373055555,136.13865578333338,100,
8247,私設消火栓,清水分署,福井市島寺町６７番３０号,36.01909281111111,136.14009763055557,100,
8248,私設消火栓,清水分署,福井市島寺町６７番３０号,36.018523888888886,136.14077757222222,100,
8249,私設消火栓,清水分署,福井市島寺町６７番３０号,36.017990975,136.14227741388888,100,
8250,私設消火栓,清水分署,福井市島寺町６７番３０号,36.01834893611111,136.14263235555555,100,
8251,私設消火栓,清水分署,福井市真栗町,36.014654369444436,136.1423775361111,150,
8252,公設防火水槽,清水分署,福井市島寺町５７番７号,36.02274741388888,136.14642174166667,,
8253,公設防火水槽,清水分署,福井市島寺町６２番３１号,36.020828691666665,136.147110725,,
8254,公設防火水槽,清水分署,福井市島寺町５２番２７号,36.02459014444444,136.14514083333333,,
8255,公設防火水槽,清水分署,福井市島寺町６０番３２号,36.02320135277778,136.14819351111112,,
8256,私設防火水槽,清水分署,福井市島寺町６７番３０号,36.01945973055555,136.13774789722223,,
8257,公設消火栓,麻生津分遣所,福井市下河北町４２番１号,36.01644293611111,136.22338108611112,100,
8258,公設消火栓,麻生津分遣所,福井市下河北町４２番１６号,36.01634097499999,136.22440204444445,100,
8259,公設消火栓,麻生津分遣所,福井市下河北町４１番１５号,36.01634799444445,136.22530700833337,100,
8260,公設消火栓,麻生津分遣所,福井市下河北町４０番３５号,36.01633501944444,136.2263919638889,100,
8261,公設消火栓,麻生津分遣所,福井市下河北町３２番２号２,36.017486758333334,136.22209611111114,100,
8262,公設消火栓,社分署,福井市下江守町２３番１号,36.047028652777776,136.1782176277778,150,
8263,公設消火栓,社分署,福井市下江守町２６番１６号５,36.04424001111111,136.1802254,150,
8264,公設消火栓,清水分署,福井市島寺町４番２号,36.02533404722223,136.14552176111113,100,
8265,公設消火栓,清水分署,福井市島寺町６１番１１号２,36.0242692,136.14596074444444,75,
8266,公設消火栓,清水分署,福井市島寺町５９番７号,36.023738269444436,136.14578378333334,250,
8267,公設消火栓,清水分署,福井市島寺町２１番３号,36.023647288888895,136.1485434527778,100,
8268,公設消火栓,清水分署,福井市島寺町２１番８号,36.02270341944444,136.14863247222223,100,
8269,公設消火栓,清水分署,福井市島寺町６０番３２号,36.02320135277778,136.14819451111111,100,
8270,公設消火栓,清水分署,福井市島寺町６２番２３号,36.02322135277778,136.1476025833333,75,
8271,公設消火栓,清水分署,福井市島寺町５１番９号,36.022748416666666,136.14794055555552,200,
8272,公設消火栓,清水分署,福井市島寺町６０番２４号,36.022759422222215,136.1472486416667,200,
8273,公設消火栓,清水分署,福井市島寺町５７番７号,36.02271341944445,136.14642474444446,150,
8274,公設消火栓,清水分署,福井市島寺町５７番４号１,36.022206497222214,136.14750562777775,75,
8275,公設消火栓,清水分署,福井市島寺町,36.02199252222221,136.14796057777778,150,
8276,公設消火栓,清水分署,福井市片粕町６１番３６号,36.049909133333344,136.1667800222222,75,
8277,公設消火栓,清水分署,福井市片粕町１２番２７号,36.04931018611111,136.16598611388886,150,
8278,公設消火栓,清水分署,福井市片粕町９番３３号,36.04957117222222,136.1669250027778,75,
8279,公設消火栓,清水分署,福井市片粕町６１番３４号,36.04902323611111,136.16717696944445,75,
8280,公設消火栓,清水分署,福井市片粕町６１番１８号,36.04831731944445,136.16749592777774,75,
8281,公設消火栓,清水分署,福井市片粕町６１番５号,36.04780938333334,136.16790987500002,75,
8282,公設消火栓,清水分署,福井市片粕町１４番１号,36.04723044166666,136.16749491944444,100,
8283,公設消火栓,清水分署,福井市片粕町６３番１８号,36.04658752500001,136.16830181944442,75,
8284,公設消火栓,清水分署,福井市片粕町６３番１７号,36.04619656666667,136.16826782222222,75,
8285,公設消火栓,清水分署,福井市片粕町６２番１０号,36.04574460833334,136.16772188333334,150,
8286,公設消火栓,清水分署,福井市片粕町６２番２号,36.04544264444444,136.1678098722222,150,
8287,公設消火栓,清水分署,福井市片粕町６９番９号,36.04485670277778,136.16741891388892,100,
8288,公設消火栓,清水分署,福井市片粕町６４番１号,36.04571260277778,136.16711595555554,75,
8289,公設消火栓,清水分署,福井市片粕町６４番１９号,36.044683711111105,136.166699,100,
8290,公設消火栓,清水分署,福井市片粕町６４番１６号,36.04413877222223,136.16668000555558,100,
8291,公設消火栓,清水分署,福井市片粕町６７番２３号,36.04378481666667,136.16705996388887,100,
8292,公設消火栓,清水分署,福井市片粕町６７番３号,36.04330086666667,136.16671000833333,100,
8293,公設消火栓,清水分署,福井市片粕町３番７３号,36.04253996111112,136.16743493055557,150,
8294,公設消火栓,清水分署,福井市片粕町４番５５号,36.04292895277778,136.16981564999998,75,
8295,公設防火水槽,越廼分署,福井市蒲生町２番２１号,36.03776251944445,136.01332226111114,,
8296,公設消火栓,北分署,福井市上森田４丁目１２１１番,36.11136744444445,136.23383158333334,100,
8297,公設消火栓,北分署,福井市上森田４丁目１１０１番,36.11177243611111,136.2349564611111,100,
8298,公設消火栓,北分署,福井市上森田３丁目１３２６番,36.11135039166667,136.2322847527778,100,
8299,公設消火栓,北分署,福井市上森田３丁目１３０３－１番地,36.11095845277779,136.23267370277776,150,
8300,公設消火栓,北分署,福井市上森田３丁目４０１番,36.113431125,136.2320287833333,100,
8301,公設消火栓,北分署,福井市上森田２丁目１１０６番１号,36.111344319444434,136.23012398888886,100,
8302,公設消火栓,北分署,福井市上森田３丁目１１４０番,36.11222529166666,136.23252073055554,100,
8303,公設消火栓,北分署,福井市上森田３丁目１０１０番,36.11259424444445,136.23243173888892,100,
8304,公設消火栓,北分署,福井市上森田２丁目６０１番,36.11286413611112,136.23026497222224,100,
8305,公設消火栓,北分署,福井市上森田３丁目４０４番１号,36.113003175,136.23188979722224,100,
8306,公設消火栓,北分署,福井市上森田２丁目１１０１番,36.11123636111111,136.23096489444447,150,
8307,公設消火栓,北分署,福井市上森田１丁目８０７番,36.114421891666666,136.22862414444447,200,
8308,公設消火栓,北分署,福井市上森田２丁目５３０番,36.113206075,136.2296630361111,200,
8309,公設消火栓,北分署,福井市上森田１丁目６０９番,36.11283607222222,136.22817719722224,150,
8310,公設消火栓,北分署,福井市上森田２丁目４０４番,36.11268310833333,136.2287291388889,250,
8311,公設消火栓,北分署,福井市上森田２丁目１０９番,36.113889958333324,136.22865614166665,250,
8312,公設消火栓,北分署,福井市上森田６丁目１０２番,36.11516995833333,136.2335386277778,150,
8313,公設防火水槽,北分署,福井市上森田３丁目５０７番１２号,36.11362810277778,136.23207877777776,,
8314,公設消火栓,越廼分署,福井市茱崎町３６番７号,36.04485986388888,136.0129128527778,100,
8315,公設消火栓,越廼分署,福井市茱崎町３１番２５号,36.044417902777774,136.01293588055557,100,
8316,公設消火栓,北分署,福井市川合鷲塚町３５番２３号,36.11957071111111,136.20818425555558,100,
8317,公設消火栓,北分署,福井市川合鷲塚町３１番４２号,36.11912370833334,136.20564253055556,150,
8318,公設消火栓,北分署,福井市川合鷲塚町２８番２号,36.11862978888889,136.20646546388886,150,
8319,公設消火栓,北分署,福井市川合鷲塚町３６番１０号,36.1188097861111,136.2073673666667,100,
8320,公設消火栓,北分署,福井市川合鷲塚町３２番１２号,36.117923874999995,136.20638449722222,150,
8321,公設消火栓,北分署,福井市川合鷲塚町２７番７号,36.11676601388889,136.20625655,150,
8322,公設消火栓,北分署,福井市川合鷲塚町３８番８号４,36.115099216666664,136.206056625,150,
8323,公設消火栓,北分署,福井市川合鷲塚町１２－４５－２,36.12089736111111,136.20013002777776,100,
8324,公設消火栓,北分署,福井市川合鷲塚町１３－１００,36.120981372222225,136.20110992500003,100,
8325,公設消火栓,北分署,福井市川合鷲塚町１３－４,36.12064844166666,136.20223182222225,100,
8326,公設消火栓,北分署,福井市川合鷲塚町１４－１７,36.12049848611111,136.20338771111113,100,
8327,公設消火栓,北分署,福井市川合鷲塚町１４－６０,36.119612583333335,136.20280680555553,150,
8328,公設消火栓,北分署,福井市川合鷲塚町１３－３２,36.12017947499999,136.20115195277782,150,
8329,公設消火栓,北分署,福井市川合鷲塚町１６－６７－３,36.11921557777778,136.20039106666667,150,
8330,公設消火栓,北分署,福井市川合鷲塚町１５－４２,36.11906263611111,136.20203190277778,100,
8331,公設消火栓,北分署,福井市川合鷲塚町３１－１,36.11904265833333,136.2029958055556,100,
8332,公設消火栓,北分署,福井市川合鷲塚町１５－６２,36.11838772222222,136.2021819111111,100,
8333,公設消火栓,清水分署,福井市島寺町５６番４号,36.021978524999994,136.14673473055558,150,
8334,公設消火栓,清水分署,福井市島寺町５２番２３号,36.0214656,136.14684973333334,150,
8335,公設消火栓,清水分署,福井市島寺町６１番１号,36.0208736861111,136.14709672499998,150,
8336,公設消火栓,清水分署,福井市島寺町５５番６号,36.020424741666666,136.1467427833333,150,
8337,公設消火栓,清水分署,福井市島寺町５５番１６号,36.01996080833334,136.1468257888889,75,
8338,公設消火栓,清水分署,福井市島寺町５３番２号１,36.01977582777778,136.148156625,100,
8339,公設消火栓,清水分署,福井市島寺町９３番６号,36.01939082222223,136.14325823888888,150,
8340,公設消火栓,東消防署,福井市志比口３丁目,36.07147417777777,136.23571717222222,100,
8341,公設消火栓,東消防署,福井市志比口２丁目２０番１３号,36.07293818611112,136.23918399166666,100,
8342,公設消火栓,麻生津分遣所,福井市生部町１１番,35.99232775555555,136.24619586388891,150,
8343,公設消火栓,麻生津分遣所,福井市生部町２０番９号,35.990705016666666,136.2510134611111,150,
8344,公設消火栓,麻生津分遣所,福井市生部町８番２号,35.991828808333324,136.2450549388889,100,
8345,公設消火栓,麻生津分遣所,福井市生部町６番１３号,35.99037300555556,136.2449789277778,100,
8346,公設消火栓,麻生津分遣所,福井市生部町４番２２号,35.989709105555555,136.24587285833337,100,
8347,公設消火栓,麻生津分遣所,福井市生部町３６番６号,35.99846599166666,136.25261249166667,150,
8348,公設防火水槽,麻生津分遣所,福井市生部町９番１号,35.99248871666667,136.2449509527778,,
8349,公設防火水槽,麻生津分遣所,福井市生部町５番２０号,35.99065696666667,136.2449789305556,,
8350,公設防火水槽,麻生津分遣所,福井市生部町１番１１号,35.98802533055555,136.24573785,,
8351,公設消火栓,清水分署,福井市片粕町６４番３号　片粕ふれあいセンター南側,36.04724545555556,136.16855979444446,75,
8352,公設防火水槽,清水分署,福井市片粕町６１番２号,36.0467505,136.16782387777775,,
8353,公設消火栓,南消防署,福井市木田町１９０４番３号,36.04497693333333,136.21965007222227,200,
8354,公設消火栓,南消防署,福井市木田町２７番,36.047793558333325,136.21939997500002,100,
8355,公設消火栓,南消防署,福井市木田町２５０７番１号,36.04366610833334,136.21971612777782,200,
8356,公設消火栓,南消防署,福井市木田町２７０１番２号,36.04394408611112,136.2203390805556,100,
8357,公設消火栓,南消防署,福井市木田町２５０１番２号,36.04445500277778,136.21975508888886,100,
8358,公設消火栓,南消防署,福井市木田町２６１１番,36.044111099999995,136.22174399444447,100,
8359,公設消火栓,南消防署,福井市木田町１７０９番,36.04621578333334,136.22016899166667,200,
8360,公設消火栓,南消防署,福井市木田町２１０６番,36.045499886111116,136.22048600555553,100,
8361,公設消火栓,南消防署,福井市木田町２２１４番,36.04496895277777,136.22044102777778,250,
8362,公設消火栓,南消防署,福井市木田町１５１２番２号,36.04672974444444,136.22125490833332,100,
8363,公設消火栓,南消防署,福井市木田町２９番６号,36.04925143611111,136.22205475555558,100,
8364,公設消火栓,南消防署,福井市木田町１５０１番１号,36.04736862777778,136.21999395555557,200,
8365,公設消火栓,南消防署,福井市木田町１３１０番,36.04724961944445,136.21899401944447,100,
8366,公設消火栓,南消防署,福井市木田町１４０３番２号,36.04705165833333,136.21958899166668,100,
8367,公設防火水槽,南消防署,福井市木田町２３０３番２号,36.04501396388889,136.22104399166665,,
8368,公設防火水槽,南消防署,福井市木田町６４番１１号,36.049649374999994,136.2216637611111,,
8369,公設消火栓,社分署,福井市狐橋１丁目２０７番,36.058809350000004,136.18096740555555,150,
8370,公設防火水槽,北分署,福井市上森田１丁目６０８番,36.11288107777778,136.22850416388886,,
8371,公設防火水槽,北分署,福井市上森田２丁目,36.11255316944445,136.23010999166667,,
8372,公設消火栓,西分署,福井市乾徳４丁目１番１号,36.07104815555555,136.20663104999997,100,
8373,公設消火栓,西分署,福井市乾徳４丁目５番５号,36.071098116666676,136.2049902527778,100,
8374,公設消火栓,西分署,福井市乾徳３丁目９番１４号,36.0719850388889,136.20694205,250,
8375,公設消火栓,西分署,福井市乾徳２丁目６番６号,36.07340091388889,136.20985573055552,250,
8376,公設消火栓,西分署,福井市乾徳３丁目４番９号,36.073756827777785,136.20816696388886,150,
8377,公設消火栓,西分署,福井市乾徳３丁目１１番２４号,36.07376180277778,136.20695912500003,150,
8378,公設消火栓,西分署,福井市乾徳３丁目１０番１０号,36.07259795555556,136.2068980833333,150,
8379,公設消火栓,西分署,福井市乾徳４丁目７番２０号,36.07273988055555,136.20407345555554,100,
8380,公設消火栓,西分署,福井市乾徳４丁目６番２８号,36.072517936111105,136.2054792611111,100,
8381,公設防火水槽,西分署,福井市乾徳４丁目８番,36.07310688055556,136.20660114444442,,
8382,公設防火水槽,西分署,福井市乾徳２丁目１１番,36.071657127777776,136.20929474166667,,
8383,私設防火水槽,西分署,福井市乾徳４丁目８番１９号,36.07434269444445,136.2054983472222,,
8384,プール,西分署,福井市乾徳４丁目８番１９号,36.074772613888896,136.2043705222222,,
8385,公設消火栓,南消防署,福井市下馬１丁目９０５番,36.043500525,136.23885198333332,100,
8386,公設消火栓,南消防署,福井市下馬１丁目１７１０番,36.04266464722222,136.23993496666668,100,
8387,公設消火栓,南消防署,福井市下馬１丁目２１３番,36.04537526666667,136.2372929777778,100,
8388,公設消火栓,北分署,福井市川合鷲塚町１７－２４,36.11740485000001,136.20244891666664,100,
8389,公設消火栓,北分署,福井市川合鷲塚町２５－２２,36.11593906111111,136.20378583055557,100,
8390,公設消火栓,北分署,福井市川合鷲塚町２５－１０－１,36.11546612777778,136.2040518194444,100,
8391,公設消火栓,東分署,福井市上中町３３番６号,36.08244201944444,136.27015952499997,200,
8392,公設消火栓,東分署,福井市上中町３３番１４号,36.08271410833333,136.27193635555554,100,
8393,公設消火栓,東分署,福井市上中町２２番１９号,36.081152775,136.26442408055559,150,
8394,公設消火栓,東分署,福井市上中町２１番１号,36.08138355555556,136.26134935,150,
8395,公設消火栓,東分署,福井市上中町２０番１０号,36.08008365277778,136.2607964333333,150,
8396,公設消火栓,東分署,福井市上中町４１番１号,36.08029508055555,136.26781479722226,100,
8397,公設消火栓,東分署,福井市上中町１６番４１号２,36.080477513888894,136.25926755833336,150,
8398,公設消火栓,東分署,福井市上中町３番１号,36.084447433333324,136.26426800833335,100,
8399,公設消火栓,東分署,福井市上中町３番１号,36.083983427777774,136.26345409444443,100,
8400,公設消火栓,東分署,福井市上中町１３番１３号,36.08175853611111,136.26167631111113,100,
8401,公設消火栓,東分署,福井市上中町２６番３１号,36.08242778888889,136.26661484722223,250,
8402,公設消火栓,東分署,福井市上中町４３番２８号,36.08084525555555,136.27139545833336,150,
8403,公設消火栓,東分署,福井市上中町２６番８１号,36.08240873055555,136.2656509361111,150,
8404,公設消火栓,東分署,福井市上中町３４番２５号,36.081817136111106,136.27100946666667,100,
8405,公設消火栓,東分署,福井市上中町３２番９号,36.08374997222222,136.27139237500003,200,
8406,公設消火栓,東分署,福井市上中町３２番１１号,36.084127991666676,136.27226428055553,200,
8407,公設防火水槽,麻生津分遣所,福井市生部町５番６号,35.990958938888895,136.2460278611111,,
8408,公設防火水槽,麻生津分遣所,福井市生部町１番３８号,35.98969810277778,136.24557288055553,,
8409,プール,麻生津分遣所,福井市生部町３６番６号,35.99988380833333,136.2535994527778,,
8410,公設消火栓,臨海消防署,福井市石新保町１１番２１号,36.14561499999999,136.10777114444446,100,
8411,公設消火栓,臨海消防署,福井市石新保町１１番１号,36.147006877777784,136.10677608888886,100,
8412,公設消火栓,臨海消防署,福井市石新保町１３番１７号,36.145321011111115,136.10849612777776,100,
8413,公設消火栓,越廼分署,福井市居倉町,36.009759474999996,135.98849173333335,75,
8414,公設防火水槽,越廼分署,福井市居倉町３９番１６号,36.00942649722222,135.9880147861111,,
8415,公設消火栓,足羽分遣所,福井市荒木町１６番３１号１,36.03836358611112,136.26578332500003,100,
8416,公設消火栓,足羽分遣所,福井市荒木町１６番１６号,36.03933451388888,136.26645525555554,100,
8417,公設消火栓,足羽分遣所,福井市荒木町１７番５号,36.04051536388889,136.2657472527778,200,
8418,公設消火栓,足羽分遣所,福井市荒木町９９９,36.041551197222226,136.2641523083333,200,
8419,公設消火栓,足羽分遣所,福井市荒木新保町,36.03512825277778,136.27265309722222,200,
8420,公設消火栓,足羽分遣所,福井市荒木町１４番４号,36.03864273055555,136.26997510000004,100,
8421,公設消火栓,足羽分遣所,福井市荒木町２２番１７号,36.039903458333335,136.26651623333333,100,
8422,公設消火栓,足羽分遣所,福井市荒木町１３番４５号,36.0399595,136.26776616388887,100,
8423,公設消火栓,社分署,福井市狐橋１丁目２０１番,36.05920830555556,136.18112839444444,150,
8424,公設消火栓,社分署,福井市狐橋１丁目４０５番,36.059458266666674,136.18022850833336,100,
8425,公設消火栓,社分署,福井市狐橋１丁目４０１番,36.059791225,136.18004453888886,150,
8426,公設消火栓,社分署,福井市加茂河原３丁目１０番８号,36.06335193888889,136.19184929166667,150,
8427,公設消火栓,社分署,福井市加茂河原１丁目７番１８号,36.060911291666656,136.1954487388889,150,
8428,公設消火栓,社分署,福井市加茂河原１丁目４番８号,36.0593995,136.1967295111111,250,
8429,公設消火栓,社分署,福井市加茂河原２丁目８番号,36.060349325000004,136.19264804444444,100,
8430,公設消火栓,社分署,福井市加茂河原２丁目１３番１５号,36.061219227777784,136.19342399166663,150,
8431,公設消火栓,社分署,福井市加茂河原３丁目７番２１号,36.061840125,136.19151624444444,150,
8432,公設消火栓,社分署,福井市加茂河原１丁目９番５号,36.062049163888894,136.19697063055557,250,
8433,公設消火栓,社分署,福井市加茂河原１丁目２番８号,36.06137225277779,136.19685460000002,150,
8434,公設消火栓,社分署,福井市加茂河原１丁目５番５３号,36.06036135555556,136.19494277222225,100,
8435,公設消火栓,社分署,福井市加茂河原２丁目１０番６号,36.06169118055555,136.19435190833335,100,
8436,公設消火栓,社分署,福井市加茂河原３丁目８番６号,36.062366069444444,136.1922821861111,100,
8437,公設消火栓,社分署,福井市加茂河原３丁目７番３０号,36.06205208888888,136.19057736388885,150,
8438,公設消火栓,社分署,福井市加茂河原４丁目７番２７号,36.058905536111105,136.19481571666662,100,
8439,公設消火栓,社分署,福井市加茂河原３丁目１３番１４号,36.063576902777776,136.19118537777777,150,
8440,公設防火水槽,社分署,福井市加茂河原３丁目４番２７号,36.061524175,136.1922961361111,,
8441,公設消火栓,南消防署,福井市下馬１丁目２０１番,36.045969208333325,136.23805989722223,100,
8442,公設消火栓,南消防署,福井市下馬１丁目３０５番,36.04492231944445,136.23721800555552,100,
8443,公設消火栓,南消防署,福井市下馬１丁目２０４番,36.04551426666666,136.2382179111111,100,
8444,公設消火栓,南消防署,福井市木田３丁目２７１０番,36.041614513888895,136.2255858888889,100,
8445,公設消火栓,南消防署,福井市木田３丁目１６０７番,36.042525386111116,136.22519986666669,150,
8446,公設消火栓,南消防署,福井市木田３丁目,36.042333383333336,136.22396395,100,
8447,公設消火栓,南消防署,福井市木田３丁目１１０４,36.04282731388889,136.22373593888886,150,
8448,公設消火栓,南消防署,福井市木田３丁目,36.04393620277778,136.22541078333336,100,
8449,公設消火栓,南消防署,福井市木田３丁目,36.043644208333326,136.2237498972222,100,
8450,公設消火栓,南消防署,福井市木田３丁目７０１番,36.04425011666666,136.22322190000003,200,
8451,公設消火栓,南消防署,福井市木田３丁目１４０４,36.041047569444444,136.2247579666667,100,
8452,公設消火栓,南消防署,福井市木田３丁目１５０８番１号,36.04178346944444,136.22451094444446,100,
8453,公設消火栓,南消防署,福井市木田３丁目３１０４番,36.04049465833334,136.22551095000003,200,
8454,公設消火栓,南消防署,福井市木田３丁目３１０４番,36.04057565277777,136.22569693611112,100,
8455,公設消火栓,南消防署,福井市木田１丁目２００４番,36.04748570277778,136.22361573055554,100,
8456,公設消火栓,南消防署,福井市木田１丁目２３２８番,36.048015630555554,136.22344671944447,100,
8457,公設防火水槽,南消防署,福井市木田町,36.04897940555555,136.2194799222222,,
8458,プール,南消防署,福井市木田１丁目１３６０　木田小学校南側,36.04765462222223,136.22123887222222,,
8459,公設消火栓,東分署,福井市上中町,36.084192075,136.27382811388887,200,
8460,公設消火栓,東分署,福井市上中町３３番３２号,36.081695225000004,136.27222835833336,100,
8461,公設消火栓,東分署,福井市上中町４８番２２号,36.082114233333336,136.27297026666665,100,
8462,公設消火栓,東分署,福井市上中町２８番２６号,36.08249995833334,136.26931159999998,250,
8463,公設消火栓,清水分署,福井市グリーンハイツ９丁目１１９番,36.04020119999999,136.16594911666664,150,
8464,公設消火栓,清水分署,福井市グリーンハイツ９丁目１３０番,36.03986824444445,136.16645806111111,100,
8465,公設消火栓,清水分署,福井市グリーンハイツ９丁目１６１番,36.040179233333326,136.1679658888889,150,
8466,公設消火栓,清水分署,福井市グリーンハイツ９丁目１６５番,36.039774272222225,136.16761293055555,100,
8467,公設消火栓,清水分署,福井市グリーンハイツ９丁目１６９番,36.03961530277777,136.16838784444442,100,
8468,公設消火栓,清水分署,福井市グリーンハイツ１０丁目１０１番,36.03952931944444,136.16890978611113,200,
8469,公設消火栓,清水分署,福井市グリーンハイツ１０丁目１１４番,36.03899338611111,136.16935973888891,100,
8470,公設消火栓,清水分署,福井市グリーンハイツ１０丁目１５３番,36.03837645,136.16904078055555,100,
8471,公設消火栓,清水分署,福井市グリーンハイツ１０丁目１８４番,36.03773251388888,136.16854384444446,200,
8472,公設消火栓,清水分署,福井市グリーンハイツ１０丁目１９８番,36.03739954166667,136.16783292499997,100,
8473,公設消火栓,清水分署,福井市グリーンハイツ１０丁目２０９番,36.03684959722222,136.16754896111115,100,
8474,公設消火栓,清水分署,福井市グリーンハイツ１０丁目２０６番,36.03669062222222,136.16804390833332,100,
8475,公設消火栓,清水分署,福井市グリーンハイツ１０丁目１９０番,36.03699359722222,136.16854884999998,200,
8476,公設消火栓,清水分署,福井市グリーンハイツ１０丁目１４０番,36.037610530555554,136.1686988277778,100,
8477,公設消火栓,清水分署,福井市グリーンハイツ１０丁目１１８番,36.03808848888888,136.16954372777778,100,
8478,公設消火栓,足羽分遣所,福井市荒木町１４番１６号,36.03924259722221,136.26829416388892,100,
8479,公設消火栓,足羽分遣所,福井市荒木町７番２１号,36.037849738888895,136.26822221944445,100,
8480,公設消火栓,足羽分遣所,福井市荒木町１７番１２号２,36.03969743611112,136.26543929722226,100,
8481,公設防火水槽,足羽分遣所,福井市荒木町,36.03852365555555,136.26790021111108,,
8482,公設防火水槽,足羽分遣所,福井市荒木町１７番４号,36.04006542777778,136.26619124444449,,
8483,公設消火栓,東消防署,福井市荒木別所町７番２６６号,36.04373105277778,136.26618611944446,150,
8484,公設消火栓,東消防署,福井市荒木別所町７番２６２号,36.044766958333334,136.26656905833335,150,
8485,公設消火栓,東消防署,福井市荒木別所町７番３０８号,36.04328416944444,136.26818801666667,100,
8486,公設消火栓,東消防署,福井市荒木別所町７番８号,36.04464002777777,136.2681879666667,100,
8487,公設消火栓,足羽分遣所,福井市荒木新保町８１番３号,36.033341130555556,136.26328274444444,100,
8488,公設消火栓,足羽分遣所,福井市荒木新保町,36.03652206666667,136.27271803888885,200,
8489,公設消火栓,足羽分遣所,福井市荒木新保町１５番４号１,36.037685941666666,136.27271098611112,200,
8490,公設消火栓,足羽分遣所,福井市稲津町２３番１０号,36.03092933333333,136.25526757777777,100,
8491,公設消火栓,足羽分遣所,福井市稲津町２９番１８号,36.03100232777778,136.2563284722222,100,
8492,公設消火栓,足羽分遣所,福井市稲津町２４番１８号,36.02972951388889,136.25568764166667,100,
8493,公設消火栓,足羽分遣所,福井市稲津町２５番１２号,36.02944656388889,136.25655358611107,100,
8494,公設消火栓,足羽分遣所,福井市稲津町５６番２９号,36.028563686111106,136.25525378055553,100,
8495,公設消火栓,足羽分遣所,福井市稲津町,36.028441711111114,136.25636469166668,100,
8496,公設消火栓,足羽分遣所,福井市稲津町２７番２３号,36.028710680555555,136.25754856111112,100,
8497,公設防火水槽,社分署,福井市加茂河原１丁目５番１号,36.060611344444446,136.1964206111111,,
8498,公設防火水槽,社分署,福井市加茂河原３丁目８番６号,36.06284700277777,136.1919272527778,,
8499,公設消火栓,社分署,福井市加茂河原町３０番１号１,36.05397001944445,136.18770243055556,100,
8500,公設消火栓,社分署,福井市加茂河原町３０番１４号２,36.053923016666666,136.18711850833336,100,
8501,公設防火水槽,清水分署,福井市片粕町２７番５号,36.04944217222222,136.1660211111111,,
8502,公設防火水槽,清水分署,福井市片粕町６４番７号,36.045178674999995,136.16783286666666,,
8503,公設防火水槽,清水分署,福井市片粕町６１番１８号,36.04821133055556,136.1674109361111,,
8504,公設防火水槽,清水分署,福井市片粕町６７番２３号,36.043834811111104,136.16709395833334,,
8505,公設消火栓,清水分署,福井市片山町８３番６６号,36.030052438888895,136.16623321666665,75,
8506,公設消火栓,清水分署,福井市片山町２１番６３号,36.02623388055555,136.15878111944443,150,
8507,公設消火栓,清水分署,福井市片山町２６番５号,36.02555196666666,136.1595880361111,100,
8508,公設消火栓,清水分署,福井市片山町２６番１９号,36.02496504166666,136.15959505000004,150,
8509,公設消火栓,清水分署,福井市片山町２６番２６号,36.02466208611111,136.16014699444446,100,
8510,公設消火栓,清水分署,福井市片山町２６番３号,36.023959177777776,136.16044697777775,75,
8511,公設消火栓,清水分署,福井市片山町２８番６５号,36.02317227499999,136.15978006666668,200,
8512,公設消火栓,清水分署,福井市片山町２８番６５号,36.02229039444444,136.16020104166662,200,
8513,公設消火栓,清水分署,福井市片山町２９番１９号,36.02154449166667,136.16033204444446,150,
8514,公設消火栓,清水分署,福井市片山町,36.021217538888884,136.1612549527778,75,
8515,公設消火栓,清水分署,福井市片山町２９番６号,36.02190345,136.1615639055556,150,
8516,公設消火栓,南消防署,福井市木田町３５番,36.048793438888886,136.21988590555557,200,
8517,公設消火栓,南消防署,福井市木田町２３番,36.048686438888886,136.21936894166666,150,
8518,公設消火栓,南消防署,福井市木田町１９番１号,36.0481465,136.21890798888887,150,
8519,公設消火栓,南消防署,福井市木田町６番１号,36.04932134722222,136.21894394166665,100,
8520,公設消火栓,南消防署,福井市木田町１８０４番１号,36.04666370833333,136.21952501111113,100,
8521,公設消火栓,社分署,福井市加茂河原２丁目２０番７号,36.06089525555555,136.19242509444445,100,
8522,公設消火栓,社分署,福井市加茂河原２丁目１４番１８号,36.060498313888885,136.19325198055554,100,
8523,公設消火栓,社分署,福井市加茂河原２丁目９番２２号,36.060045380555565,136.19398587222224,100,
8524,公設消火栓,社分署,福井市加茂河原２丁目２番１９号,36.0623411,136.19481589444447,100,
8525,公設消火栓,社分署,福井市加茂河原２丁目２２番１８号,36.06304100277777,136.19414901388888,100,
8526,公設消火栓,社分署,福井市加茂河原１丁目５番２号,36.060386361111114,136.1957156833333,150,
8527,公設消火栓,社分署,福井市加茂河原１丁目５番４７号,36.059591455555555,136.19522670000003,150,
8528,公設消火栓,社分署,福井市加茂河原４丁目２番２２号,36.059277486111114,136.19469275,100,
8529,公設消火栓,社分署,福井市加茂河原４丁目５番２２号,36.059891405555554,136.19428182777781,100,
8530,公設消火栓,社分署,福井市加茂河原４丁目２番２１号,36.059024511111105,136.19414280555554,150,
8531,公設消火栓,社分署,福井市加茂河原４丁目７番１５号,36.058758536111114,136.19359885833336,150,
8532,公設消火栓,社分署,福井市加茂河原１丁目４番,36.059674475,136.19722946944447,250,
8533,公設消火栓,社分署,福井市加茂河原１丁目５番２７号,36.05886255277778,136.19559561944445,250,
8534,公設消火栓,清水分署,福井市グリーンハイツ１０丁目１２５番,36.037238577777785,136.16917977777774,100,
8535,公設消火栓,清水分署,福井市グリーンハイツ１０丁目１２０番１号,36.03743856111112,136.16959073055554,100,
8536,公設防火水槽,清水分署,福井市グリーンハイツ２丁目１１０番,36.04527853333333,136.15849196666665,,
8537,公設防火水槽,清水分署,福井市グリーンハイツ９丁目１６５番,36.040160225,136.16729096388892,,
8538,公設防火水槽,清水分署,福井市グリーンハイツ９丁目１５０番,36.04054919722222,136.1683548388889,,
8539,公設消火栓,西分署,福井市学園２丁目２番４号,36.070162149999994,136.20027676944446,100,
8540,公設消火栓,西分署,福井市学園１丁目１番１６号,36.07097307499999,136.20201661111113,200,
8541,公設消火栓,西分署,福井市学園２丁目１２番２２号,36.070873025000004,136.198785,200,
8542,公設消火栓,西分署,福井市学園２丁目１番２６号,36.07092605,136.2003568111111,200,
8543,公設消火栓,西分署,福井市学園２丁目１１番１３号,36.07010711666667,136.19816801944444,100,
8544,公設消火栓,西分署,福井市学園２丁目８番１号,36.069818177777776,136.1993238611111,100,
8545,公設消火栓,西分署,福井市学園２丁目５番２６号,36.06933226388889,136.20044069999997,100,
8546,公設消火栓,西分署,福井市学園２丁目６番１０号,36.069285227777776,136.19825495277777,100,
8547,公設消火栓,西分署,福井市学園３丁目１番１０号,36.070806999999995,136.1970132111111,200,
8548,公設消火栓,西分署,福井市学園３丁目１番２０号,36.07039606111111,136.19728214722224,300,
8549,公設消火栓,西分署,福井市学園３丁目５番２２号,36.069193222222225,136.19735505277777,300,
8550,公設消火栓,西分署,福井市学園３丁目６番,36.068835263888886,136.19651011944444,100,
8551,公設消火栓,西分署,福井市学園２丁目９番６号,36.069535180555555,136.19755205,100,
8552,公設消火栓,足羽分遣所,福井市稲津町３０番１号,36.031021330555554,136.2575483611111,150,
8553,公設消火栓,足羽分遣所,福井市稲津町４２番７号,36.02864169722223,136.25840649166668,100,
8554,公設消火栓,足羽分遣所,福井市稲津町４３番９号,36.02821677222222,136.25951442777782,100,
8555,公設消火栓,足羽分遣所,福井市稲津町４３番１７号,36.02884168055555,136.25969535833335,100,
8556,公設消火栓,足羽分遣所,福井市稲津町２６番３９号,36.02762185555556,136.25872854166664,100,
8557,公設消火栓,足羽分遣所,福井市稲津町７５番２１号,36.02637799444445,136.25256519722222,100,
8558,公設消火栓,足羽分遣所,福井市稲津町７２番５５号,36.026738944444446,136.2531901111111,100,
8559,公設消火栓,足羽分遣所,福井市稲津町６９番７号,36.027729775,136.251082225,150,
8560,公設消火栓,足羽分遣所,福井市稲津町８１番１号,36.02201964166667,136.2501497888889,100,
8561,公設消火栓,足羽分遣所,福井市稲津町８３番１号,36.021264755555556,136.24999386944447,100,
8562,公設消火栓,足羽分遣所,福井市稲津町８３番１号,36.021530725,136.25117972500001,100,
8563,公設消火栓,臨海消防署,福井市糸崎町１２番５号,36.12198160277778,136.05662564444447,100,
8564,公設消火栓,臨海消防署,福井市糸崎町１５番３号,36.12106973888889,136.0559947416667,100,
8565,公設消火栓,足羽分遣所,福井市荒木新保町７９番１８号,36.032824338888894,136.26672756944447,100,
8566,公設消火栓,足羽分遣所,福井市荒木新保町７９番２５号,36.03249340277778,136.2672365555555,100,
8567,公設消火栓,足羽分遣所,福井市荒木新保町７０番３号,36.03202948333333,136.2675835611111,100,
8568,公設消火栓,足羽分遣所,福井市荒木新保町４８番１８号,36.030104880555555,136.27128840555554,150,
8569,公設消火栓,足羽分遣所,福井市荒木新保町,36.04282603611111,136.2632383194444,250,
8570,公設消火栓,足羽分遣所,福井市荒木新保町３８番２３号,36.03179158611112,136.2695224472222,100,
8571,公設消火栓,清水分署,福井市片山町３０番６号,36.02287632777777,136.16209982499998,150,
8572,公設消火栓,清水分署,福井市片山町３０番４号,36.02285133611112,136.16290873888886,150,
8573,公設消火栓,清水分署,福井市片山町２２番１号,36.022903338888895,136.16435558333333,150,
8574,公設消火栓,清水分署,福井市片山町４７番１８号,36.023095325,136.1663663638889,150,
8575,公設消火栓,清水分署,福井市片山町４７番２号,36.023080327777784,136.1667733222222,150,
8576,公設消火栓,清水分署,福井市片山町５５番２０号,36.02283236666666,136.1678622111111,150,
8577,公設消火栓,社分署,福井市久喜津町６９番５８号,36.05036716944444,136.17255433055553,150,
8578,公設消火栓,社分署,福井市久喜津町６９番４９号,36.050503130555555,136.1710485138889,150,
8579,公設消火栓,社分署,福井市久喜津町７３番７号６,36.05178098611112,136.1709345333333,100,
8580,公設消火栓,社分署,福井市久喜津町４８番３４号,36.0529018611111,136.17100153333334,100,
8581,公設消火栓,社分署,福井市久喜津町４６番３４号,36.05394775,136.17110753333333,100,
8582,公設消火栓,社分署,福井市久喜津町４９番２９号,36.05378078055555,136.171984425,100,
8583,公設消火栓,社分署,福井市久喜津町,36.05474266944445,136.17153049444443,100,
8584,公設消火栓,社分署,福井市竹生町,36.05678043333333,136.1705956388889,100,
8585,公設消火栓,社分署,福井市久喜津町,36.057768316666674,136.17014971111112,100,
8586,公設消火栓,社分署,福井市久喜津町,36.06024903055555,136.1690128888889,100,
8587,公設消火栓,社分署,福井市久喜津町,36.06137389722222,136.1684979722222,100,
8588,公設消火栓,社分署,福井市久喜津町,36.06314769444444,136.1676891083333,100,
8589,公設消火栓,社分署,福井市久喜津町５３番２２号,36.05314185555555,136.17233437222222,150,
8590,公設消火栓,社分署,福井市加茂河原４丁目６番２号,36.05940944722223,136.19307095277776,100,
8591,公設消火栓,社分署,福井市加茂河原２丁目１８番２８号,36.0598363888889,136.19269201666665,100,
8592,公設消火栓,社分署,福井市加茂河原２丁目１８番１０号,36.0603583138889,136.19179314722223,100,
8593,公設消火栓,社分署,福井市加茂河原４丁目６番２０号,36.05971639444445,136.19205208888891,100,
8594,公設消火栓,社分署,福井市加茂河原２丁目１３番５号,36.06187215,136.19382698055557,100,
8595,公設消火栓,社分署,福井市加茂河原４丁目１番２７号,36.058380602777774,136.19500666944447,100,
8596,公設消火栓,南消防署,福井市春日３丁目,36.050557375,136.22631541666667,100,
8597,公設消火栓,南消防署,福井市春日３丁目１８０２番,36.05052128055555,136.22250266944445,100,
8598,公設消火栓,南消防署,福井市春日３丁目１７０２番,36.050179338888896,136.22297765555558,100,
8599,公設消火栓,南消防署,福井市春日３丁目１９０４番,36.05018831944444,136.2223326972222,100,
8600,公設消火栓,南消防署,福井市春日２丁目１７番４号,36.051168163888896,136.22117772777779,100,
8601,公設消火栓,南消防署,福井市春日２丁目７番１３号,36.05223797499999,136.21933580277778,150,
8602,公設消火栓,南消防署,福井市春日１丁目７－１３,36.054328674999994,136.21826881388887,150,
8603,公設消火栓,南消防署,福井市春日１丁目１０番２号,36.05439569166668,136.21919375,150,
8604,公設消火栓,南消防署,福井市春日１丁目４番１１号,36.05340080277777,136.21851081666665,100,
8605,公設消火栓,南消防署,福井市春日１丁目６番１２号,36.05275386666667,136.21777188333334,150,
8606,公設消火栓,南消防署,福井市春日３丁目５２９番,36.05134619722222,136.22338557499998,100,
8607,公設消火栓,南消防署,福井市春日３丁目３０４番,36.05229305000001,136.22246359722223,250,
8608,公設消火栓,西分署,福井市学園３丁目２番７号,36.070285069444445,136.1963962305556,100,
8609,公設消火栓,西分署,福井市学園２丁目６番１号,36.06879331388889,136.19931779999996,100,
8610,公設消火栓,西分署,福井市学園１丁目４番８号,36.06943728888889,136.20244847222224,150,
8611,公設防火水槽,西分署,福井市学園１丁目４番８号,36.07015718055556,136.20184058333334,,
8612,公設防火水槽,西分署,福井市学園２丁目３番,36.06983720000001,136.20059271111114,,
8613,プール,西分署,福井市学園１丁目４番８号,36.06928227777777,136.20082965277777,,
8614,受水槽,西分署,福井市学園３丁目６番,36.06923520555555,136.1949573027778,,
8615,公設消火栓,北分署,福井市上森田２丁目８０８番,36.1118332611111,136.2301679861111,200,
8616,公設消火栓,北分署,福井市上森田３丁目１１１２番,36.111822322222224,136.23192379444444,150,
8617,公設消火栓,北分署,福井市上森田４丁目９１３番,36.1118283638889,136.23319265555557,150,
8618,公設消火栓,北分署,福井市上森田３丁目６０１番,36.11285024166666,136.23332064444446,100,
8619,公設消火栓,北分署,福井市上森田４丁目９２５番,36.11225335277777,136.23441752222223,100,
8620,公設消火栓,北分署,福井市上森田４丁目６１４番,36.11301925833334,136.234434525,100,
8621,公設消火栓,北分署,福井市上森田１丁目４０２番,36.11308301111111,136.22726529444444,100,
8622,公設消火栓,北分署,福井市上森田１丁目４０３番,36.113452961111115,136.22711830833333,100,
8623,公設消火栓,北分署,福井市上森田１丁目１０２番２号,36.11436081666666,136.22606541388888,150,
8624,公設消火栓,北分署,福井市上森田１丁目２０１番,36.11432186111111,136.22732428055554,150,
8625,公設消火栓,北分署,福井市上森田２丁目２０５番,36.11407799166666,136.2303519611111,200,
8626,公設消火栓,北分署,福井市上森田２丁目１１７番,36.114660897222215,136.2297150277778,100,
8627,公設消火栓,足羽分遣所,福井市荒木新保町４３番４号,36.03282148888889,136.27065832500003,100,
8628,公設消火栓,足羽分遣所,福井市荒木新保町３１番１５号,36.03522113333333,136.2700532416667,200,
8629,公設消火栓,足羽分遣所,福井市荒木町,36.03689593055555,136.27030315277776,100,
8630,公設消火栓,足羽分遣所,福井市荒木新保町２９番８号,36.03681785,136.2683002527778,100,
8631,公設消火栓,足羽分遣所,福井市荒木新保町７０番４３号,36.03006378888888,136.26846661388888,150,
8632,公設消火栓,足羽分遣所,福井市荒木新保町７０番３号,36.03139959166667,136.2681335611111,100,
8633,公設消火栓,足羽分遣所,福井市荒木新保町６番２号２,36.03669175555556,136.2657593833333,200,
8634,公設防火水槽,足羽分遣所,福井市荒木新保町３０番３０号,36.03500204166667,136.26707541388888,,
8635,公設防火水槽,足羽分遣所,福井市荒木新保町,36.03382424722222,136.2680584277778,,
8636,公設消火栓,足羽分遣所,福井市荒木町５番,36.03737873055555,136.26687130555555,100,
8637,公設消火栓,足羽分遣所,福井市荒木町５番２２号,36.03834363055556,136.2668012722222,100,
8638,公設消火栓,足羽分遣所,福井市荒木新保町３０番２号３,36.03421616388889,136.26731644999998,150,
8639,公設消火栓,足羽分遣所,福井市荒木新保町３０番１８号１,36.034035233333334,136.26843039444447,150,
8640,公設消火栓,足羽分遣所,福井市荒木新保町３１番１２号,36.033966299999996,136.2698943138889,200,
8641,公設消火栓,麻生津分遣所,福井市浅水町,36.00593168611111,136.20074500833334,300,
8642,公設消火栓,麻生津分遣所,福井市浅水町１０２番１０号,36.00771343611111,136.20139886944446,200,
8643,公設消火栓,麻生津分遣所,福井市浅水町１０３番２１号,36.00650560555556,136.2009249666667,200,
8644,公設消火栓,麻生津分遣所,福井市浅水町１番３７号,36.00611645833334,136.19595341666667,250,
8645,公設消火栓,社分署,福井市久喜津町県道福井四ケ裏線上,36.05427475833334,136.17405817222226,150,
8646,公設消火栓,社分署,福井市久喜津町５２番１１号,36.055024694444434,136.17521504166666,150,
8647,公設消火栓,社分署,福井市久喜津町３４番１号,36.05680856111112,136.17972251666666,100,
8648,公設消火栓,社分署,福井市久喜津町６９番２７号,36.05107809166667,136.1727543083333,100,
8649,公設防火水槽,社分署,福井市久喜津町４６番３７号,36.054088736111105,136.17118452500003,,
8650,公設防火水槽,社分署,福井市久喜津町６９－５８,36.050547155555556,136.17287129166667,,
8651,公設防火水槽,社分署,福井市久喜津町７３番９号,36.05136202777778,136.1706095722222,,
8652,公設消火栓,東消防署,福井市北四ツ居２丁目８番４３号,36.06588419444445,136.2443588111111,100,
8653,公設消火栓,東消防署,福井市北四ツ居２丁目１０番１９号,36.06588725277777,136.2457947388889,100,
8654,公設消火栓,東消防署,福井市北四ツ居１丁目５番１２号,36.06516222777778,136.24339186666668,100,
8655,公設消火栓,東消防署,福井市北四ツ居１丁目１６番,36.064664325,136.2444588222222,100,
8656,公設消火栓,東消防署,福井市北四ツ居１丁目１０番２０号,36.064009380555554,136.2441088472222,100,
8657,公設消火栓,東消防署,福井市北四ツ居１丁目８番７号,36.06373736111111,136.24296390833334,100,
8658,公設消火栓,東消防署,福井市北四ツ居１丁目３２番２４号,36.06356761111112,136.2487026111111,100,
8659,公設消火栓,東消防署,福井市北四ツ居１丁目１８番１４号,36.06558420833333,136.2439448333333,150,
8660,公設消火栓,東消防署,福井市北四ツ居３丁目９番１号,36.06847794166666,136.24477775277776,100,
8661,公設消火栓,東消防署,福井市北四ツ居３丁目１２番３０号,36.06822299444445,136.2453417277778,100,
8662,公設消火栓,東消防署,福井市北四ツ居１丁目９番２７号,36.063187525000004,136.24560078888885,100,
8663,公設消火栓,東消防署,福井市北四ツ居３丁目５番３２号,36.06736202222223,136.24398080833333,250,
8664,公設消火栓,南消防署,福井市春日３丁目４１４番,36.05221809166666,136.22364951944445,100,
8665,公設消火栓,南消防署,福井市春日２丁目１７番１５号,36.05072423333333,136.22162771944443,100,
8666,公設消火栓,南消防署,福井市春日２丁目１７番１０号,36.05123516944444,136.2217966861111,100,
8667,公設消火栓,南消防署,福井市春日３丁目ロイヤルタウン春日内,36.05094923611111,136.2228796277778,100,
8668,公設防火水槽,南消防署,福井市春日２丁目１０番２３号,36.051554075000006,136.21976580277777,,
8669,公設防火水槽,南消防署,福井市春日１丁目９番１４号,36.05339881388889,136.21896378611112,,
8670,公設防火水槽,南消防署,福井市春日１丁目１６番３号,36.05281294444445,136.22101866944448,,
8671,公設消火栓,足羽分遣所,福井市城戸ノ内町２８－７,35.999621838888885,136.29416127500002,200,
8672,公設消火栓,足羽分遣所,福井市城戸ノ内町,36.00139870277777,136.2951201333333,200,
8673,公設防火水槽,足羽分遣所,福井市城戸ノ内町１４番２５号,36.00184674166667,136.29723582777777,,
8674,河川,足羽分遣所,福井市城戸ノ内町地係,36.007765313888896,136.30009942222225,,
8675,公設消火栓,川西分署,福井市木下町１２番５号,36.14344652777777,136.12759160833338,100,
8676,公設消火栓,川西分署,福井市木下町３番３号,36.14451040833333,136.12770848333332,100,
8677,公設消火栓,川西分署,福井市木下町４番２１号,36.145301316666675,136.127436425,100,
8678,公設消火栓,川西分署,福井市木下町７番１０８号,36.1453213638889,136.129949175,300,
8679,公設消火栓,川西分署,福井市木下町４番１４号,36.14561029444444,136.12797733611112,300,
8680,公設消火栓,川西分署,福井市木下町,36.14638934166667,136.1346605722222,300,
8681,公設消火栓,川西分署,福井市木下町４番６５号,36.14471839722221,136.12830840277778,300,
8682,公設消火栓,川西分署,福井市木下町６番１号,36.14559038333333,136.1324218972222,100,
8683,公設消火栓,北分署,福井市上森田２丁目７０２番２号,36.11257819722222,136.2309678972222,200,
8684,公設消火栓,北分署,福井市上森田３丁目１２２５番,36.11173131111112,136.23125186666664,100,
8685,公設消火栓,北分署,福井市上森田２丁目１００４番,36.112186175,136.2289151222222,100,
8686,公設消火栓,北分署,福井市上森田２丁目３１３番,36.113755999999995,136.2294320611111,100,
8687,公設消火栓,北分署,福井市上森田５丁目２０４番,36.110047619444444,136.23437350277777,100,
8688,公設消火栓,北分署,福井市上森田５丁目８０３番,36.109294730555554,136.23482844444445,100,
8689,公設消火栓,北分署,福井市上森田５丁目１００３番,36.10917280833334,136.23610630277778,100,
8690,公設消火栓,北分署,福井市上森田４丁目１３０３番,36.110914511111105,136.23421253333333,100,
8691,公設消火栓,西分署,福井市乾徳２丁目２番７号,36.070937227777776,136.20946969722223,100,
8692,公設消火栓,西分署,福井市乾徳３丁目８番１号,36.07100718888889,136.20796988333336,100,
8693,公設消火栓,西分署,福井市乾徳４丁目１番２５号,36.071494097222214,136.2067180583333,100,
8694,公設消火栓,西分署,福井市乾徳３丁目７番２９号,36.07231201666666,136.2080979166667,250,
8695,公設消火栓,西分署,福井市乾徳２丁目１０番３１号,36.07192609166667,136.20926675555555,100,
8696,公設消火栓,西分署,福井市乾徳２丁目１番２２号,36.07179614722223,136.21050559722224,100,
8697,公設消火栓,西分署,福井市乾徳１丁目１３番１７号,36.07178516666667,136.21105353055555,100,
8698,公設消火栓,中消防署,福井市田原２丁目１８番７号,36.07208418055556,136.2126313416667,100,
8699,公設消火栓,西分署,福井市乾徳２丁目４番２１号,36.07275102222222,136.2105586194444,100,
8700,公設消火栓,西分署,福井市乾徳１丁目７番２７号,36.072572108333326,136.21243337777778,100,
8701,公設消火栓,西分署,福井市乾徳１丁目１２番１９号,36.07287301111111,136.21069760555557,100,
8702,公設消火栓,麻生津分遣所,福井市浅水町１０７番,36.00467885277777,136.2000121333333,150,
8703,公設消火栓,麻生津分遣所,福井市浅水町１０２番１８号,36.00852028333333,136.2007328888889,150,
8704,公設消火栓,麻生津分遣所,福井市浅水町１０６番２号,36.005653683333335,136.19958212222224,300,
8705,公設消火栓,麻生津分遣所,福井市浅水町１番３２号,36.005773572222225,136.19729931666666,300,
8706,公設消火栓,麻生津分遣所,福井市浅水町１番７６号,36.00568852222222,136.19585945,100,
8707,公設消火栓,麻生津分遣所,福井市浅水町１０５番１０号４,36.006466675000006,136.2024808361111,300,
8708,公設消火栓,麻生津分遣所,福井市浅水町１０３番２１号,36.00644760277777,136.20066699166665,100,
8709,公設消火栓,麻生津分遣所,福井市浅水町１０３番２６号,36.00627258888889,136.1996700861111,100,
8710,公設消火栓,麻生津分遣所,福井市浅水町１０２番１号,36.00695851666667,136.2004579861111,100,
8711,公設消火栓,麻生津分遣所,福井市浅水町１０３番５０号,36.006120572222216,136.19864818055558,100,
8712,公設消火栓,麻生津分遣所,福井市浅水町１０５番１号１,36.006087705555565,136.20175891388888,300,
8713,公設防火水槽,麻生津分遣所,福井市浅水町１４番２９号,36.00559061111111,136.19754430277777,,
8714,公設防火水槽,麻生津分遣所,福井市真木町１０７番,36.0043769,136.19998815,,
8715,公設消火栓,南消防署,福井市足羽５丁目８番１１号,36.057141844444445,136.199395175,250,
8716,公設消火栓,南消防署,福井市足羽２丁目１５番１１号,36.060663497222215,136.20457287499997,100,
8717,公設消火栓,南消防署,福井市足羽２丁目１２番１１号,36.05961364166667,136.20483382777778,100,
8718,公設消火栓,臨海消防署,福井市糸崎町２番６号,36.12264150555556,136.05741754722226,100,
8719,公設消火栓,臨海消防署,福井市糸崎町７番２号,36.12518312500001,136.0577893916667,200,
8720,公設消火栓,東消防署,福井市北四ツ居２丁目６番１６号,36.067264058333336,136.24456378055555,100,
8721,公設消火栓,東消防署,福井市北四ツ居３丁目１４番２８号,36.06738308888889,136.24554273055557,250,
8722,公設消火栓,東消防署,福井市北四ツ居３丁目２番５号,36.06909483333333,136.24384178888886,100,
8723,公設消火栓,東消防署,福井市北四ツ居１丁目９番３８号,36.06319547500001,136.24439784722222,100,
8724,公設消火栓,東消防署,福井市北四ツ居１丁目２５番１号,36.06332555555556,136.24676973055557,100,
8725,公設消火栓,東消防署,福井市北四ツ居３丁目１７番１８号,36.068809075,136.24831655,100,
8726,公設消火栓,東消防署,福井市北四ツ居３丁目１５番６２号,36.06771718055556,136.24826356944448,100,
8727,公設消火栓,東消防署,福井市北四ツ居３丁目７番２１号,36.06828893888889,136.24430077777782,100,
8728,公設消火栓,東消防署,福井市勝見３丁目１７番１０号,36.05496303611112,136.23380170277778,100,
8729,公設消火栓,東消防署,福井市勝見３丁目１７番２４号,36.05460706388888,136.23334875,100,
8730,公設消火栓,東消防署,福井市勝見３丁目１６番２６号,36.055017975,136.23193483333336,100,
8731,公設消火栓,東消防署,福井市勝見３丁目１３番１０号,36.054063116666676,136.23293780555554,100,
8732,公設消火栓,東消防署,福井市勝見３丁目１４番２７号,36.053801127777774,136.2322768638889,100,
8733,公設消火栓,東消防署,福井市勝見３丁目２０番１２号,36.05363818333334,136.23351778333335,100,
8734,公設消火栓,東消防署,福井市勝見３丁目２２番１２号,36.05224035,136.23345685833334,100,
8735,公設消火栓,東消防署,福井市勝見３丁目２４番１３号,36.05135447222222,136.2339378722222,100,
8736,公設消火栓,東消防署,福井市勝見２丁目５番９号,36.05550381388889,136.22847106111112,100,
8737,公設消火栓,東消防署,福井市勝見３丁目１３番３号,36.054449061111114,136.2326348083333,100,
8738,公設消火栓,東消防署,福井市勝見３丁目２５番６号,36.051204472222224,136.23322092777778,100,
8739,公設消火栓,川西分署,福井市木下町６番１号,36.145312394444446,136.1315830138889,100,
8740,公設消火栓,川西分署,福井市木下町６番１号,36.14497444166666,136.13206300555555,100,
8741,公設防火水槽,川西分署,福井市木下町５番１２号,36.14488238888888,136.12884733333337,,
8742,受水槽,川西分署,福井市木下町,36.14905991111111,136.12724903055556,,
8743,公設消火栓,川西分署,福井市木米町１番８号,36.09841661666667,136.14175245833331,100,
8744,公設消火栓,川西分署,福井市木米町１番１９号,36.098810586111114,136.1424913833333,100,
8745,公設消火栓,川西分署,福井市木米町１番３７号,36.09819969444445,136.1429473388889,100,
8746,河川,川西分署,福井市木米町,36.0985186388889,136.1427473583333,,
8747,公設消火栓,社分署,福井市久喜津町７０番２１号,36.05298087222222,136.17222338333332,100,
8748,公設消火栓,麻生津分遣所,福井市北山町１番９号１,36.0020982638889,136.2362985972222,150,
8749,公設防火水槽,麻生津分遣所,福井市北山町７番１０号１,36.00060550833333,136.2388614388889,,
8750,公設防火水槽,麻生津分遣所,福井市北山町６番４号,36.002170275000005,136.23769651944446,,
8751,公設防火水槽,麻生津分遣所,福井市北山町５番１８号,36.00161236388889,136.23853146666667,,
8752,公設消火栓,東消防署,福井市北四ツ居３丁目１５番１７号,36.06925294166667,136.24648365555558,100,
8753,公設消火栓,東消防署,福井市北四ツ居１丁目３１番１１号,36.06420851111111,136.24783665555555,100,
8754,公設消火栓,東消防署,福井市北四ツ居１丁目３１番２１号,36.063564586111106,136.24805065277775,100,
8755,公設消火栓,東消防署,福井市北四ツ居１丁目３番,36.065392175,136.24269789722223,150,
8756,公設消火栓,東消防署,福井市北四ツ居２丁目２番２号,36.06652006111111,136.24285587499998,150,
8757,公設消火栓,西分署,福井市乾徳２丁目３番１８号,36.07291196666666,136.20948076111108,100,
8758,公設消火栓,西分署,福井市乾徳３丁目７番２１号,36.072961930555564,136.2080309527778,100,
8759,公設消火栓,西分署,福井市乾徳４丁目２番２２号,36.07303189444445,136.20668113055555,100,
8760,公設消火栓,西分署,福井市乾徳４丁目３番１９号,36.073034875,136.20584223888892,100,
8761,公設消火栓,西分署,福井市乾徳４丁目７番２０号,36.07302884166668,136.20418145555556,100,
8762,公設消火栓,西分署,福井市乾徳２丁目６番１５号,36.073817847222216,136.20956978055557,100,
8763,公設消火栓,西分署,福井市乾徳１丁目１０番１６号,36.07347593055556,136.2106916222222,100,
8764,公設消火栓,西分署,福井市乾徳１丁目１０番４号,36.0733479861111,136.21178647777776,250,
8765,公設消火栓,西分署,福井市乾徳１丁目４番２０号,36.07181019166667,136.21195341944443,100,
8766,公設消火栓,南消防署,福井市木田１丁目１７０６,36.04652986944445,136.22544665833334,100,
8767,公設消火栓,南消防署,福井市木田１丁目２４０２番,36.048785525,136.22321569999997,100,
8768,公設消火栓,南消防署,福井市木田１丁目２３０６番,36.048438588888885,136.2239996638889,100,
8769,公設消火栓,南消防署,福井市木田１丁目２７０４番,36.04897654444445,136.2250435722222,100,
8770,公設消火栓,南消防署,福井市木田１丁目２１１１番,36.047988677777774,136.2252966027778,100,
8771,公設消火栓,南消防署,福井市木田２丁目１９０１番,36.04648284444445,136.22410474444442,150,
8772,公設消火栓,南消防署,福井市木田３丁目２７０５番,36.04231443333333,136.22619681944443,100,
8773,公設消火栓,南消防署,福井市木田１丁目３１０３番,36.04862461944444,136.2262745111111,100,
8774,公設消火栓,南消防署,福井市木田３丁目７０１番,36.043558186111106,136.22221599444444,100,
8775,公設消火栓,南消防署,福井市木田３丁目２６０１番,36.044452147222216,136.22588273055553,100,
8776,公設消火栓,臨海消防署,福井市糸崎町１５番３号,36.11952596388888,136.05538686944445,100,
8777,公設防火水槽,臨海消防署,福井市糸崎町１１番２８号,36.12310343333334,136.0563336138889,,
8778,その他,臨海消防署,福井市糸崎町２１番２号,36.1215756638889,136.05653367222223,,
8779,公設消火栓,北分署,福井市稲多新町１番１号,36.10225711666667,136.2232135972222,100,
8780,公設消火栓,北分署,福井市稲多新町１番１４号,36.10295407777778,136.22411353055557,100,
8781,公設消火栓,北分署,福井市稲多新町２番１１号,36.102045161111114,136.22375253055554,100,
8782,公設消火栓,北分署,福井市稲多浜町３番８号,36.10178720555556,136.22418547222222,100,
8783,公設消火栓,北分署,福井市稲多元町３番２号,36.103065113888896,136.2253244,150,
8784,公設消火栓,北分署,福井市稲多元町２番６号,36.10243216111111,136.22481043055558,100,
8785,公設消火栓,足羽分遣所,福井市稲津町３４番２１号,36.033309988888895,136.25901202500003,150,
8786,公設消火栓,足羽分遣所,福井市稲津町６番１号,36.03061836111112,136.25205389722225,100,
8787,公設消火栓,足羽分遣所,福井市稲津町６６番３８号,36.028791644444446,136.25444883333333,150,
8788,河川,川西分署,福井市一王寺町,36.09929133333333,136.13760587777782,,
8789,公設消火栓,東消防署,福井市勝見１丁目８番１４号,36.05498179722222,136.22571127499998,100,
8790,公設消火栓,東消防署,福井市勝見２丁目７番７号,36.05646770555555,136.22876000000002,100,
8791,公設消火栓,東消防署,福井市勝見１丁目１番１０号,36.05697859722222,136.22733808611113,100,
8792,公設消火栓,東消防署,福井市勝見３丁目２番１４号,36.05568185555556,136.23064289722222,100,
8793,公設消火栓,東消防署,福井市勝見１丁目６－２０,36.05561767500001,136.22421836111113,100,
8794,公設消火栓,東消防署,福井市勝見１丁目１０－１７,36.05554873055555,136.22581324999996,100,
8795,公設防火水槽,東消防署,福井市勝見１丁目８番３号,36.05560371666667,136.22563826111113,,
8796,公設防火水槽,東消防署,福井市勝見３丁目６番２３号,36.05297920277777,136.2313459638889,,
8797,公設防火水槽,東消防署,福井市勝見２丁目,36.056209772222225,136.2299209277778,,
8798,公設消火栓,北分署,福井市栗森２丁目１９０２番,36.11903282777778,136.2413826888889,150,
8799,公設消火栓,北分署,福井市栗森町浜１０７番,36.116485072222225,136.2397789,150,
8800,公設消火栓,北分署,福井市栗森２丁目３０１７番,36.11811100277778,136.24261054166664,100,
8801,公設消火栓,北分署,福井市栗森１丁目１１４番,36.116861022222224,136.23968390833335,150,
8802,公設消火栓,北分署,福井市栗森２丁目２７２０番,36.116907994444446,136.2392229638889,100,
8803,公設消火栓,北分署,福井市栗森２丁目１８１０番,36.119077883333325,136.24264153055555,100,
8804,公設消火栓,北分署,福井市栗森２丁目１００７番,36.11993566666667,136.2403418083333,100,
8805,公設消火栓,北分署,福井市栗森１丁目５１３番,36.11670616944445,136.24241158055557,150,
8806,公設消火栓,東消防署,福井市北四ツ居３丁目４番６号,36.06809490833333,136.2431918361111,150,
8807,公設消火栓,東消防署,福井市北四ッ居３丁目１番２０号,36.06909481388889,136.24345081111113,150,
8808,公設消火栓,東消防署,福井市北四ッ居２丁目６番７号,36.06723401388889,136.24350083333331,100,
8809,公設消火栓,東消防署,福井市北四ッ居３丁目１番１６号,36.06884481111111,136.24280584444446,100,
8810,公設消火栓,東消防署,福井市北四ツ居２丁目１番１５号,36.06712797777777,136.24242588611114,100,
8811,公設消火栓,東消防署,福井市北四ツ居１丁目２番２２号,36.06546714166666,136.24210292499998,100,
8812,公設消火栓,東消防署,福井市北四ツ居１丁目１番６号,36.06393430277778,136.24198395000002,100,
8813,公設消火栓,東消防署,福井市北四ツ居３丁目８番１４号,36.06923885277778,136.24459475,100,
8814,公設消火栓,東消防署,福井市北四ツ居３丁目１０番１２号,36.06925290277778,136.24565069722226,100,
8815,公設消火栓,東消防署,福井市北四ツ居１丁目１５番２１号,36.06448437222223,136.24517279166665,100,
8816,公設消火栓,東消防署,福井市北四ツ居１丁目１９番２１号,36.06525627777778,136.24482279722224,100,
8817,公設防火水槽,南消防署,福井市春日２丁目１番１０号,36.05164001944444,136.2180329083333,,
8818,公設消火栓,南消防署,福井市春日町２３８番１,36.04978533055556,136.22067481666667,100,
8819,公設消火栓,南消防署,春日町２１１,36.050326213888894,136.21889990555556,100,
8820,公設消火栓,南消防署,福井市春日町１３０番,36.052001063888895,136.22159366666668,100,
8821,公設消火栓,麻生津分遣所,福井市主計中町５番１１号,36.00311636666667,136.20695557500002,150,
8822,公設消火栓,麻生津分遣所,福井市主計中町６番４号,36.00361921111111,136.2049297388889,150,
8823,公設消火栓,麻生津分遣所,福井市主計中町３２番３６号,35.98970326111112,136.20354145555555,100,
8824,公設消火栓,麻生津分遣所,福井市主計中町３２番５２号,35.988814375,136.2030875472222,100,
8825,公設消火栓,南消防署,福井市木田２丁目１８１０番,36.04553,136.2254997027778,100,
8826,公設消火栓,南消防署,福井市木田１丁目１９１１番,36.047035752777774,136.22324977500003,100,
8827,公設消火栓,南消防署,福井市木田１丁目１８１０番,36.04701378888889,136.2246686861111,100,
8828,公設消火栓,南消防署,福井市木田３丁目１３０１番,36.04202540833333,136.22314401111112,100,
8829,公設消火栓,南消防署,福井市木田３丁目２１０１番,36.04447510277778,136.22396084444443,100,
8830,公設消火栓,南消防署,福井市木田１丁目３２１５番,36.04744076111111,136.22582959444443,100,
8831,公設消火栓,南消防署,福井市木田２丁目１８０２番,36.045510972222225,136.22424078055553,100,
8832,公設消火栓,南消防署,福井市木田２丁目１２０２番,36.045551913888886,136.22188892222223,100,
8833,公設消火栓,南消防署,福井市木田２丁目１５１８番,36.04572992222222,136.22322983333336,200,
8834,公設消火栓,南消防署,福井市木田３丁目２８０８番,36.04231444444444,136.22671878888886,100,
8835,公設消火栓,南消防署,福井市木田３丁目３００２番,36.04106159444444,136.22601089444444,100,
8836,公設消火栓,南消防署,福井市上六条町１８番５４号,36.02657490833332,136.24634072222224,100,
8837,公設消火栓,南消防署,福井市上六条町１８番４０号,36.02672986666667,136.24516076388892,100,
8838,公設消火栓,南消防署,福井市上六条町９番１号,36.028938572222216,136.24766343333332,100,
8839,公設防火水槽,南消防署,福井市上六条町１８番３７号,36.02788570555556,136.2462656111111,,
8840,公設消火栓,清水分署,福井市加茂内町７番２号,36.02000640277778,136.11613330833336,75,
8841,公設消火栓,清水分署,福井市加茂内町７番２号,36.01954545833334,136.11606133333336,75,
8842,公設消火栓,清水分署,福井市加茂内町１番５５号,36.018718516666674,136.11313468055553,75,
8843,公設消火栓,清水分署,福井市加茂内町１－７７－１,36.018776491666664,136.1116448388889,200,
8844,公設防火水槽,美山分署,福井市市波町２４番３７号,36.01820216666666,136.33039819444446,,
8845,公設消火栓,東分署,福井市新保２丁目２２０６番,36.08221882222222,136.25080219999998,100,
8846,公設消火栓,東分署,福井市新保２丁目２１２番,36.07889115,136.25011634722222,100,
8847,公設消火栓,東分署,福井市新保２丁目２２８番,36.078338216666666,136.2501973555555,100,
8848,公設消火栓,東分署,福井市新保２丁目８１５番,36.0803049611111,136.24955235277776,100,
8849,公設消火栓,東分署,福井市新保１丁目１８０５番,36.07999395833333,136.2489364138889,150,
8850,公設消火栓,東分署,福井市新保１丁目５０５番,36.079348944444455,136.24744455277778,150,
8851,公設消火栓,東分署,福井市新保１丁目４０２番,36.07888301388889,136.2477505416667,100,
8852,公設消火栓,東分署,福井市新保１丁目１７１２番,36.079327025,136.24880044166665,100,
8853,公設消火栓,東分署,福井市新保１丁目７０１番,36.08022683055555,136.24718355,100,
8854,公設消火栓,東分署,福井市新保１丁目２００２番,36.08086879999999,136.24791147222226,250,
8855,公設消火栓,東分署,福井市新保１丁目１５１４番,36.07966593888889,136.2479525027778,100,
8856,公設消火栓,東分署,福井市新保３丁目１２０２番,36.08296079722222,136.2516941083333,100,
8857,公設消火栓,東分署,福井市新保１丁目５０４番,36.07907993333333,136.24675560277777,100,
8858,公設消火栓,東分署,福井市新保３丁目１７０６番,36.082229983333335,136.25348598333335,100,
8859,公設消火栓,東分署,福井市新保３丁目７１２番,36.081798963888886,136.25235808611112,200,
8860,公設消火栓,東分署,福井市新保３丁目７９１番２号,36.08116900555555,136.25193813611114,100,
8861,公設消火栓,東分署,福井市新保１丁目２３０２番,36.082621611111115,136.2480414111111,100,
8862,公設消火栓,東分署,福井市新保１丁目２３０７番,36.08267366388888,136.24902233055553,100,
8863,公設消火栓,北分署,福井市栗森１丁目８１５番,36.11558334166666,136.24301151666668,150,
8864,公設消火栓,北分署,福井市栗森１丁目９０７番,36.11613928055556,136.24321948611112,100,
8865,公設消火栓,北分署,福井市栗森１丁目３０４番,36.11745010277777,136.24298350277778,150,
8866,公設消火栓,北分署,福井市栗森１丁目９３０番,36.11673623888889,136.24392739444448,100,
8867,公設消火栓,北分署,福井市栗森１丁目９３０番,36.115922341666675,136.2439254055556,100,
8868,公設消火栓,北分署,福井市栗森１丁目２０８番,36.11723905833333,136.24143869444444,150,
8869,公設防火水槽,北分署,福井市栗森２丁目１６１２番,36.11907181111111,136.24111772222224,,
8870,受水槽,北分署,福井市栗森町４０１番,36.120693013888896,136.2249714388889,,
8871,公設消火栓,北分署,福井市栗森町浜３０６番,36.11535822222223,136.23991688611108,100,
8872,公設消火栓,社分署,福井市加茂緑苑町８０７番,36.05107248611111,136.19339669444443,200,
8873,公設消火栓,社分署,福井市加茂緑苑町６１０番,36.05237331111112,136.1926907472222,100,
8874,公設消火栓,社分署,福井市加茂緑苑町９０６番,36.05171743333333,136.19471549999997,100,
8875,公設消火栓,社分署,福井市加茂緑苑町５０５番,36.05445004444445,136.19219585000002,100,
8876,公設消火栓,北分署,福井市河合勝見町４番２４号１,36.1132053111111,136.1997463333333,150,
8877,公設消火栓,北分署,福井市河合勝見町２３番２０号,36.10898876944444,136.19778566666665,150,
8878,公設消火栓,北分署,福井市河合勝見町２３番１９号,36.10828285555556,136.1980276611111,150,
8879,公設消火栓,北分署,福井市河合勝見町２３番２号,36.10902474722222,136.19663077222222,100,
8880,公設消火栓,麻生津分遣所,福井市主計中町２７番２２号,35.98895841388889,136.20494332500002,150,
8881,公設消火栓,麻生津分遣所,福井市主計中町３３番１０号,35.990118175,136.20269753333335,100,
8882,公設消火栓,麻生津分遣所,福井市主計中町（今村）１０番３号２,36.001377625,136.20671965833333,100,
8883,公設消火栓,麻生津分遣所,福井市主計中町９番１１号,36.00096775277778,136.20846850555557,100,
8884,公設消火栓,麻生津分遣所,福井市主計中町１０番８号１,35.9996429388889,136.2080845861111,100,
8885,公設消火栓,麻生津分遣所,福井市主計中町９番１１号,36.00234055277778,136.2086964388889,100,
8886,公設消火栓,麻生津分遣所,福井市主計中町１０番１号,36.00061373333334,136.20651570555555,100,
8887,公設防火水槽,麻生津分遣所,福井市主計中町,35.98958628055556,136.20362845000002,,
8888,公設防火水槽,麻生津分遣所,福井市主計中町（今村）,36.003289286111105,136.2055846944444,,
8889,河川,麻生津分遣所,福井市主計中町地係　主計用水,35.98967127222222,136.20368144166667,,
8890,公設消火栓,清水分署,福井市片粕町３０番４３号,36.05406365833333,136.16590116666669,100,
8891,公設消火栓,清水分署,福井市片粕町２８番,36.051337955555546,136.16556917777777,100,
8892,公設消火栓,国見分遣所,福井市国見町猪口２２番３号３,36.09739459166667,136.05645486111112,100,
8893,公設消火栓,国見分遣所,福井市国見町,36.096887638888894,136.05590592222222,100,
8894,公設消火栓,国見分遣所,福井市国見町１８番３号,36.09672565833334,136.05480701111108,100,
8895,公設消火栓,国見分遣所,福井市国見町２０番３号,36.09593673055555,136.05348213888885,100,
8896,公設消火栓,国見分遣所,福井市国見町７番１号,36.09478982777778,136.05275723333335,100,
8897,公設消火栓,国見分遣所,福井市国見町１３番１０号,36.09341391666666,136.05216532777774,100,
8898,公設消火栓,清水分署,福井市加茂内町１番９８号,36.018762475,136.110386975,200,
8899,公設消火栓,清水分署,福井市加茂内町１番１号,36.01868846666666,136.10928809444445,200,
8900,公設消火栓,清水分署,福井市加茂内町１番８２号,36.018087513888894,136.108195225,200,
8901,公設防火水槽,清水分署,福井市加茂内町１番６８号,36.018581527777776,136.11258974444445,,
8902,公設消火栓,社分署,福井市加茂河原１丁目５番１号,36.06076232499999,136.19657859999998,150,
8903,公設消火栓,社分署,福井市加茂河原２丁目４番１５号,36.06102226388888,136.19426288333332,150,
8904,公設消火栓,社分署,福井市加茂河原２丁目２１番１８号,36.061533177777775,136.1924711166667,150,
8905,公設消火栓,社分署,福井市加茂河原１丁目８番１１号,36.061738197222226,136.1963096861111,150,
8906,公設消火栓,社分署,福井市加茂河原２丁目２２番１５号,36.062747030555556,136.19330209166665,150,
8907,公設消火栓,社分署,福井市加茂河原３丁目１５番２０号,36.0636658861111,136.19042146666666,150,
8908,公設消火栓,社分署,福井市加茂河原１丁目３番１１号,36.06018340277778,136.19672655277776,200,
8909,公設消火栓,社分署,福井市加茂河原３丁目４番１４号,36.06141217777777,136.19128824722222,100,
8910,公設消火栓,清水分署,福井市片山町５５番１５号,36.02374225277777,136.16803016944445,100,
8911,公設消火栓,清水分署,福井市片山町５５番５号,36.024602147222225,136.16834111388889,100,
8912,公設消火栓,清水分署,福井市片山町５５番１号,36.025670013888885,136.16858305833335,100,
8913,公設消火栓,清水分署,福井市片山町５８番１８号,36.02620594722222,136.1687310277778,100,
8914,公設消火栓,清水分署,福井市片山町５７番３３号,36.02639193611111,136.17047983055554,150,
8915,公設消火栓,清水分署,福井市片山町５８番,36.029966466666664,136.1680160222222,150,
8916,公設消火栓,清水分署,福井市片山町６１番１７号,36.027683769444444,136.1698488638889,150,
8917,公設消火栓,社分署,福井市新下江守町１１４番,36.03388330277778,136.18435618055557,100,
8918,公設消火栓,社分署,福井市新下江守町５０８番,36.03340236388889,136.18447818333334,100,
8919,公設防火水槽,清水分署,福井市志津が丘１丁目,36.017331811111106,136.12226574999997,,
8920,公設防火水槽,美山分署,福井市品ケ瀬町７番３５号,36.00488276944444,136.358390825,,
8921,公設防火水槽,美山分署,福井市品ケ瀬町１８番４号,36.003116044444454,136.35953473611113,,
8922,公設消火栓,足羽分遣所,福井市篠尾町８０番７０号１,36.03015130277778,136.28161448055556,150,
8923,公設消火栓,足羽分遣所,福井市篠尾町４２番３号,36.02214403055555,136.29107035555555,100,
8924,公設消火栓,足羽分遣所,福井市篠尾町４４番２３号,36.02347075555556,136.2897455111111,100,
8925,公設消火栓,足羽分遣所,福井市篠尾町４４番８号,36.02416062499999,136.28926856111113,100,
8926,公設消火栓,足羽分遣所,福井市篠尾町５５番８号,36.02695623888889,136.28944246111115,100,
8927,公設消火栓,足羽分遣所,福井市篠尾町６０番１３号,36.02655640277777,136.29100923055557,150,
8928,公設消火栓,足羽分遣所,福井市篠尾町５４番９号,36.028115150000005,136.29055025833335,200,
8929,公設消火栓,足羽分遣所,福井市篠尾町４８番２１号,36.02834800555555,136.28893450833334,150,
8930,公設消火栓,足羽分遣所,福井市篠尾町５３番９号,36.02939287777778,136.28938142500002,75,
8931,公設消火栓,足羽分遣所,福井市篠尾町５６番２０号,36.02577940277778,136.28941149722223,100,
8932,公設消火栓,足羽分遣所,福井市篠尾町５１番４号,36.03033373611111,136.2893704138889,75,
8933,公設消火栓,足羽分遣所,福井市篠尾町６３番８号,36.030546799999996,136.29070318888887,100,
8934,公設消火栓,足羽分遣所,福井市篠尾町５３番１７号,36.029308936111114,136.29003431944443,100,
8935,公設消火栓,足羽分遣所,福井市篠尾町６７番１１号,36.03026199999999,136.29295881666664,100,
8936,公設消火栓,北分署,福井市河合勝見町２３番１３号,36.10801686666667,136.19716875833336,100,
8937,公設消火栓,北分署,福井市河合勝見町,36.112627302777774,136.19526078333334,150,
8938,公設消火栓,北分署,福井市河合勝見町３０番１０号,36.11234938611111,136.19821051944442,150,
8939,公設消火栓,北分署,福井市河合勝見町３０番１０号,36.112508338888894,136.1968626472222,150,
8940,公設消火栓,北分署,福井市川合鷲塚町９番１８号,36.117395808333335,136.20053811111111,150,
8941,公設消火栓,北分署,福井市河合寄安町１０１６番,36.120444055555566,136.24971963888888,100,
8942,公設消火栓,北分署,福井市河合寄安町６０１番,36.120383000000004,136.2484737833333,100,
8943,公設消火栓,北分署,福井市河合寄安町６０４番,36.11919718611111,136.24918773055555,100,
8944,公設消火栓,北分署,福井市上野本町４丁目６１２番,36.116940372222224,136.2472749888889,100,
8945,公設消火栓,北分署,福井市河合寄安町１５１６番,36.121533011111104,136.25154139722224,150,
8946,公設消火栓,北分署,福井市河合寄安町１６２０番,36.12011416944444,136.25111049166668,100,
8947,公設消火栓,麻生津分遣所,福井市上河北町３番２１号,36.01930470555555,136.23158769166668,150,
8948,公設消火栓,麻生津分遣所,福井市上河北町,36.016198302777774,136.23896349722222,100,
8949,公設防火水槽,麻生津分遣所,福井市上河北町２０番３４号,36.016262125000004,136.23062278888887,,
8950,私設防火水槽,麻生津分遣所,福井市上河北町１番４８号,36.019950558333335,136.229011775,,
8951,公設消火栓,清水分署,福井市上天下町３９番２号,36.03253298333333,136.13208911666666,150,
8952,公設消火栓,清水分署,福井市上天下町２２番４７号,36.03351386666667,136.13314496944446,150,
8953,公設消火栓,清水分署,福井市上天下町２２番８０号,36.03447175833333,136.13485874444447,150,
8954,公設消火栓,国見分遣所,福井市国見町,36.09333992222222,136.05061344444442,100,
8955,公設消火栓,国見分遣所,福井市国見町６番８号,36.09337292222222,136.04939653333335,100,
8956,公設消火栓,国見分遣所,福井市国見町５番３号,36.0931369388889,136.04803264166668,100,
8957,公設消火栓,国見分遣所,福井市国見町５９番１０号,36.095967525,136.0709619388889,100,
8958,公設消火栓,国見分遣所,福井市国見町２０番３号,36.09617271111111,136.0537071166667,100,
8959,河川,国見分遣所,福井市国見町地係,36.096928522222214,136.0654732527778,,
8960,公設防火水槽,殿下分遣所,福井市国山町５０番２０号,36.05327581388889,136.04386263333333,,
8961,私設防火水槽,殿下分遣所,福井市国山町５１番５２号,36.05287583888888,136.04324371111113,,
8962,私設防火水槽,殿下分遣所,福井市国山町５１番１０号,36.051972941666676,136.04395769722223,,
8963,私設防火水槽,殿下分遣所,福井市国山町５０番３０号,36.05269787222223,136.0440486472222,,
8964,公設防火水槽,美山分署,福井市蔵作町９番４８号,35.987764649999995,136.35932916111113,,
8965,公設防火水槽,美山分署,福井市蔵作町７番２０号,35.987192630555555,136.35684139444447,,
8966,私設防火水槽,美山分署,福井市蔵作町８番５９号,35.988570575,136.35940413333333,,
8967,公設消火栓,北分署,福井市栗森１丁目２０１番,36.11701905555556,136.24082276944446,125,
8968,公設消火栓,北分署,福井市栗森２丁目１３０１番,36.11897379166667,136.24042780833332,150,
8969,公設消火栓,東消防署,福井市北四ツ居２丁目１４番９号,36.06700925277777,136.24828658055552,150,
8970,公設消火栓,東消防署,福井市北四ツ居２丁目１８番３７号,36.06564539722222,136.24850058888887,150,
8971,公設消火栓,東消防署,福井市北四ッ居１丁目３２番１６号,36.06437853055555,136.24865259999999,150,
8972,公設消火栓,東消防署,福井市北四ツ居２丁目３番１９号,36.06612913055556,136.24350084722224,100,
8973,公設消火栓,清水分署,福井市片山町８３番１９号,36.027136847222216,136.17130471944446,100,
8974,公設消火栓,清水分署,福井市片山町６１番１０号,36.02854166944445,136.17077674166669,75,
8975,公設消火栓,清水分署,福井市片山町６１番８号,36.027997741666674,136.1714406777778,75,
8976,公設消火栓,清水分署,福井市片山町６１番６号,36.02823772222222,136.17228758055555,100,
8977,公設消火栓,清水分署,福井市片山町７８番１１号,36.02961956666666,136.17294549166664,100,
8978,公設消火栓,清水分署,福井市片山町７８番９号,36.029969538888885,136.17378239722223,75,
8979,公設消火栓,清水分署,福井市片山町７８番１１号,36.03033648055556,136.1730594666667,75,
8980,公設消火栓,清水分署,福井市片山町２番１号,36.03121630555555,136.1677710277778,150,
8981,公設防火水槽,清水分署,福井市片山町２５番６０号,36.02428113055556,136.15962006111113,,
8982,公設防火水槽,清水分署,福井市片山町２９番６号,36.021806463888886,136.16161090277777,,
8983,公設防火水槽,清水分署,福井市片山町６１番８号,36.02796174722222,136.171482675,,
8984,公設防火水槽,清水分署,福井市片山町７８番１８号,36.03022749444444,136.1731044638889,,
8985,公設防火水槽,清水分署,福井市片山町５５番５号,36.024503158333324,136.16830511944445,,
8986,受水槽,清水分署,福井市片山町２番１号,36.03094135,136.16853294722225,,
8987,公設消火栓,社分署,福井市狐橋１丁目３１３番,36.058836336111106,136.1802254972222,100,
8988,公設消火栓,社分署,福井市狐橋１丁目５１０番,36.05849436666666,136.17956156944442,100,
8989,公設消火栓,社分署,福井市狐橋１丁目９０１番,36.05788342777777,136.17892563611113,150,
8990,公設消火栓,社分署,福井市狐橋１丁目４１７番,36.059249277777774,136.1793646111111,100,
8991,公設消火栓,社分署,福井市狐橋１丁目５１４番,36.05853035555556,136.17907863055555,100,
8992,公設消火栓,足羽分遣所,福井市篠尾町６６番１号,36.03101489722223,136.29306977777782,100,
8993,公設消火栓,清水分署,福井市志津が丘３丁目１０１番１０号,36.014879063888884,136.11892720555556,200,
8994,公設消火栓,清水分署,福井市志津が丘３丁目１６３番６号,36.01449612500001,136.11995011388888,200,
8995,公設消火栓,清水分署,福井市志津が丘１丁目２１５番１１号,36.015701991666674,136.1209249611111,100,
8996,プール,足羽分遣所,福井市成願寺町５－１,36.03218571944445,136.27445806388891,,
8997,私設消火栓,足羽分遣所,福井市浄教寺町３番２９号,35.9854172,136.2929611,75,
8998,私設消火栓,足羽分遣所,福井市浄教寺町３番３０号,35.98469826944444,136.2931450583333,75,
8999,私設消火栓,足羽分遣所,福井市浄教寺町３番６８号,35.98425628888889,136.29208118055553,75,
9000,私設消火栓,足羽分遣所,福井市浄教寺町１０番１７号,35.98402033888888,136.29363098055558,75,
9001,私設消火栓,足羽分遣所,福井市浄教寺町１０番３４号,35.983445383333326,136.2932590111111,75,
9002,私設消火栓,足羽分遣所,福井市浄教寺町１０番４７号,35.98315043333333,136.29460283611112,75,
9003,私設消火栓,足羽分遣所,福井市浄教寺町２番９号,35.983600397222226,136.2948748138889,75,
9004,私設消火栓,足羽分遣所,福井市浄教寺町１４番３号,35.98318644444445,136.29537274166663,75,
9005,私設消火栓,足羽分遣所,福井市浄教寺町１番２２号,35.98635910555556,136.29233920555555,75,
9006,私設消火栓,足羽分遣所,福井市浄教寺町１番２６号,35.98607813888889,136.29279214166667,75,
9007,私設消火栓,足羽分遣所,福井市浄教寺町３番１９号,35.98530019722222,136.29222819166665,75,
9008,公設消火栓,東消防署,福井市城東３丁目７番１４号,36.06255930277778,136.23811415277777,100,
9009,公設消火栓,東消防署,福井市城東２丁目１３番５号,36.06069553055556,136.2386391722222,100,
9010,公設消火栓,東消防署,福井市城東２丁目８番９号,36.06109238333334,136.23580628888888,100,
9011,公設消火栓,清水分署,福井市上天下町１７番１１号,36.03518866944444,136.1358486138889,200,
9012,公設消火栓,清水分署,福井市上天下町１７番１４号,36.035571624999996,136.13648353055552,200,
9013,公設消火栓,清水分署,福井市上天下町２０番１２号,36.03630152777778,136.13649750833335,75,
9014,公設消火栓,清水分署,福井市上天下町１９番５号,36.036418519444446,136.13751639166665,100,
9015,公設消火栓,清水分署,福井市上天下町１９番６号,36.03691845833334,136.1382163027778,200,
9016,公設消火栓,清水分署,福井市上天下町７番１７号,36.03820428888889,136.1371883972222,75,
9017,公設消火栓,清水分署,福井市上天下町４番９号,36.03785133611112,136.13758335833333,75,
9018,公設消火栓,清水分署,福井市上天下町４番４２号,36.03763536944444,136.138361275,75,
9019,公設消火栓,清水分署,福井市上天下町３番４３号,36.03778235277777,136.1390521972222,200,
9020,公設消火栓,清水分署,福井市上天下町２番５８号,36.038824222222225,136.13929715277777,75,
9021,公設消火栓,清水分署,福井市上天下町２番５９号,36.03894920833333,136.1396721111111,75,
9022,公設消火栓,清水分署,福井市上天下町２２番８９号,36.03251300277778,136.13373392777777,200,
9023,公設消火栓,清水分署,福井市上天下町,36.03527166944445,136.13753841944447,150,
9024,公設消火栓,越廼分署,福井市茱崎町,36.04390995000001,136.01283591944446,100,
9025,公設消火栓,越廼分署,福井市茱崎町１４番２１号,36.04347298888889,136.0127609527778,100,
9026,公設防火水槽,越廼分署,福井市茱崎町３１番６号,36.04418492499999,136.01279090555553,,
9027,公設防火水槽,越廼分署,福井市茱崎町１３番１９号,36.04188713333333,136.01233008333332,,
9028,公設防火水槽,越廼分署,福井市茱崎町１３番５２号,36.04138718055556,136.01236311111114,,
9029,公設防火水槽,越廼分署,福井市茱崎町２番３２号,36.04045726944445,136.01261915,,
9030,公設消火栓,東消防署,福井市北四ッ居１丁目２５番１号,36.063767472222224,136.2457947722222,100,
9031,公設消火栓,東消防署,福井市北四ッ居１丁目２５番１号,36.063716497222224,136.24629374722218,100,
9032,公設消火栓,東消防署,福井市北四ツ居１丁目２７番１６号,36.063900511111115,136.24711670555556,100,
9033,公設消火栓,東消防署,福井市北四ツ居１丁目３０番２７号,36.064595472222216,136.24783864722224,100,
9034,公設消火栓,東消防署,福井市北四ツ居１丁目３４番,36.06472847222223,136.24810263055556,100,
9035,公設消火栓,東消防署,福井市北四ツ居１丁目２９番１１号,36.06516742222223,136.24797763055554,100,
9036,公設消火栓,東消防署,福井市北四ツ居２丁目５番１７号,36.06634813055556,136.24404481944447,100,
9037,公設消火栓,東消防署,福井市北四ツ居２丁目７番２２号,36.06628720833333,136.24567573888888,100,
9038,公設消火栓,東消防署,福井市北四ツ居２丁目１５番１号,36.06625026111111,136.24680268611112,100,
9039,公設消火栓,東消防署,福井市北四ツ居１丁目２８番２０号,36.06540935,136.24691669166663,100,
9040,公設消火栓,東消防署,福井市北四ツ居１丁目２８番３２号,36.064712425,136.24704469722224,100,
9041,公設消火栓,東消防署,福井市北四ツ居１丁目６番８号,36.06440927777777,136.24261391388887,150,
9042,公設消火栓,東消防署,福井市北四ツ居３丁目１８番４号,36.069266991666666,136.24760059166667,100,
9043,公設消火栓,東消防署,福井市北四ツ居２丁目１７番,36.06532838611112,136.24754165555558,100,
9044,公設消火栓,東消防署,福井市北四ツ居３丁目１６番７号,36.06877806388889,136.24804756666668,100,
9045,公設消火栓,東消防署,福井市北四ツ居３丁目６番,36.06777798055556,136.2440527972222,100,
9046,公設消火栓,東消防署,福井市上北野２丁目２６番１７号,36.05872923333334,136.25252249444446,100,
9047,公設消火栓,東消防署,福井市上北野２丁目２２番,36.05803529722222,136.25248051944448,100,
9048,公設防火水槽,越廼分署,福井市城有町３４番３５号,35.99565269444445,135.98119589722225,,
9049,公設防火水槽,越廼分署,福井市城有町３４番１０号,36.000721730555554,135.9707914361111,,
9050,公設防火水槽,越廼分署,福井市城有町３９番５号,35.99626459444445,135.98047992222226,,
9051,公設消火栓,社分署,福井市新下江守町３０５番,36.03285545277778,136.1852561277778,100,
9052,公設消火栓,社分署,福井市新下江守町１０２番,36.034144286111115,136.18482812500002,250,
9053,公設消火栓,臨海消防署,福井市白方町,36.155023038888885,136.11093706111114,100,
9054,公設消火栓,臨海消防署,福井市白方町,36.15839970277778,136.1087289583333,150,
9055,公設消火栓,臨海消防署,福井市白方町,36.1593896,136.10985476944447,150,
9056,公設消火栓,足羽分遣所,福井市宿布町８番１号,36.01234021944445,136.30507671111107,150,
9057,公設消火栓,足羽分遣所,福井市宿布町１９番６号,36.014325713888894,136.30102721666665,150,
9058,公設消火栓,足羽分遣所,福井市宿布町１４番２号,36.01913691944444,136.3092070666667,100,
9059,公設消火栓,足羽分遣所,福井市宿布町１０番１３号,36.01565418888889,136.30876516944446,100,
9060,公設防火水槽,足羽分遣所,福井市宿布町,36.01264007499999,136.30351291666668,,
9061,公設防火水槽,足羽分遣所,福井市宿布町,36.01756204722223,136.30908210277778,,
9062,私設防火水槽,足羽分遣所,福井市宿布町２番２号,36.012304005555556,136.30202712500002,,
9063,私設防火水槽,足羽分遣所,福井市安波賀町地係,36.012804483333326,136.30933413055558,,
9064,公設消火栓,東分署,福井市重立町１４番３６号,36.08056318888889,136.28612991111115,150,
9065,公設消火栓,東分署,福井市重立町１０番１９号,36.079207363888884,136.28638791944442,100,
9066,公設消火栓,東消防署,福井市成和２丁目１１１２番,36.05721319722222,136.2473668638889,150,
9067,公設消火栓,東消防署,福井市成和１丁目１６０３番,36.05537931944444,136.24517604444446,100,
9068,公設消火栓,東消防署,福井市成和２丁目６０３番,36.05537634722222,136.2461889888889,100,
9069,公設消火栓,川西分署,福井市砂子坂町１番３号,36.14697959444445,136.1456059722222,150,
9070,公設消火栓,川西分署,福井市砂子坂町５番５８号,36.14338600833333,136.14691127222224,100,
9071,公設消火栓,川西分署,福井市浄土寺町１５番１号,36.13668710277778,136.15808373333337,200,
9072,公設消火栓,川西分署,福井市浄土寺町２１番１２号,36.1356392638889,136.15926968055558,100,
9073,公設消火栓,川西分署,福井市浄土寺町１２番２３号,36.1372889861111,136.15667184166668,100,
9074,公設消火栓,川西分署,福井市浄土寺町１２番４号,36.13673101944445,136.15574500555553,100,
9075,公設消火栓,川西分署,福井市浄土寺町１２番２８号,36.13600907222222,136.1547671861111,100,
9076,公設消火栓,川西分署,福井市浄土寺町２８番１１号,36.13968659166667,136.15293902222223,200,
9077,公設消火栓,川西分署,福井市浄土寺町,36.14181935277777,136.1530307861111,100,
9078,公設消火栓,川西分署,福井市浄土寺町３番１４号,36.14238828611111,136.15291973611113,100,
9079,公設消火栓,川西分署,福井市浄土寺町,36.139666672222226,136.15550673611114,150,
9080,公設消火栓,西分署,福井市地蔵堂町,36.08770793333333,136.19131770277778,100,
9081,公設消火栓,西分署,福井市地蔵堂町,36.08710176944445,136.19736954722222,400,
9082,公設消火栓,西分署,福井市地蔵堂町１０番１５号,36.08658809444445,136.18967577222224,100,
9083,公設消火栓,西分署,福井市地蔵堂町１１番１１号,36.08616615833333,136.1892337722222,100,
9084,公設消火栓,西分署,福井市地蔵堂町,36.086702027777775,136.19108674166665,150,
9085,公設消火栓,北分署,福井市定正２丁目１０１２番,36.117827483333336,136.22890110277777,200,
9086,公設消火栓,中消防署,福井市高木２丁目７０１番２５号　,36.094274133333336,136.22713486944443,100,
9087,公設防火水槽,美山分署,福井市三万谷町３４番１号１,36.007439577777774,136.31892687777776,,
9088,公設消火栓,北分署,福井市石盛１丁目１１０６番,36.11724858611111,136.22990000277778,150,
9089,公設消火栓,北分署,福井市栗森２丁目２０２番,36.11815178333334,136.23807810277776,200,
9090,公設消火栓,北分署,福井市定正２丁目８２１番,36.11877439166667,136.22972201666664,200,
9091,公設消火栓,中消防署,福井市高柳３丁目１６０８番,36.095812650000006,136.24064774722223,100,
9092,公設消火栓,東消防署,福井市大畑町６９番５号１,36.04394426111111,136.27261271944445,200,
9093,公設消火栓,東消防署,福井市和田中町　,36.04209483055556,136.24724953055556,100,
9094,公設消火栓,清水分署,福井市グリーンハイツ６丁目１３２番,36.04197599444444,136.16542416666667,300,
9095,公設消火栓,中消防署,福井市灯明寺３丁目９１８番,36.09679049444445,136.2166893333333,100,
9096,公設消火栓,中消防署,福井市灯明寺４丁目１０４番,36.094928491666664,136.210512275,100,
9097,公設消火栓,中消防署,福井市灯明寺４丁目１３０１番,36.095742425,136.21074226111108,100,
9098,公設消火栓,中消防署,福井市灯明寺３丁目３１０３番,36.095729427777776,136.21081125,150,
9099,公設消火栓,西安居分遣所,福井市飯塚町８番１３８号,36.06577557777777,136.18448122222222,150,
9100,公設消火栓,麻生津分遣所,福井市浅水二日町６０７番,36.00297687222222,136.19345082777778,150,
9101,公設消火栓,東消防署,福井市日之出１丁目８番２０号,36.06515358888888,136.22739486666669,300,
9102,公設消火栓,清水分署,福井市竹生町地係,36.04478457222222,136.15555629444444,100,
9103,その他,川西分署,福井市四十谷町地係　大安寺団地西側,36.10762177777777,136.17636243611108,,
9104,公設消火栓,東分署,福井市重立町２８番６１号,36.081512808333336,136.28091044444443,150,
9105,公設消火栓,東分署,福井市重立町２８番３号,36.08158993333334,136.28298522222224,150,
9106,公設消火栓,東分署,福井市重立町２８番３号,36.081121002777785,136.2831412222222,150,
9107,公設防火水槽,中消防署,福井市順化２丁目１６番１３号,36.06605196666666,136.2123942638889,,
9108,公設防火水槽,中消防署,福井市順化２丁目１６番１号,36.065308063888885,136.21235525833333,,
9109,公設防火水槽,中消防署,福井市順化１丁目１７番５号,36.06550812777778,136.21525296944446,,
9110,公設防火水槽,中消防署,福井市順化１丁目８番１９号,36.06448628333332,136.2159528972222,,
9111,公設防火水槽,中消防署,福井市順化２丁目１１番,36.06496314444445,136.21346914166668,,
9112,公設消火栓,社分署,福井市若杉１丁目３１２２,36.05778460555556,136.19024123333335,100,
9113,公設消火栓,足羽分遣所,福井市成願寺町５番３３号,36.032299780555554,136.27641590000002,150,
9114,公設消火栓,足羽分遣所,福井市成願寺町５番３７号,36.031463966666664,136.278107775,150,
9115,公設消火栓,足羽分遣所,福井市成願寺町３番１９号,36.030764105555555,136.27902670555554,150,
9116,公設消火栓,足羽分遣所,福井市成願寺町４番２号,36.031910875,136.27744682222223,100,
9117,公設消火栓,足羽分遣所,福井市成願寺町４番２７号,36.03130801111111,136.2786687277778,100,
9118,公設消火栓,足羽分遣所,福井市成願寺町１番３号,36.03069715833333,136.2800606138889,150,
9119,公設消火栓,東分署,福井市重立町８番３６号,36.079518336111114,136.28752378055555,100,
9120,公設消火栓,東分署,福井市重立町７番４号,36.079821311111104,136.28876863055558,100,
9121,公設消火栓,東分署,福井市重立町,36.08410333333333,136.27811366388892,200,
9122,公設消火栓,東分署,福井市重立町２８番４３号,36.08326450555556,136.27939855277776,100,
9123,公設消火栓,東分署,福井市重立町２８番４３号,36.08249558055555,136.27913560277776,150,
9124,公設消火栓,東分署,福井市重立町２８番４４号,36.082595813888894,136.28307418333335,150,
9125,公設消火栓,東分署,福井市重立町２８番５６号,36.0814207,136.27910863888889,150,
9126,公設消火栓,麻生津分遣所,福井市生野町３番９号,35.990902416666664,136.21360229444446,150,
9127,公設消火栓,麻生津分遣所,福井市生野町１７番５０号,35.987225816666665,136.2098388194444,150,
9128,公設消火栓,麻生津分遣所,福井市生野町１８番２２号,35.987038880555545,136.21085570833336,150,
9129,公設消火栓,中消防署,福井市順化１丁目１６番１８号,36.06466124166666,136.21535295555555,100,
9130,公設消火栓,中消防署,福井市順化２丁目１９番１５号,36.066259997222225,136.21421708055558,100,
9131,公設消火栓,中消防署,福井市順化１丁目２番３号,36.062838508333336,136.21626586111114,150,
9132,公設消火栓,中消防署,福井市順化２丁目２７番１０号,36.06720381666667,136.21240728055554,100,
9133,公設消火栓,中消防署,福井市順化２丁目１７番９号,36.06658590277778,136.21255325555555,100,
9134,公設消火栓,中消防署,福井市順化２丁目１６番５号,36.06553003611111,136.2123752583333,100,
9135,公設消火栓,中消防署,福井市順化１丁目１４番１７号,36.065230213888896,136.21686880833334,100,
9136,公設消火栓,中消防署,福井市順化１丁目５番１８号,36.06379437222221,136.21582490555554,100,
9137,公設消火栓,中消防署,福井市順化１丁目２４番６号,36.06685901111111,136.2171227833333,200,
9138,公設防火水槽,西分署,福井市地蔵堂町１０番５号,36.08702707222221,136.18924276944443,,
9139,公設消火栓,東消防署,福井市次郎丸町３３番４号,36.04012088333332,136.27831545555557,100,
9140,公設消火栓,東消防署,福井市次郎丸町３２番２４号,36.03965386944444,136.27659961111112,100,
9141,公設防火水槽,東消防署,福井市次郎丸町３６字３６－１,36.040256872222216,136.27838944166666,,
9142,公設防火水槽,美山分署,福井市椙谷町６番６号,35.99118444444445,136.37442277499997,,
9143,公設消火栓,東消防署,福井市城東３丁目１３番１７号,36.060564597222225,136.2400391111111,150,
9144,公設消火栓,東消防署,福井市城東３丁目８番９号,36.062531336111114,136.23892311388892,100,
9145,公設防火水槽,清水分署,福井市清水山町４４番３８号,36.01064690277777,136.1608642972222,,
9146,公設防火水槽,清水分署,福井市清水山町５８番９号,36.007461352777774,136.1582428277778,,
9147,公設防火水槽,清水分署,福井市清水山町２６番１０号,36.00977201944445,136.15891156944446,,
9148,公設防火水槽,清水分署,福井市清水山町４３番１１号,36.01133879444444,136.16017230555556,,
9149,公設防火水槽,清水分署,福井市清水山町５４番４３号,36.005769622222225,136.1606536777778,,
9150,公設防火水槽,清水分署,福井市清水山町４５番３４号,36.008905166666665,136.16132838333337,,
9151,河川,清水分署,福井市清水山町５１番１６号,36.00727543055555,136.16300034722224,,
9152,公設消火栓,南消防署,福井市下莇生田町２番１号１,36.03084579166667,136.21823081388888,100,
9153,公設消火栓,南消防署,福井市下莇生田町３番１０５号,36.02848507777778,136.21679800555557,250,
9154,公設消火栓,南消防署,福井市下莇生田町２８番６号２４,36.02578245,136.21692310833333,100,
9155,公設消火栓,南消防署,福井市下莇生田町１７番１７号,36.024446866666665,136.22623669722222,100,
9156,公設消火栓,南消防署,福井市下莇生田町１３番１８号,36.02649154444445,136.2245106888889,150,
9157,公設消火栓,清水分署,福井市竹生町地係,36.04342372777778,136.15477438611114,100,
9158,公設消火栓,中消防署,福井市新田塚１丁目５３番５号,36.09251361111111,136.20643485277776,150,
9159,公設消火栓,南消防署,福井市木田１丁目１４０６番　,36.048163575000004,136.22193380833332,100,
9160,その他,臨海消防署,福井市石橋町地係　ため池,36.14445125833333,136.10244154722224,,
9161,公設消火栓,川西分署,福井市田ノ谷町１４番６号,36.1055761,136.17614040833334,100,
9162,公設消火栓,足羽分遣所,福井市荒木新保町７９番１号,36.033338244444444,136.26619156944443,100,
9163,公設消火栓,足羽分遣所,福井市荒木新保町３０番２９号,36.03505409444445,136.26854733333334,100,
9164,公設消火栓,足羽分遣所,福井市荒木新保町２０番３３号,36.03514310277779,136.26904730000004,100,
9165,公設消火栓,足羽分遣所,福井市荒木新保町３０番５号,36.03495406388889,136.2674224,100,
9166,公設消火栓,足羽分遣所,福井市荒木新保町２９番１号３,36.03640083611112,136.26692133888886,100,
9167,公設消火栓,足羽分遣所,福井市荒木新保町２９番６号,36.03594095277778,136.26808630555558,100,
9168,公設消火栓,足羽分遣所,福井市荒木新保町２０番２１号,36.035759025000004,136.26924225833332,100,
9169,公設消火栓,足羽分遣所,福井市荒木新保町１７番２６号,36.03348250277777,136.27339710555557,150,
9170,公設消火栓,足羽分遣所,福井市荒木新保町３７番９号,36.033796413888886,136.2721881861111,150,
9171,公設消火栓,足羽分遣所,福井市荒木新保町８３番１３号,36.03268515833334,136.26147790555558,150,
9172,公設消火栓,足羽分遣所,福井市荒木新保町８１番２９号,36.03192732777778,136.26299186944445,150,
9173,公設消火栓,足羽分遣所,福井市荒木新保町８１番２９号,36.031161508333334,136.2648837972222,150,
9174,公設消火栓,足羽分遣所,福井市荒木新保町７８番８号,36.03083859444444,136.26597574444443,150,
9175,公設消火栓,足羽分遣所,福井市成願寺町６番６号,36.03326657222222,136.27451102499998,150,
9176,公設消火栓,足羽分遣所,福井市成願寺町４番３９号,36.031214036111116,136.2789107083333,100,
9177,公設消火栓,足羽分遣所,福井市成願寺町４番４０号,36.03114406944445,136.27949665833336,100,
9178,公設消火栓,足羽分遣所,福井市成願寺町４番４７号,36.03180000277778,136.28021559166663,100,
9179,公設消火栓,足羽分遣所,福井市成願寺町１０番字号,36.02948026666667,136.2784547777778,150,
9180,公設消火栓,足羽分遣所,福井市成願寺町,36.02834240833333,136.27795484722222,150,
9181,公設消火栓,中消防署,福井市順化２丁目２４番２２号,36.06673294166667,136.21440806666666,200,
9182,公設消火栓,中消防署,福井市順化２丁目２４番２５号,36.06687189166667,136.21344516666665,250,
9183,公設消火栓,足羽分遣所,福井市下東郷町１６番４９号,36.01907321944445,136.2613678222222,150,
9184,公設消火栓,足羽分遣所,福井市下東郷町１８番１８号,36.02032900833334,136.26051685,100,
9185,公設消火栓,足羽分遣所,福井市下東郷町１９番２８号,36.020858938888885,136.26095377500002,100,
9186,公設消火栓,足羽分遣所,福井市下東郷町３番１２号,36.016687425,136.25067992222225,100,
9187,公設消火栓,足羽分遣所,福井市下東郷町１９番２１号,36.01906526944445,136.26333762500002,150,
9188,公設消火栓,足羽分遣所,福井市下東郷町２７番２９号,36.01916523333333,136.26243471111113,150,
9189,公設消火栓,足羽分遣所,福井市下東郷町３番４２号,36.016570461111115,136.25224677499997,100,
9190,公設消火栓,足羽分遣所,福井市下東郷町１７番１６号,36.01997009722221,136.2618457416667,100,
9191,公設消火栓,足羽分遣所,福井市下東郷町１７番８号,36.02040402777777,136.2617237277778,100,
9192,公設消火栓,足羽分遣所,福井市下東郷町１６番２７号,36.01962911388888,136.26043190000004,100,
9193,公設消火栓,足羽分遣所,福井市下東郷町２９番４号,36.019854186111104,136.26458447500002,150,
9194,公設消火栓,南消防署,福井市下莇生田町２０番４号,36.02630255555556,136.22376472777776,100,
9195,公設消火栓,南消防署,福井市下莇生田町１５番９号,36.024909825,136.22736463055557,150,
9196,公設消火栓,南消防署,福井市下莇生田町１８番２９号,36.02544972500001,136.22614766111113,150,
9197,公設消火栓,南消防署,福井市下莇生田町１８番１号,36.02572167777778,136.22573666666668,150,
9198,公設消火栓,南消防署,福井市下莇生田町２１番４１号,36.025188722222225,136.22433674722225,100,
9199,公設消火栓,南消防署,福井市下莇生田町２７番１号２１,36.02802115833333,136.2174119916667,100,
9200,公設消火栓,清水分署,福井市清水山町４７番１１号,36.00937810555555,136.16214527222223,75,
9201,公設消火栓,清水分署,福井市清水山町４５番１４号,36.008519227777775,136.16159738611114,75,
9202,公設消火栓,東消防署,福井市曽万布町１０番１号３,36.04537764166666,136.25846354166666,150,
9203,公設消火栓,東消防署,福井市曽万布町４番１号,36.04311191388889,136.26066145833335,100,
9204,公設消火栓,東消防署,福井市曽万布町１９番３号,36.05126913333333,136.2595052861111,100,
9205,公設消火栓,東消防署,福井市曽万布町９番５５号,36.04368081944445,136.25951151111113,100,
9206,公設消火栓,東消防署,福井市曽万布町１３番３９号,36.04551173333334,136.2619383138889,300,
9207,公設消火栓,東消防署,福井市曽万布町１２番２０号,36.045964633333334,136.2602414027778,250,
9208,公設消火栓,東消防署,福井市曽万布町１１番５号,36.045944588888894,136.258447525,250,
9209,公設防火水槽,東消防署,福井市曽万布町１０番３３号,36.044422775,136.26026144722223,,
9210,公設防火水槽,東消防署,福井市曽万布町,36.04319194444444,136.2617023972222,,
9211,公設消火栓,足羽分遣所,福井市高尾町１１番１２４号,36.02538497777777,136.29708834999997,150,
9212,公設消火栓,足羽分遣所,福井市高尾町１１番２００号,36.026945641666664,136.29535254722222,150,
9213,公設防火水槽,北分署,福井市天池町３８番３５号,36.10452574166666,136.21791138333333,,
9214,公設防火水槽,北分署,福井市天池町３８番２号,36.10574459166667,136.21746644444445,,
9215,公設防火水槽,北分署,福井市天池町３４番３５号２,36.10632556388889,136.21947516666668,,
9216,公設防火水槽,北分署,福井市天池町３８番,36.10431471944444,136.21549473611114,,
9217,公設防火水槽,北分署,福井市天池町３８番,36.10455663888888,136.21275413055554,,
9218,公設消火栓,麻生津分遣所,福井市安保町７番４９号,36.009758983333334,136.19827602499998,100,
9219,公設防火水槽,麻生津分遣所,福井市安保町９番３５号,36.00956201111111,136.19818304444442,,
9220,私設防火水槽,麻生津分遣所,福井市安保町９番２２号,36.00907906388888,136.1976811083333,,
9221,公設消火栓,北分署,福井市石盛町７１４番１号,36.1181322,136.22070793333333,200,
9222,公設消火栓,北分署,福井市石盛町７０１番,36.118171233333335,136.2222407638889,200,
9223,公設消火栓,北分署,福井市石盛町１０２２番,36.11492455,136.2192911472222,100,
9224,公設消火栓,北分署,福井市石盛町１０２２番,36.115468491666675,136.2195081138889,100,
9225,公設消火栓,北分署,福井市石盛町１０１４番,36.11628839166667,136.21947810277777,100,
9226,公設消火栓,足羽分遣所,福井市荒木新保町７８番５号,36.03105759722223,136.2669666611111,150,
9227,公設消火栓,足羽分遣所,福井市荒木新保町７９番２５号,36.03256040555556,136.26756653055554,150,
9228,公設消火栓,足羽分遣所,福井市荒木新保町４０番７号,36.03383524444444,136.26799143055558,150,
9229,公設消火栓,足羽分遣所,福井市荒木新保町２７番１６号,36.03554795833334,136.2669613888889,100,
9230,公設消火栓,国見分遣所,福井市鮎川町１７番１８号５,36.097781161111115,136.03538335833338,100,
9231,公設消火栓,国見分遣所,福井市鮎川町２１番７号２,36.09618624722223,136.03386751666665,100,
9232,公設消火栓,国見分遣所,福井市鮎川町８６番２１号,36.091664675000004,136.03508656944445,75,
9233,公設消火栓,清水分署,福井市朝宮町１０番１８号,36.03745763888888,136.17398223888887,100,
9234,公設消火栓,清水分署,福井市朝宮町１０番２６号,36.0369827,136.1742482138889,100,
9235,公設消火栓,清水分署,福井市朝宮町１１番２９号,36.037282680555556,136.17485414166669,100,
9236,公設消火栓,清水分署,福井市朝宮町１番１４号,36.040511236111115,136.17076756388886,75,
9237,公設防火水槽,清水分署,福井市朝宮町２番１５号,36.03865945277778,136.17151049999998,,
9238,公設防火水槽,清水分署,福井市朝宮町１１番２９号,36.03707669722222,136.17460417499998,,
9239,公設防火水槽,清水分署,福井市朝宮町１番１４号,36.04022626944444,136.1707955638889,,
9240,公設防火水槽,川西分署,福井市足谷町７番１１号,36.076975930555555,136.10716986388886,,
9241,公設防火水槽,美山分署,福井市味見河内町２５番２２号,35.94563683611111,136.44422414166667,,
9242,公設防火水槽,美山分署,福井市味見河内町１８番２２号,35.947175558333335,136.44115250833332,,
9243,公設防火水槽,美山分署,福井市味見河内町１５番３号,35.949050275,136.4387447805556,,
9244,公設消火栓,足羽分遣所,福井市下東郷町１１番４号,36.01694847777779,136.25860716666665,100,
9245,私設防火水槽,足羽分遣所,福井市下東郷町１１番４号,36.01669551388889,136.25848818611115,,
9246,公設消火栓,東消防署,福井市下中町５番１６７号,36.076036991666676,136.25999659722225,100,
9247,公設消火栓,東消防署,福井市下中町４番６４号,36.07795884722223,136.2604795111111,150,
9248,公設消火栓,東消防署,福井市下中町２番１号,36.07488677222222,136.2540520833333,150,
9249,公設消火栓,東消防署,福井市下中町２番１号,36.07401681944445,136.25338314444448,150,
9250,公設消火栓,東消防署,福井市下中町６番３８８号,36.07488109166666,136.25987163333332,150,
9251,プール,麻生津分遣所,福井市下河北町５３番１号,36.012648652777784,136.23100084444442,,
9252,公設消火栓,清水分署,福井市下天下町４番２２号,36.039654125000006,136.14057699999998,200,
9253,公設消火栓,南消防署,福井市下荒井町３番５９号,36.026535025,136.20668168333333,100,
9254,公設消火栓,南消防署,福井市下荒井町１０番４０３号,36.02741767222222,136.2009880388889,150,
9255,公設消火栓,南消防署,福井市下荒井町,36.02421860555555,136.21488128333334,150,
9256,公設消火栓,南消防署,福井市下荒井町１８番５号,36.02490723333333,136.20649276388886,200,
9257,公設消火栓,南消防署,福井市下荒井町２１番５０号,36.0247354,136.21011552777776,150,
9258,公設消火栓,南消防署,福井市下荒井町４番２５号,36.026313147222226,136.20889054166665,200,
9259,公設消火栓,南消防署,福井市下荒井町１９番５０号,36.02359652222221,136.20922962777775,250,
9260,プール,南消防署,福井市下荒井町１３番２４０号,36.02499104166667,136.20223205277782,,
9261,公設消火栓,足羽分遣所,福井市高尾町１８番１９号,36.027448936111114,136.30056270833333,100,
9262,公設消火栓,足羽分遣所,福井市高尾町１８番３６号,36.02713193611111,136.29991582777777,100,
9263,公設消火栓,足羽分遣所,福井市高尾町２１番１６号,36.026210058333334,136.29973290833334,100,
9264,公設消火栓,足羽分遣所,福井市高尾町１５番２２号,36.026443961111106,136.2988630277778,100,
9265,公設消火栓,足羽分遣所,福井市高尾町１１番１０１号,36.02671573055556,136.29618842777776,150,
9266,公設消火栓,足羽分遣所,福井市高尾町１１番１７８号,36.02534386111111,136.29528362222223,150,
9267,公設消火栓,足羽分遣所,福井市高尾町１１番１７４号,36.02484595555555,136.2956385888889,150,
9268,公設消火栓,東消防署,福井市成和１丁目２１１０番,36.054810286111106,136.2419732416667,100,
9269,公設消火栓,東消防署,福井市成和１丁目３１１７番,36.05318246666667,136.24212329722224,100,
9270,公設消火栓,東分署,福井市新保１丁目１８０７番,36.079574022222225,136.24921640000002,100,
9271,公設消火栓,東分署,福井市新保３丁目２２１２番１号,36.08054713055556,136.252894075,100,
9272,公設消火栓,東分署,福井市新保２丁目５２３番,36.08029908055556,136.25158818888892,100,
9273,公設消火栓,東分署,福井市新保２丁目５１０番,36.07969108055556,136.25046929444446,100,
9274,公設消火栓,東分署,福井市新保２丁目２１０３番,36.08183781666666,136.249997275,100,
9275,公設消火栓,東分署,福井市新保２丁目２１２番,36.07852222222222,136.2506553111111,100,
9276,公設消火栓,東分署,福井市新保２丁目３０５番,36.07904124166666,136.25200218611113,100,
9277,公設消火栓,東分署,福井市新保１丁目２１８番,36.07901610000001,136.24947539444443,250,
9278,公設消火栓,東分署,福井市新保１丁目８０１番,36.08128763888888,136.24597558055558,100,
9279,公設防火水槽,東分署,福井市新保３丁目地係,36.08164094444445,136.2517551388889,,
9280,公設消火栓,北分署,福井市石盛町１００８番,36.116963308333325,136.21942509444443,100,
9281,公設消火栓,北分署,福井市石盛１丁目５０４番,36.11746651944444,136.2287071222222,100,
9282,公設消火栓,北分署,福井市石盛町７１３番２号,36.11778823333333,136.2204549666667,100,
9283,公設消火栓,北分署,福井市石盛町６１２番,36.11692433888888,136.22051397222225,100,
9284,公設消火栓,北分署,福井市石盛町３１１番,36.11825526666667,136.223632625,200,
9285,公設消火栓,北分署,福井市石盛町８０４番,36.11720730277778,136.22042497777775,100,
9286,公設消火栓,北分署,福井市石盛町７０７番２号,36.11750529444445,136.22149985277778,100,
9287,公設消火栓,北分署,福井市石盛町３１８番２号,36.11737733611111,136.22249675000003,100,
9288,公設消火栓,北分署,福井市石盛町３１１番,36.11756834444444,136.22343565277774,100,
9289,公設消火栓,北分署,福井市石盛町９２２番,36.11659638888888,136.22092993055554,100,
9290,公設消火栓,北分署,福井市石盛町５３６番,36.116663438888885,136.2229967083333,100,
9291,私設防火水槽,臨海消防署,福井市石橋町２９番７５号,36.15765584999999,136.10013771944446,,
9292,私設防火水槽,臨海消防署,福井市石橋町２９番７５号,36.159524641666664,136.10144846666668,,
9293,公設消火栓,中消防署,福井市幾久町２番２０号,36.088052758333326,136.22663156666664,200,
9294,公設消火栓,中消防署,福井市幾久町２番２２号,36.088790736111115,136.22767254166666,100,
9295,公設消火栓,中消防署,福井市幾久町９番２７号,36.08340632777777,136.22716453333334,100,
9296,公設消火栓,川西分署,福井市荒谷町１７番１５号,36.119529747222224,136.14066357222225,150,
9297,公設消火栓,川西分署,福井市荒谷町１番８号,36.118204927777775,136.1408665527778,150,
9298,公設消火栓,川西分署,福井市荒谷町１９番４１号,36.11698906388889,136.13962467777776,100,
9299,私設防火水槽,美山分署,福井市味見河内町２５－２６,35.94619273888888,136.44340824166667,,
9300,公設消火栓,南消防署,福井市足羽１丁目７番２３号,36.057989030555554,136.21218022222223,300,
9301,公設消火栓,南消防署,福井市足羽１丁目７番３２号,36.05891389999999,136.21190824166663,300,
9302,公設消火栓,南消防署,福井市足羽１丁目６番１４号,36.059138866666665,136.21182224722224,100,
9303,公設消火栓,南消防署,福井市足羽１丁目６番１号,36.0602307111111,136.21146127500003,100,
9304,公設消火栓,南消防署,福井市足羽１丁目１番１号,36.061527508333334,136.21041436666667,100,
9305,河川,美山分署,福井市赤谷町,35.96074690555555,136.34436234444445,,
9306,公設消火栓,南消防署,福井市明里町２番４１号,36.06078835555556,136.19830943333335,100,
9307,公設消火栓,南消防署,福井市明里町８番３号,36.05918355833333,136.19828735555555,100,
9308,公設消火栓,中消防署,福井市幾久町９番１６号,36.08377825555555,136.22665155277775,100,
9309,公設消火栓,中消防署,福井市幾久町８番１７号,36.082525386111115,136.2262396138889,100,
9310,公設消火栓,中消防署,福井市幾久町２番１８号,36.080542641666675,136.22642666388893,100,
9311,公設消火栓,中消防署,福井市幾久町４番３号,36.08057066944444,136.22701962500003,100,
9312,私設消火栓,中消防署,福井市幾久町２－２２,36.08905073055556,136.22803953333332,100,
9313,私設防火水槽,中消防署,福井市幾久町２番２２号,36.09009659166666,136.22751261944444,,
9314,公設消火栓,中消防署,福井市幾代　２丁目１５１１番,36.08813563333333,136.22449269444442,150,
9315,公設消火栓,西安居分遣所,福井市下市町１５番２４号,36.07393063333333,136.17503346388887,300,
9316,公設消火栓,西安居分遣所,福井市下市町２１番４０号,36.07395363055556,136.17400956111112,100,
9317,公設消火栓,西安居分遣所,福井市下市町１９番１１号,36.07320571111111,136.17417353055555,300,
9318,公設消火栓,西安居分遣所,福井市下市町２１番２０号,36.07346468333333,136.17367058611111,100,
9319,公設消火栓,西安居分遣所,福井市下市町２２番３３号,36.072728761111115,136.17363457499997,100,
9320,公設消火栓,西安居分遣所,福井市下市町,36.07394163611111,136.17664931111108,300,
9321,公設消火栓,西安居分遣所,福井市下市町１５番３０号,36.074403583333336,136.17553442777773,300,
9322,公設消火栓,西安居分遣所,福井市下市町２０番９８号,36.07516450277777,136.17488550555555,100,
9323,その他,西安居分遣所,福井市下市町地係,36.07373765277778,136.17298265555556,,
9324,公設消火栓,南消防署,福井市下荒井町１３番２４０号,36.025539963888896,136.20208804166668,100,
9325,公設消火栓,南消防署,福井市下荒井町１３番２４０号,36.024752116666676,136.20328499166664,200,
9326,公設消火栓,東消防署,福井市城東４丁目２３番　　下北野公園北側,36.05918173333334,136.23957819166665,100,
9327,公設消火栓,東消防署,福井市城東３丁目１２番３２号,36.059725658333335,136.2391311916667,100,
9328,公設消火栓,東消防署,福井市城東４丁目１５番６号,36.059309675,136.23827824999998,100,
9329,公設消火栓,東消防署,福井市城東４丁目１３番,36.05830978611111,136.23824529722222,100,
9330,公設消火栓,東消防署,福井市城東４丁目３６番,36.05737399444445,136.24151416666663,150,
9331,公設消火栓,東消防署,福井市城東４丁目２７番,36.05914577777777,136.24074513611112,100,
9332,公設消火栓,東消防署,福井市城東３丁目２４番８号,36.059659724999996,136.24085110833332,100,
9333,公設消火栓,東消防署,福井市城東４丁目２２番４号,36.05775090555555,136.23998123055557,200,
9334,公設防火水槽,東分署,福井市新保１丁目地係,36.08050775555556,136.2464635777778,,
9335,私設防火水槽,東分署,福井市新保２丁目２２８番,36.078769152777774,136.24993036388892,,
9336,受水槽,東分署,福井市新保２丁目２２８番,36.07786929722222,136.2507723138889,,
9337,公設消火栓,東分署,福井市新保町３８番２１号,36.08271917222223,136.25744065277777,100,
9338,公設消火栓,東分署,福井市新保町３８番２４号,36.08221322777778,136.2574516638889,100,
9339,公設消火栓,東分署,福井市新保町３８番７号,36.08233826944444,136.25839058333335,100,
9340,公設消火栓,東分署,福井市新保町４９番１号,36.07789437222222,136.25214720277776,100,
9341,公設消火栓,東分署,福井市新保町４０番２４号,36.081036180555564,136.25459692500002,100,
9342,公設消火栓,東分署,福井市新保１丁目２０６番,36.07851610555556,136.24862248055553,150,
9343,公設消火栓,東分署,福井市新保２丁目５０３番,36.07909113333333,136.25020533333333,150,
9344,公設消火栓,臨海消防署,福井市白方町３７番６号１,36.16021852777778,136.1107236083333,150,
9345,公設消火栓,臨海消防署,福井市白方町３７番６号１,36.161941375000005,136.11216130833336,150,
9346,公設消火栓,臨海消防署,福井市白方町３７番６号１,36.16305827222223,136.11307911944445,150,
9347,公設消火栓,臨海消防署,福井市白方町３７番６号１,36.16390819444444,136.11375097777778,150,
9348,公設消火栓,臨海消防署,福井市白方町３８番２２号,36.16474011666667,136.1144308361111,150,
9349,公設消火栓,臨海消防署,福井市白方町,36.1661439888889,136.11575457500004,150,
9350,公設消火栓,臨海消防署,福井市白方町３２番,36.153770147222225,136.10945931666666,200,
9351,公設消火栓,臨海消防署,福井市白方町,36.16810774444444,136.11059395833337,150,
9352,公設消火栓,臨海消防署,福井市白方町２９番５－１,36.15896071666668,136.1166081333333,300,
9353,公設消火栓,川西分署,福井市荒谷町２４番１７号,36.116972016666665,136.1372499111111,100,
9354,公設消火栓,川西分署,福井市荒谷町１７番１１号,36.117115963888885,136.1356060722222,100,
9355,公設消火栓,川西分署,福井市荒谷町２３番３０号,36.11501120833334,136.13396723333332,100,
9356,公設消火栓,川西分署,福井市荒谷町２４番１号,36.115958102777775,136.13519511388887,100,
9357,公設消火栓,川西分署,福井市荒谷町２７番９号,36.113675377777774,136.13276734722223,100,
9358,公設消火栓,川西分署,福井市荒谷町２７番２１号,36.11233954444445,136.1319394277778,100,
9359,公設消火栓,川西分署,福井市荒谷町２９番２１号,36.111730622222225,136.1315094722222,100,
9360,公設消火栓,川西分署,福井市荒谷町４３番２１号,36.1109837111111,136.13071254999997,100,
9361,河川,川西分署,福井市荒谷町,36.11630817499999,136.14065257499996,,
9362,河川,川西分署,福井市荒谷町,36.115358186111116,136.13544808888892,,
9363,公設消火栓,南消防署,福井市一本木町５２,36.05169323333334,136.22644335555552,250,
9364,受水槽,南消防署,福井市一本木町５２　福井刑務所内舎房管理棟西側,36.05311804722222,136.22632729722218,,
9365,公設消火栓,足羽分遣所,福井市荒木町１５番２０号,36.03916256944445,136.26742721111114,100,
9366,公設消火栓,足羽分遣所,福井市荒木町１５番１８号,36.038453658333324,136.26779721944445,100,
9367,公設消火栓,足羽分遣所,福井市荒木町１４番６号,36.03856268888889,136.26880216388892,100,
9368,公設消火栓,臨海消防署,福井市免鳥町地係,36.132620630555564,136.0750287777778,100,
9369,プール,中消防署,福井市文京２丁目８　藤島高校,36.07997634166667,136.21774766944446,,
9370,公設消火栓,東消防署,福井市手寄１丁目５番,36.06046301666667,136.22286431666663,100,
9371,公設消火栓,中消防署,福井市幾代　２丁目１６３０番,36.088790647222226,136.22599064722223,100,
9372,公設消火栓,中消防署,福井市幾代　２丁目１５２１番,36.08779474444445,136.22588759166666,100,
9373,公設消火栓,中消防署,福井市幾代　２丁目１４０１番,36.08742486111112,136.22731449166668,100,
9374,公設消火栓,中消防署,福井市幾代　２丁目１４２４番１号,36.08810281944445,136.2278394972222,200,
9375,公設消火栓,越廼分署,福井市居倉町,36.00918152222222,135.98799779722222,100,
9376,公設消火栓,越廼分署,福井市居倉町,36.01047136944444,135.98780074999996,75,
9377,公設消火栓,西安居分遣所,福井市飯塚町２８番１３７号,36.062479941666666,136.18216935555554,150,
9378,公設消火栓,西安居分遣所,福井市飯塚町２８番１３９号,36.06213398333333,136.18238231944443,100,
9379,私設防火水槽,麻生津分遣所,福井市今市町４２番２１号１,36.01611422777778,136.20197545000002,,
9380,受水槽,南消防署,福井市今市町６６番,36.02262962500001,136.20861271111113,,
9381,公設消火栓,東分署,福井市新保町３９番４０号,36.081217411111105,136.25880757777776,100,
9382,公設消火栓,川西分署,福井市木下町,36.14579536111112,136.13247186666666,300,
9383,公設消火栓,北分署,福井市上野本町１丁目１７１９番,36.113727299999994,136.23722520555557,150,
9384,公設消火栓,北分署,福井市上野本町１丁目１５２９番,36.11359525555556,136.23594935277782,100,
9385,公設消火栓,北分署,福井市下森田新町２３０７番,36.106696888888884,136.2306918611111,100,
9386,公設消火栓,北分署,福井市下森田町２０６番,36.111418255555556,136.22848916944446,100,
9387,公設消火栓,北分署,福井市石盛３丁目１２１７番,36.11735081944445,136.2367112722222,100,
9388,公設消火栓,東消防署,福井市城東３丁目２３番５号,36.06003165277779,136.23998913611112,150,
9389,公設消火栓,東消防署,福井市城東４丁目２番,36.05867563611112,136.2349594472222,100,
9390,公設消火栓,東消防署,福井市城東４丁目５番８号,36.05960952777777,136.2350034,100,
9391,公設消火栓,東消防署,福井市城東４丁目２２番５号,36.057939736111116,136.23539545833333,100,
9392,公設消火栓,東消防署,福井市城東４丁目５番,36.0592455888889,136.2355483888889,100,
9393,公設消火栓,東消防署,福井市城東４丁目６０６番,36.05979454166667,136.2360123416667,100,
9394,公設消火栓,東消防署,福井市城東４丁目１０番９号,36.05828973888889,136.2366983777778,150,
9395,公設消火栓,東消防署,福井市城東４丁目８番５号,36.05952559722222,136.23675131666667,150,
9396,公設消火栓,東消防署,福井市城東４丁目３番,36.05800380000001,136.23765334166663,100,
9397,公設消火栓,東消防署,福井市城東４丁目２９番８号,36.05836489444445,136.2416891194445,100,
9398,公設消火栓,東消防署,福井市城東２丁目２番２５号,36.06036443055556,136.23476237500003,100,
9399,公設消火栓,東消防署,福井市城東２丁目１１番,36.06030650833334,136.23673428333333,100,
9400,公設消火栓,北分署,福井市上森田５丁目５０８番４号,36.10968163333334,136.2334895972222,150,
9401,公設消火栓,北分署,福井市下森田新町９１９番,36.10825064722222,136.2290350638889,100,
9402,公設消火栓,北分署,福井市下森田新町２６１８番,36.10625884722223,136.22816813333336,100,
9403,公設消火栓,北分署,福井市下森田新町２６０７番,36.106681833333326,136.22911403333336,100,
9404,公設消火栓,北分署,福井市下森田新町１８０１番,36.10844457777778,136.22777720555553,100,
9405,公設消火栓,北分署,福井市下森田新町１８０６番,36.10777565833333,136.2277851972222,100,
9406,公設消火栓,北分署,福井市下森田新町２１０番,36.10991655,136.231902775,100,
9407,公設防火水槽,臨海消防署,福井市白方町３８番２号１２,36.16149148611111,136.1188076666667,,
9408,公設防火水槽,臨海消防署,福井市白方町３６番１号,36.160766575,136.1204325722222,,
9409,私設防火水槽,臨海消防署,福井市白方町４６番,36.168212725,136.10649934444447,,
9410,私設防火水槽,臨海消防署,福井市白方町４６番,36.168718675,136.10686926944447,,
9411,私設防火水槽,臨海消防署,福井市白方町４５番５号,36.16605694722222,136.10521963055555,,
9412,私設防火水槽,臨海消防署,福井市白方町４５番５号,36.16649889444444,136.1090382472222,,
9413,私設防火水槽,臨海消防署,福井市白方町４５番５号,36.166315913888894,136.10885528055556,,
9414,受水槽,臨海消防署,福井市白方町４６番臨海３,36.16881566666667,136.10588835555555,,
9415,受水槽,臨海消防署,福井市白方町４５番５号３,36.16386316666667,136.10653668333336,,
9416,公設消火栓,臨海消防署,福井市白方町１０番４号,36.161865480555555,136.1219583111111,100,
9417,公設消火栓,臨海消防署,福井市白方町１０番１７号,36.161070558333336,136.12176340555558,100,
9418,公設消火栓,臨海消防署,福井市白方町１３番２６号,36.16070858055556,136.12045257499997,100,
9419,公設消火栓,北分署,福井市天池町５番６５号,36.114107636111115,136.2188002194444,300,
9420,公設消火栓,北分署,福井市天池町３９番１５号,36.10446472777778,136.21683953888888,200,
9421,公設消火栓,北分署,福井市天池町３３番１号１０,36.10591753333333,136.21553371666664,100,
9422,公設消火栓,北分署,福井市天池町３３番７号１,36.10663145833333,136.2160586388889,100,
9423,公設消火栓,北分署,福井市天池町２９番８号４,36.10549454722222,136.21382896111115,100,
9424,公設消火栓,北分署,福井市八重巻町１７番１号,36.10397284444444,136.21990509166667,100,
9425,公設防火水槽,北分署,福井市天池町３３番５４号１,36.10530860555556,136.21557871388885,,
9426,公設消火栓,東消防署,福井市今泉町２５番１５号,36.06778940833334,136.25318824444446,100,
9427,公設消火栓,北分署,福井市栗森２丁目２５１３番,36.11737493333334,136.23917996944445,100,
9428,公設消火栓,北分署,福井市栗森２丁目２６２１番,36.11753095277778,136.24001386666663,100,
9429,公設消火栓,北分署,福井市石盛３丁目５０５番,36.11687978611111,136.23475350833337,150,
9430,公設消火栓,北分署,福井市下森田新町９０１番,36.10879261666666,136.23000796666668,100,
9431,公設消火栓,北分署,福井市石盛３丁目１８０７番,36.115345975,136.23470850555557,150,
9432,公設消火栓,北分署,福井市上野本町１丁目２０１８番,36.11191346388889,136.23590835555552,150,
9433,公設消火栓,東分署,福井市新保北１丁目３０３,36.08663724722223,136.24940519444445,250,
9434,公設消火栓,東分署,福井市堂島町,36.096220136111114,136.26441870555553,150,
9435,公設消火栓,東消防署,福井市日之出５丁目１４番３０号,36.065692794444445,136.23442330277777,100,
9436,公設消火栓,西分署,福井市光陽３丁目１４番２４号,36.065053755555546,136.19558597777777,100,
9437,公設防火水槽,国見分遣所,福井市国見町２２番４号,36.09711061111111,136.0574227972222,,
9438,公設消火栓,北分署,福井市網戸瀬町１８－４０－２,36.105871161111104,136.19921561111113,150,
9439,公設消火栓,北分署,福井市網戸瀬町１８－２１,36.106301097222214,136.19866365555558,100,
9440,公設消火栓,北分署,福井市網戸瀬町１８－１４,36.10678002222223,136.1977547333333,100,
9441,公設消火栓,北分署,福井市網戸瀬町１８－６,36.105810141666666,136.1981457222222,100,
9442,公設消火栓,東消防署,福井市御幸１丁目１０,36.05843145,136.22834595555557,100,
9443,公設消火栓,清水分署,福井市清水町９番４号,36.0558723138889,136.15564742222222,100,
9444,公設消火栓,清水分署,福井市清水町,36.05521639166667,136.15589538055556,100,
9445,公設消火栓,清水分署,福井市清水町９番１１号,36.05561936388889,136.1572282333333,100,
9446,公設消火栓,清水分署,福井市清水町１８番２号,36.055761358333335,136.1579541527778,100,
9447,公設消火栓,清水分署,福井市清水町１８番７号,36.05609433055556,136.1587860638889,100,
9448,公設消火栓,清水分署,福井市清水町地係,36.05911599722222,136.15885411388888,100,
9449,公設消火栓,清水分署,福井市清水町２０番１号,36.05743221666667,136.16104581944444,100,
9450,公設消火栓,清水分署,福井市清水町２９番１０号,36.05846910555556,136.1612278166667,75,
9451,公設消火栓,清水分署,福井市清水町２６番９２号,36.0586861,136.162408675,100,
9452,公設消火栓,清水分署,福井市清水町２９番１１号,36.059019069444446,136.16288062222225,100,
9453,公設消火栓,清水分署,福井市清水杉谷町５番４０号,36.03727444166667,136.15812201666665,75,
9454,公設消火栓,清水分署,福井市清水杉谷町３番１１６号,36.036818491666665,136.1583639888889,200,
9455,公設消火栓,足羽分遣所,福井市前波町１７番６号１,36.02238815277778,136.29342501111108,100,
9456,公設消火栓,足羽分遣所,福井市篠尾町６３－４,36.03035589722223,136.29168902777775,150,
9457,公設消火栓,足羽分遣所,福井市篠尾町８２番２４号４０,36.02873661944444,136.28395126111113,100,
9458,公設消火栓,足羽分遣所,福井市篠尾町８２番２４号２５,36.028147736111116,136.28451020277777,100,
9459,公設防火水槽,足羽分遣所,福井市高尾町１１－１５７,36.025877847222226,136.29620546111113,,
9460,公設防火水槽,足羽分遣所,福井市篠尾町,36.02880795833333,136.28926445000002,,
9461,公設防火水槽,足羽分遣所,福井市篠尾町,36.030639833333325,136.2913850722222,,
9462,公設消火栓,北分署,福井市下森田新町７１３番,36.10904854444444,136.2287911027778,100,
9463,公設消火栓,北分署,福井市下森田新町４０８番,36.109617525000004,136.23015096111112,100,
9464,公設消火栓,北分署,福井市下森田新町１２０２番,36.10930863333334,136.2322347277778,100,
9465,公設消火栓,北分署,福井市下森田新町３０４番,36.109189549999996,136.22943203611112,250,
9466,公設消火栓,北分署,福井市下森田新町８１３番,36.10843168611111,136.23074888055555,100,
9467,公設消火栓,北分署,福井市下森田新町４１２番,36.10965354722223,136.23096287222222,150,
9468,公設消火栓,北分署,福井市下森田新町２０１３番,36.107228750000004,136.22861309722222,100,
9469,公設消火栓,北分署,福井市下森田新町２２１３番,36.106603861111104,136.22962097777778,100,
9470,公設防火水槽,北分署,福井市下森田新町２１１１番,36.10682582222223,136.22928201666664,,
9471,公設防火水槽,北分署,福井市下森田新町１４１０番,36.10880872777778,136.2331646194444,,
9472,公設消火栓,麻生津分遣所,福井市下細江町１７番３０号,36.02050278611111,136.24412030833332,100,
9473,公設消火栓,麻生津分遣所,福井市下細江町９番２号,36.019190952777784,136.24283538888886,100,
9474,公設消火栓,清水分署,福井市清水杉谷町３番６５号,36.036021588888886,136.15849198055557,75,
9475,公設消火栓,清水分署,福井市清水杉谷町４番１７号,36.036510525,136.15894991944447,75,
9476,公設消火栓,清水分署,福井市清水杉谷町４番６号,36.036743497222226,136.15949985555554,75,
9477,公設消火栓,清水分署,福井市清水杉谷町４番１５号,36.03626055555556,136.15954185555555,75,
9478,公設消火栓,清水分署,福井市清水杉谷町１番３号,36.03617457222222,136.16003380000004,75,
9479,公設消火栓,清水分署,福井市清水杉谷町２番２４号,36.036510538888884,136.16074471666664,75,
9480,公設消火栓,中消防署,福井市順化１丁目２２番１７号,36.06602413333333,136.21757773611114,200,
9481,公設消火栓,中消防署,福井市順化１丁目５番１８号,36.06336141944444,136.21551593333334,100,
9482,公設防火水槽,中消防署,福井市順化２丁目１１番,36.064697197222216,136.2140110861111,,
9483,公設防火水槽,中消防署,福井市順化１丁目３番４号,36.062899488888895,136.2158219027778,,
9484,公設防火水槽,中消防署,福井市順化２丁目１３番１２号,36.06523321666668,136.21698279722224,,
9485,公設消火栓,中消防署,福井市順化１丁目１２番１号,36.064336350000005,136.21744975,200,
9486,公設消火栓,中消防署,福井市順化１丁目１３番１７号,36.06506125555555,136.21750474444443,200,
9487,公設消火栓,中消防署,福井市順化１丁目１０番１３号,36.06439131666667,136.21661083333336,100,
9488,公設消火栓,中消防署,福井市順化２丁目２５番１８号,36.0671188888889,136.21441106944442,100,
9489,公設消火栓,清水分署,福井市下天下町４番２７号,36.039951088888884,136.1408859638889,75,
9490,公設消火栓,清水分署,福井市下天下町４番７号,36.039960091666664,136.141237925,200,
9491,公設消火栓,清水分署,福井市下天下町４番５号,36.04025405555556,136.14150189166668,200,
9492,公設消火栓,清水分署,福井市下天下町４番２号,36.04065400555555,136.1417048638889,200,
9493,公設消火栓,清水分署,福井市下天下町３番２２号,36.041089952777774,136.14196083055558,200,
9494,公設消火栓,清水分署,福井市下天下町３番７号,36.04158189444444,136.14238578055557,200,
9495,公設消火栓,清水分署,福井市下天下町２番２１号,36.04202384166667,136.14270473888888,75,
9496,公設消火栓,清水分署,福井市下天下町２番１４号,36.04232580555556,136.14294371111112,200,
9497,公設消火栓,中消防署,福井市松本３丁目２９番１号　小林仏壇店東側,36.07519825833334,136.22549885555557,200,
9498,公設防火水槽,越廼分署,福井市城有町３４－３６,35.994859822222224,135.9821198666667,,
9499,公設消火栓,中消防署,福井市中央１丁目１９－１５,36.06126473888889,136.2171007861111,100,
9500,公設消火栓,中消防署,福井市大手２丁目１５－２７,36.06622838888888,136.22571098611107,100,
9501,プール,中消防署,福井市文京３丁目１３－１　春山小学校,36.07872836666667,136.2140832527778,,
9502,公設消火栓,足羽分遣所,福井市鹿俣町１７－１３－１,35.98980957777778,136.28293358333332,150,
9503,公設消火栓,北分署,福井市上野本町４丁目２３０１番,36.112868775,136.2449483222222,100,
9504,公設消火栓,東分署,福井市開発５丁目９０１番,36.085082850000006,136.23991780555554,100,
9505,公設消火栓,東分署,福井市開発５丁目１００１番,36.085561833333344,136.24058876111113,100,
9506,公設消火栓,北分署,福井市石盛１丁目１５０４番,36.11732460833334,136.23092789999998,150,
9507,公設消火栓,北分署,福井市石盛２丁目２０３番,36.11895641111111,136.23108188333333,100,
9508,公設消火栓,北分署,福井市石盛２丁目３１１番,36.118732502777775,136.23320367499997,100,
9509,公設消火栓,東消防署,福井市城東４丁目２２番１号,36.05862779166666,136.23946921944443,200,
9510,公設消火栓,南消防署,福井市引目町１９番５号,36.02898141388888,136.19961206111114,100,
9511,公設防火水槽,足羽分遣所,福井市篠尾町９６番５５号,36.02209608333334,136.2917502611111,,
9512,私設防火水槽,足羽分遣所,福井市篠尾町６１番２１号,36.02782220833333,136.290807225,,
9513,私設防火水槽,足羽分遣所,福井市篠尾町５５番５号,36.0271902361111,136.28991038333334,,
9514,河川,足羽分遣所,福井市篠尾町地係,36.022784816666665,136.28921760555556,,
9515,公設消火栓,東消防署,福井市志比口１丁目１ー１２７,36.069316316666665,136.2331763611111,100,
9516,公設消火栓,東消防署,福井市志比口１丁目４番１号,36.070405216666664,136.23385529722222,100,
9517,公設消火栓,東消防署,福井市志比口３丁目１番８号,36.07118114166667,136.23425625555552,150,
9518,公設消火栓,東消防署,福井市志比口２丁目４番５号,36.070886211111116,136.2350012138889,250,
9519,公設消火栓,東消防署,福井市志比口２丁目２番５号,36.06987433333333,136.23509521944442,250,
9520,公設消火栓,東消防署,福井市志比口３丁目２番１４号,36.071794133333334,136.23555317777777,100,
9521,公設消火栓,東消防署,福井市志比口３丁目３番３８号,36.072613141666665,136.23757806944448,100,
9522,公設消火栓,足羽分遣所,福井市篠尾町６２番１０号,36.02960100277778,136.29159805833336,100,
9523,公設消火栓,足羽分遣所,福井市篠尾町６９番５号,36.02946405833333,136.29211397777777,100,
9524,公設消火栓,臨海消防署,福井市白方町１３番３２号,36.16023963611111,136.12131653333336,100,
9525,公設消火栓,臨海消防署,福井市白方町１２番７号,36.16066757222222,136.1191577111111,100,
9526,公設消火栓,臨海消防署,福井市白方町１４番２０号,36.160207625000005,136.1198866833333,100,
9527,公設消火栓,臨海消防署,福井市白方町１２番１７号,36.15990763888888,136.11833086944443,300,
9528,公設消火栓,臨海消防署,福井市白方町１０番２５号,36.16166648333333,136.12047648055557,100,
9529,公設消火栓,清水分署,福井市清水杉谷町２番３号,36.03554065000001,136.1591219166667,75,
9530,公設消火栓,清水分署,福井市清水杉谷町９番１２８号,36.035465663888886,136.1580970361111,75,
9531,公設消火栓,清水分署,福井市清水杉谷町８番６２号,36.03701847777778,136.1549453861111,75,
9532,公設消火栓,清水分署,福井市清水杉谷町４５番１号,36.0320021388889,136.15320767499998,75,
9533,公設消火栓,清水分署,福井市清水杉谷町１０番３号,36.03490774444445,136.15637225,200,
9534,公設消火栓,清水分署,福井市清水杉谷町４５番３００号,36.03314398333333,136.154714475,200,
9535,公設消火栓,清水分署,福井市清水杉谷町２６番３号,36.03119224444444,136.15405558888892,200,
9536,公設消火栓,清水分署,福井市清水杉谷町地係,36.031055272222225,136.15059300277775,100,
9537,公設消火栓,清水分署,福井市清水杉谷町４５番１６３号　（株）テクニカフクイ清水工場南東側,36.03120522777778,136.15844206666665,150,
9538,公設消火栓,清水分署,福井市清水杉谷町４５番８８号,36.03226909999999,136.15448451944445,200,
9539,公設防火水槽,清水分署,福井市清水杉谷町８番６２号,36.03695548611111,136.15491039166668,,
9540,公設防火水槽,清水分署,福井市清水杉谷町８番２５号,36.03681049722223,136.15627023333334,,
9541,私設防火水槽,清水分署,福井市島寺町６７番３０号,36.01908881388889,136.14029760833333,,
9542,私設防火水槽,清水分署,福井市島寺町６７番３０号,36.01805295833333,136.14172947777777,,
9543,公設消火栓,足羽分遣所,福井市篠尾町４７番６号,36.02732117777778,136.2893074722222,100,
9544,公設消火栓,足羽分遣所,福井市篠尾町６１番６号,36.028354177777786,136.29147810555554,100,
9545,公設消火栓,足羽分遣所,福井市篠尾町９４番１５号,36.027743300000004,136.29199504166667,100,
9546,公設消火栓,足羽分遣所,福井市篠尾町４１番２０号,36.02235696388889,136.29049243333336,100,
9547,公設消火栓,清水分署,福井市下天下町２番８号,36.04259276944444,136.14285471666668,75,
9548,公設消火栓,清水分署,福井市下天下町２番２号,36.04308770833333,136.1428467138889,75,
9549,公設消火栓,清水分署,福井市下天下町１番６号,36.042584774999995,136.143251675,75,
9550,公設消火栓,清水分署,福井市下天下町３番６号,36.04309871944445,136.14434355277774,200,
9551,公設消火栓,清水分署,福井市下天下町１１番４１号,36.04186286666667,136.14349865555556,150,
9552,公設消火栓,清水分署,福井市下天下町１９番２９号,36.042764769444446,136.14556242499998,75,
9553,公設消火栓,清水分署,福井市下天下町１９番２９号,36.042109849999996,136.14532645833336,75,
9554,公設防火水槽,清水分署,福井市下天下町３番１６号,36.041257933333334,136.14226779722222,,
9555,公設防火水槽,清水分署,福井市下天下町２番２１号,36.04194585,136.1427377361111,,
9556,公設防火水槽,清水分署,福井市下天下町５番１号,36.03980111111111,136.14131891666665,,
9557,公設防火水槽,清水分署,福井市下天下町２０番２５号,36.042448791666665,136.14328267222226,,
9558,公設消火栓,麻生津分遣所,福井市下河北町２６番１５号,36.01857760000001,136.2220940833333,100,
9559,公設消火栓,麻生津分遣所,福井市下河北町４９番２３号,36.013468525,136.2305768472222,150,
9560,公設消火栓,南消防署,福井市下荒井町１４番１０５号,36.024268191666664,136.20357399166664,100,
9561,公設消火栓,南消防署,福井市下荒井町１４番４０２号,36.023743275,136.2038879916667,100,
9562,公設消火栓,南消防署,福井市下荒井町７番２０１号,36.02516811944444,136.20462688055557,100,
9563,公設消火栓,南消防署,福井市下荒井町６番４０１号,36.02617703055555,136.20566276944442,100,
9564,公設消火栓,南消防署,福井市下荒井町７番２０１号,36.02506815555556,136.2051708472222,100,
9565,公設消火栓,南消防署,福井市下荒井町１５番３０２号,36.02432724166666,136.2048908972222,150,
9566,私設防火水槽,東分署,福井市西開発２丁目１０１番１号,36.07867943611111,136.23732702499998,,
9567,公設消火栓,東分署,福井市新保北１丁目４０１,36.086676174999994,136.24836127777778,250,
9568,公設消火栓,東分署,福井市大和田１丁目１１１２番,36.091716775,136.25122395833333,100,
9569,公設消火栓,東分署,福井市大和田１丁目１２１０番,36.09096386666667,136.25126096944447,100,
9570,公設消火栓,東分署,福井市新保北１丁目３０３番,36.08781308611111,136.24904320277778,100,
9571,公設消火栓,東分署,福井市原目町３９番８号,36.07399618611112,136.26011863055555,100,
9572,公設消火栓,東消防署,福井市岡西谷町２４－５９－１,36.03866986666667,136.27364787500002,100,
9573,公設消火栓,東消防署,福井市岡西谷町８７－１,36.038853911111104,136.27539474166664,100,
9574,公設消火栓,東消防署,福井市花野谷町４６－４３,36.043814983333334,136.28802712777778,100,
9575,公設消火栓,東消防署,福井市花野谷町４５－６,36.04347411666667,136.2896288777778,100,
9576,公設消火栓,足羽分遣所,福井市荒木新保町１４番２２号５,36.039372758333336,136.27271191388886,200,
9577,公設消火栓,北分署,福井市上野本町地係,36.113028824999994,136.24642515000002,100,
9578,公設消火栓,北分署,福井市上野本町１丁目１０７７番,36.11635300555556,136.23799311388893,150,
9579,公設消火栓,北分署,福井市東森田２丁目１０４番,36.11875618333333,136.2480828638889,100,
9580,公設消火栓,北分署,福井市河合勝見町２８－８,36.10477528333334,136.19900066388888,150,
9581,公設消火栓,北分署,福井市河合勝見町２８－１８－１,36.10328248055555,136.19999660555558,150,
9582,公設消火栓,中消防署,福井市灯明寺３丁目３２１０番,36.0965304,136.2123890166667,150,
9583,公設消火栓,中消防署,福井市灯明寺３丁目２８０８番,36.096272402777785,136.2115601416667,100,
9584,公設消火栓,臨海消防署,福井市白方町４０番１２０号,36.15550698888889,136.1107500361111,250,
9585,公設消火栓,臨海消防署,福井市白方町地係,36.1563149,136.10938709166663,250,
9586,公設消火栓,臨海消防署,福井市白方町地係,36.15723882222221,136.10801311944442,250,
9587,公設消火栓,臨海消防署,福井市白方町４５番５号８,36.162850275,136.10555085,150,
9588,公設消火栓,臨海消防署,福井市白方町４５番５号９,36.16407214444445,136.10684064166665,150,
9589,公設消火栓,臨海消防署,福井市白方町４５番５号,36.16528701944445,136.10797144166665,150,
9590,公設消火栓,臨海消防署,福井市白方町４５番５号,36.16616293055555,136.10870030555557,150,
9591,公設消火栓,臨海消防署,福井市白方町４５番４号,36.16779076666666,136.10838920277777,150,
9592,公設消火栓,臨海消防署,福井市白方町４５番５号,36.167918755555554,136.10658236111112,150,
9593,公設消火栓,臨海消防署,福井市白方町４５番５号,36.1668818638889,136.1058425111111,200,
9594,公設消火栓,臨海消防署,福井市白方町４５番５号,36.16571698333334,136.10501967500002,150,
9595,公設消火栓,臨海消防署,福井市白方町,36.16443311944444,136.10394486944443,150,
9596,公設消火栓,臨海消防署,福井市白方町１４番１８号,36.15953069166667,136.1197027666667,300,
9597,公設消火栓,南消防署,福井市下六条町３５番３０号,36.030582036111106,136.2274353638889,100,
9598,公設消火栓,南消防署,福井市下六条町地係,36.036431302777785,136.23106386388892,150,
9599,公設消火栓,清水分署,福井市清水山町５０番１１号,36.00777133333334,136.16113648333334,100,
9600,公設消火栓,清水分署,福井市清水山町５５番２号,36.00748336666666,136.16054256111113,100,
9601,公設消火栓,清水分署,福井市清水山町５５番３号,36.006964441666675,136.16031462222222,100,
9602,公設消火栓,清水分署,福井市清水山町４５番７号,36.00664447777778,136.15967270555558,100,
9603,公設消火栓,足羽分遣所,福井市篠尾町８２番３１号,36.02884755277778,136.28281836944444,150,
9604,公設消火栓,足羽分遣所,福井市篠尾町８２番２４号１５,36.028136708333335,136.28389626388892,150,
9605,公設消火栓,足羽分遣所,福井市篠尾町５４番１１号,36.02833680277777,136.28596198055556,150,
9606,公設消火栓,足羽分遣所,福井市篠尾町５０番８号,36.028750875,136.2879486611111,150,
9607,公設消火栓,足羽分遣所,福井市篠尾町５０番７号,36.02920081388889,136.2880256472222,100,
9608,公設消火栓,足羽分遣所,福井市篠尾町９番１号,36.02252386666666,136.2893985861111,100,
9609,公設消火栓,足羽分遣所,福井市篠尾町６９番１２号,36.02905607777777,136.29152808333333,100,
9610,公設消火栓,足羽分遣所,福井市篠尾町３９番１６号,36.02344873055555,136.28936156666668,100,
9611,公設消火栓,足羽分遣所,福井市篠尾町３９番１号,36.02287379166666,136.28902363055553,100,
9612,公設消火栓,足羽分遣所,福井市篠尾町３７番５５号,36.02221881666667,136.28802079166667,100,
9613,公設消火栓,足羽分遣所,福井市篠尾町９６番５５号,36.02332687222223,136.29118130555557,100,
9614,公設消火栓,足羽分遣所,福井市篠尾町９６番５６号,36.02269105833333,136.2926361138889,100,
9615,公設消火栓,足羽分遣所,福井市篠尾町４３番９号,36.02285192222223,136.29095935000004,100,
9616,公設消火栓,足羽分遣所,福井市篠尾町４４番２３号,36.02368174166666,136.2899984666667,100,
9617,公設防火水槽,清水分署,福井市志津が丘３丁目１２６,36.01543201388888,136.12020804722223,,
9618,公設防火水槽,清水分署,福井市志津が丘２丁目２０９番,36.01582398611111,136.12177186666665,,
9619,公設消火栓,南消防署,福井市下六条町３９番１号,36.0306680111111,136.22668939444443,200,
9620,公設消火栓,南消防署,福井市下六条町２７番７号,36.027910488888885,136.23155032222223,100,
9621,公設消火栓,南消防署,福井市下六条町７番２５号,36.027749575,136.2347111888889,150,
9622,公設消火栓,南消防署,福井市下荒井町１０番１０１号,36.02665971388888,136.1996351611111,100,
9623,公設消火栓,南消防署,福井市下荒井町１０番１０１号,36.02592678611112,136.19911023055553,150,
9624,公設消火栓,南消防署,福井市下荒井町１０番１０１号,36.02577685,136.20015216388887,150,
9625,公設消火栓,南消防署,福井市下荒井町１５番３０７号,36.02331034722222,136.20424598333335,150,
9626,公設消火栓,南消防署,福井市下荒井町９番５０８号,36.024049147222215,136.2018241222222,100,
9627,公設消火栓,南消防署,福井市下荒井町１４番２０９号,36.02345429444445,136.20343003611111,100,
9628,公設消火栓,南消防署,福井市下荒井町１５番４０９号,36.022538458333344,136.20446000277775,100,
9629,公設消火栓,南消防署,福井市下荒井町９番２０１号,36.02802070833334,136.20377282222222,200,
9630,公設消火栓,南消防署,福井市下荒井町１７番２５号,36.02237951666667,136.20536294444446,100,
9631,公設消火栓,南消防署,福井市下荒井町８番１０１号,36.02736579722222,136.20386284166668,200,
9632,公設消火栓,南消防署,福井市下荒井町６番７７号,36.0260910611111,136.20613473888886,100,
9633,公設消火栓,南消防署,福井市下荒井町１０番５０１号,36.027912575,136.20023006944444,150,
9634,公設消火栓,南消防署,福井市下荒井町４番７６号,36.027834855555554,136.2067266277778,200,
9635,公設消火栓,南消防署,福井市下荒井町６番３０号,36.02710089166666,136.20529175555552,100,
9636,公設消火栓,東消防署,福井市城東３丁目４番３号,36.0612924,136.23685023055555,100,
9637,公設消火栓,東消防署,福井市城東２丁目５番９号,36.06215030277779,136.23687821666664,100,
9638,公設消火栓,東消防署,福井市城東２丁目５番１５号,36.062188255555554,136.23571126944444,100,
9639,公設消火栓,東消防署,福井市城東２丁目３番,36.062188227777774,136.23498330555557,100,
9640,公設消火栓,清水分署,福井市甑谷町１５番２８号,35.99794955,136.14558502222224,100,
9641,公設消火栓,足羽分遣所,福井市上毘沙門町２番２１３号,36.018830799999996,136.2784570305556,100,
9642,公設消火栓,南消防署,福井市上六条町３５番８号　,36.03029338333334,136.2479383,100,
9643,公設消火栓,清水分署,福井市田尻栃谷町１３番１０号,36.03427093333333,136.16873186944446,100,
9644,公設消火栓,東分署,福井市大和田１丁目,36.09088782222222,136.25048203333333,100,
9645,プール,中消防署,福井市町屋３丁目１４番２０号　松本小学校プール,36.07788794444444,136.2259237777778,,
9646,河川,中消防署,福井市宝永３丁目７－１８　芝原用水,36.067978044444445,136.22264720277778,,
9647,河川,中消防署,福井市宝永３丁目１－１　芝原用水,36.06706127777778,136.22549999166668,,
9648,河川,中消防署,福井市松本３丁目１０－１０　芝原用水,36.06907101666666,136.22534697499998,,
9649,河川,中消防署,福井市宝永４丁目９－２４　芝原用水,36.068833805555556,136.21883259444445,,
9650,河川,中消防署,福井市松本１丁目１０　八ツ島用水,36.07213280833333,136.229272625,,
9651,河川,中消防署,福井市松本１丁目５１－５　屋尺用水,36.07676619166667,136.22816163333334,,
9652,河川,中消防署,福井市松本４丁目９－４３　芝原用水,36.073870219444444,136.2206223277778,,
9653,公設消火栓,清水分署,福井市清水山町５８番２号,36.00641451111112,136.15932576388892,100,
9654,公設消火栓,清水分署,福井市清水山町５８番８号,36.00695342777777,136.15841784166665,100,
9655,公設消火栓,清水分署,福井市清水山町５８番１１号,36.00788329166667,136.15787284722222,100,
9656,公設消火栓,清水分署,福井市清水山町５７番３号,36.005799599999996,136.15900485277777,75,
9657,公設消火栓,清水分署,福井市清水山町５６番１８号,36.005394661111104,136.15935383611114,150,
9658,公設消火栓,清水分署,福井市清水山町５７番４０号,36.00608656111112,136.15965375000002,150,
9659,公設消火栓,清水分署,福井市清水山町５５番１０号,36.00633753055556,136.1601616833333,150,
9660,公設消火栓,清水分署,福井市清水山町５５番６号,36.00647551666667,136.1605506361111,150,
9661,公設消火栓,清水分署,福井市清水山町５１番１７号,36.00724241111111,136.16124651388887,100,
9662,公設消火栓,清水分署,福井市清水山町５０番１号,36.0075803638889,136.1614674666667,100,
9663,公設消火栓,清水分署,福井市清水山町５１番２６号,36.00687147777778,136.16193047777776,75,
9664,公設消火栓,清水分署,福井市清水山町,36.00654251111112,136.16097859166666,100,
9665,公設消火栓,清水分署,福井市清水山町５１番１６号,36.00570564166667,136.161259625,75,
9666,公設消火栓,清水分署,福井市清水山町５４番１３号,36.005114725000006,136.16113468055556,75,
9667,公設消火栓,清水分署,福井市清水山町６５番５８号,36.00664247222222,136.1582148916667,75,
9668,公設消火栓,清水分署,福井市清水畑町２７番２号,36.03199380833334,136.10798082222223,150,
9669,公設消火栓,清水分署,福井市清水畑町,36.03161886666667,136.10842579444443,150,
9670,公設消火栓,東消防署,福井市成和１丁目３２１０番,36.05196065,136.2439592472222,200,
9671,公設消火栓,東消防署,福井市成和１丁目３３０１番,36.05181368888889,136.24488719722223,100,
9672,公設消火栓,南消防署,福井市下六条町２３番１２号,36.03082105833334,136.23012822500004,100,
9673,公設消火栓,南消防署,福井市下六条町２８番１０号,36.029671219444445,136.23020528611113,100,
9674,公設消火栓,南消防署,福井市下六条町２５番７号,36.02968224166666,136.23147522499997,100,
9675,公設消火栓,南消防署,福井市下六条町９番１２号,36.02960228055556,136.23276917222222,100,
9676,公設消火栓,南消防署,福井市下六条町１４番１号,36.035165505555554,136.23239386666668,100,
9677,公設防火水槽,南消防署,福井市下六条町,36.02872134999999,136.23028933333336,,
9678,私設防火水槽,南消防署,福井市下六条町１０３番,36.03657327500001,136.23055288333336,,
9679,私設防火水槽,南消防署,福井市下六条町２０１番,36.037237230555554,136.2326327361111,,
9680,私設防火水槽,南消防署,福井市下六条町２０１番,36.036312369444445,136.2334987416667,,
9681,プール,南消防署,福井市下六条町５番地１６,36.026463747222216,136.23422826944443,,
9682,公設消火栓,臨海消防署,福井市白方町４４番９号,36.16338234444445,136.12304105555555,100,
9683,公設消火栓,臨海消防署,福井市白方町１２番４号,36.16239941944444,136.12139631944444,100,
9684,公設消火栓,臨海消防署,福井市白方町１１番２６号１,36.16243539166666,136.1188625777778,100,
9685,公設消火栓,臨海消防署,福井市白方町１１番３７号,36.1615114861111,136.11899064722226,100,
9686,公設消火栓,臨海消防署,福井市白方町１１番４８号６,36.16164448055555,136.1199295388889,100,
9687,公設消火栓,北分署,福井市下森田本町２番１１号,36.10907244444445,136.22601840833332,100,
9688,公設消火栓,北分署,福井市下森田本町６番１０号,36.10807459722223,136.22706028055555,150,
9689,公設消火栓,清水分署,福井市清水畑町１９番３号,36.0306620361111,136.1112995277778,150,
9690,公設消火栓,清水分署,福井市清水畑町７番２１号,36.031326947222226,136.11134149722224,150,
9691,公設消火栓,東消防署,福井市城東１丁目９番１２号,36.06211417222222,136.2331984361111,100,
9692,公設消火栓,東消防署,福井市城東１丁目７番８号,36.06196215000001,136.23206453055556,100,
9693,公設消火栓,東消防署,福井市城東１丁目５番１４号,36.06116225,136.2321925388889,100,
9694,公設消火栓,東消防署,福井市城東１丁目４番１４号,36.060806263888885,136.23140361944445,100,
9695,公設消火栓,東消防署,福井市城東１丁目５番１号,36.060962222222216,136.23073466666665,100,
9696,公設消火栓,東消防署,福井市城東１丁目１４番３１号,36.06013941944444,136.23360147222223,150,
9697,公設消火栓,東消防署,福井市城東４丁目７番,36.05877064722222,136.23562840833335,200,
9698,公設消火栓,東消防署,福井市城東１丁目１８番３２号,36.06109433611111,136.2344423611111,250,
9699,公設消火栓,東消防署,福井市城東３丁目１８番１号,36.061717433333335,136.23906211666664,150,
9700,公設消火栓,東消防署,福井市城東３丁目１番１５号,36.06027355833333,136.23802622222226,100,
9701,公設消火栓,東消防署,福井市城東３丁目１番２号,36.05979558055556,136.23714728611114,100,
9702,公設消火栓,東消防署,福井市城東４丁目３－２２,36.05758174722222,136.23449252499998,150,
9703,公設消火栓,東消防署,福井市城東４丁目９番１３号,36.05753480833333,136.23624243611116,150,
9704,公設消火栓,東消防署,福井市城東４丁目１２番１３号,36.05749586388889,136.23780635555553,150,
9705,公設消火栓,足羽分遣所,福井市成願寺町,36.02924429722223,136.27836879166665,100,
9706,公設防火水槽,足羽分遣所,福井市成願寺町３番１９号,36.03092507777777,136.27894671111108,,
9707,公設消火栓,麻生津分遣所,福井市下細江町１４番３６号,36.01902900555556,136.24433335555557,100,
9708,公設消火栓,麻生津分遣所,福井市下細江町９番２８号,36.018283080555555,136.24278738888887,100,
9709,公設防火水槽,麻生津分遣所,福井市下細江町１８番２１号,36.02017882777778,136.24376634166666,,
9710,その他,中消防署,福井市文京３丁目９番　福井大学内（池）,36.07641261944444,136.2128544,,
9711,河川,中消防署,福井市幾久町７番１１号　三ヶ用水,36.08102655,136.2258066888889,,
9712,河川,中消防署,福井市二の宮３丁目４１番３号　馬渡川,36.08681159444444,136.22076799166666,,
9713,河川,中消防署,福井市二の宮２丁目８番　八ヶ用水,36.08435515833333,136.22618156111113,,
9714,河川,中消防署,福井市幾久町１番８号　底喰川,36.07997666944444,136.22560273611109,,
9715,公設消火栓,東消防署,福井市城東４丁目１３番,36.05852073611111,136.23749032499998,100,
9716,公設消火栓,西安居分遣所,福井市下市町６番３５号１,36.07284774166666,136.17195274722218,300,
9717,公設消火栓,国見分遣所,福井市小丹生町３６番６号,36.063653447222215,136.0202009777778,150,
9718,公設消火栓,国見分遣所,福井市小丹生町３６番６号,36.06131163888889,136.02025113055555,150,
9719,公設消火栓,国見分遣所,福井市小丹生町７１番１号,36.059786752777775,136.019747275,150,
9720,公設消火栓,国見分遣所,福井市小丹生町７１番１号,36.05852585833334,136.01967036388893,150,
9721,公設防火水槽,中消防署,福井市高柳１丁目２４０７番,36.08860475,136.24508446944444,,
9722,公設消火栓,北分署,福井市上野本町３丁目１０１１番,36.113389644444446,136.2435924722222,150,
9723,公設消火栓,東分署,福井市丸山３丁目８０１,36.07509953055555,136.25002239166668,150,
9724,公設消火栓,東消防署,福井市成和２丁目７０８番,36.05502941388889,136.2472059416667,100,
9725,公設消火栓,東消防署,福井市成和２丁目６１１番,36.05495137222223,136.24548904166667,100,
9726,公設消火栓,東消防署,福井市成和１丁目１３０９番,36.05583519166667,136.24254517222224,100,
9727,公設消火栓,東消防署,福井市成和２丁目１０６番,36.05832404166667,136.2460388972222,200,
9728,公設防火水槽,東消防署,福井市成和１丁目地係,36.054565330555555,136.24262621388888,,
9729,公設消火栓,川西分署,福井市仙町３番３号,36.13125993055555,136.16303859444446,200,
9730,公設消火栓,川西分署,福井市仙町６番４号,36.129065261111116,136.16466056388887,200,
9731,公設消火栓,川西分署,福井市仙町１５番３号,36.12798229722222,136.16245890555555,100,
9732,公設消火栓,川西分署,福井市仙町２番１号,36.13074598611111,136.1628836527778,100,
9733,公設消火栓,川西分署,福井市仙町４番１号,36.130388061111105,136.16365558611113,200,
9734,公設消火栓,川西分署,福井市仙町６番９号,36.12808233611111,136.16366375277775,100,
9735,公設消火栓,川西分署,福井市仙町６番９号,36.128446269444446,136.16312779166665,100,
9736,公設消火栓,川西分署,福井市仙町６番９号,36.12879623333333,136.16324475277779,100,
9737,公設消火栓,川西分署,福井市仙町５番４号,36.129199211111114,136.1638946444444,100,
9738,公設消火栓,川西分署,福井市仙町５番８号,36.12954314444444,136.16328869166668,100,
9739,公設防火水槽,川西分署,福井市仙町５番５号,36.12834325,136.16237189166668,,
9740,公設消火栓,東消防署,福井市曽万布町１２番２９号２,36.04499270277778,136.2597424611111,150,
9741,公設消火栓,東消防署,福井市成和２丁目７０１番,36.05559335833333,136.24724792222221,100,
9742,公設消火栓,東消防署,福井市成和２丁目９０４番２号,36.05560140277778,136.24864183333332,100,
9743,公設防火水槽,清水分署,福井市清水畑町３７番３号,36.03286260555555,136.1039561805555,,
9744,公設防火水槽,清水分署,福井市清水畑町２７番１４号,36.03263869722222,136.10675891666668,,
9745,私設防火水槽,清水分署,福井市清水畑町４１番３６号,36.032513608333325,136.10208837777776,,
9746,公設消火栓,清水分署,福井市清水山町１１番４２号,36.020315652777775,136.1610749916667,75,
9747,公設消火栓,清水分署,福井市清水山町１１番５５号,36.0196657361111,136.16049706666666,100,
9748,公設消火栓,清水分署,福井市清水山町１１番２４号,36.01971173333334,136.16129398333337,100,
9749,公設消火栓,清水分署,福井市清水山町９番３３号,36.01895583055556,136.16161496944449,100,
9750,公設消火栓,清水分署,福井市清水山町１０番５４号,36.01880885555556,136.1625168805556,100,
9751,公設消火栓,清水分署,福井市清水山町２６番４２号,36.01186671944445,136.15969633055553,100,
9752,公設消火栓,清水分署,福井市清水山町４３番１１号,36.011023833333326,136.1595513888889,100,
9753,公設消火栓,清水分署,福井市清水山町４３番１号,36.01063589444444,136.15984738888892,100,
9754,公設消火栓,清水分署,福井市清水山町２６番１７号,36.01011796666666,136.15908851944448,100,
9755,公設消火栓,清水分署,福井市清水山町２６番１０号,36.00970102777777,136.15849663055553,75,
9756,公設消火栓,清水分署,福井市清水山町４４番２号,36.00961404166666,136.1596114861111,100,
9757,公設消火栓,清水分署,福井市清水山町４４番４５号,36.01035493888889,136.1601923777778,100,
9758,公設消火栓,清水分署,福井市清水山町４４番３３号,36.00974903333334,136.16050339444445,100,
9759,公設消火栓,清水分署,福井市清水山町４６番１６号,36.00983902777778,136.16118932777778,150,
9760,公設防火水槽,清水分署,福井市清水町９番７号,36.0551664,136.15612535277776,,
9761,公設防火水槽,清水分署,福井市清水町２１番４号,36.05873808333333,136.16174475833333,,
9762,公設消火栓,北分署,福井市下森田藤巻町２１１番,36.109822436111116,136.22831316666665,100,
9763,公設消火栓,北分署,福井市下森田桜町６番１号,36.110678302777785,136.22732928611111,150,
9764,公設消火栓,北分署,福井市下森田桜町５番３号,36.11170820555556,136.22803821944444,150,
9765,公設消火栓,北分署,福井市下森田町１３番１号,36.112405061111104,136.2263194,100,
9766,公設消火栓,北分署,福井市下森田藤巻町２０４番,36.109771472222214,136.229134075,100,
9767,公設消火栓,北分署,福井市下森田桜町６１９番,36.11108331944444,136.2292400833333,100,
9768,公設消火栓,北分署,福井市下森田藤巻町３０６番,36.110392433333324,136.23019896666668,100,
9769,公設消火栓,北分署,福井市下森田町５０４番,36.11089431666667,136.22844916666665,100,
9770,公設防火水槽,北分署,福井市下森田桜町２番５号,36.110139363888884,136.22732428055554,,
9771,公設消火栓,北分署,福井市古市町１１４番,36.105464950000005,136.22840709444446,100,
9772,公設消火栓,北分署,福井市下森田新町２１０５番,36.10748676666667,136.2298999583333,100,
9773,公設消火栓,北分署,福井市下森田新町２０１５番,36.10753670555555,136.22834313055557,100,
9774,公設消火栓,北分署,福井市下森田新町１４２０番,36.108222786111114,136.23284564444447,100,
9775,公設消火栓,北分署,福井市下森田新町１３２９番,36.108661713888885,136.23230971111113,100,
9776,公設消火栓,北分署,福井市下森田新町１２１５番,36.10926367222221,136.2331436277778,100,
9777,公設消火栓,東消防署,福井市下中町５番１２８号,36.07583395833334,136.25907667777778,100,
9778,公設消火栓,東分署,福井市上中町,36.079173627777784,136.25891661666662,300,
9779,私設防火水槽,清水分署,福井市島寺町,36.01646111111111,136.1391218611111,,
9780,プール,清水分署,福井市島寺町６８－３３－３　福井県清水養護学校,36.01933776944444,136.13938870555552,,
9781,公設消火栓,東分署,福井市開発２丁目１２１番,36.078114563888896,136.23841898611113,250,
9782,私設防火水槽,川西分署,福井市江上町５８－１６－１,36.13299781944444,136.16545519444443,,
9783,私設防火水槽,川西分署,福井市江上町５８－１６－１,36.1320759111111,136.1649433166667,,
9784,公設消火栓,東消防署,福井市下中町,36.078002,136.2629742888889,100,
9785,公設消火栓,中消防署,福井市松本４丁目１１番１１号,36.07337123055556,136.21911053055555,100,
9786,公設消火栓,東消防署,福井市今泉町２番１０号１,36.06816814722222,136.26817610833334,100,
9787,公設消火栓,川西分署,福井市浄土寺町,36.13910572777777,136.15517683055555,100,
9788,公設消火栓,北分署,福井市栗森２丁目２００１番,36.11902186388889,136.24212059722223,150,
9789,公設消火栓,北分署,福井市栗森２丁目１５１２番,36.12028773333334,136.24267550000002,100,
9790,公設消火栓,北分署,福井市栗森２丁目２１０６番,36.11982881666667,136.24326844166666,100,
9791,公設消火栓,北分署,福井市下森田新町１９番６７号,36.10727581666666,136.23056988333332,100,
9792,公設消火栓,北分署,福井市古市町１０５番,36.10560996944444,136.22940698611112,100,
9793,公設消火栓,中消防署,福井市灯明寺３丁目２８１５番,36.09609644166666,136.2123870027778,150,
9794,公設消火栓,中消防署,福井市灯明寺３丁目２７２６番,36.09601146944444,136.213158875,100,
9795,公設消火栓,中消防署,福井市灯明寺４丁目４１７番,36.09421651944444,136.2091074777778,150,
9796,公設消火栓,中消防署,福井市舟橋新１丁目地係,36.098596186111116,136.2113012472222,200,
9797,公設消火栓,中消防署,福井市高柳２丁目３０８番,36.09470193333334,136.24325354444446,100,
9798,公設消火栓,中消防署,福井市高柳２丁目２００１番,36.09321425555555,136.24581636944444,100,
9799,公設消火栓,西分署,福井市菅谷１丁目１１番３号,36.06978513333333,136.19438039444447,100,
9800,公設消火栓,西分署,福井市菅谷１丁目１２番２号,36.068876249999995,136.19382139722222,100,
9801,公設消火栓,西分署,福井市菅谷１丁目１４番４号,36.07021807499999,136.1926525972222,100,
9802,公設消火栓,西分署,福井市菅谷１丁目１０番１５号,36.07053703333334,136.1934025444444,100,
9803,公設消火栓,西分署,福井市菅谷１丁目１０番２６号,36.070892988888886,136.19414349722223,100,
9804,公設消火栓,西分署,福井市菅谷１丁目７番２３号,36.07136192777778,136.1930276361111,150,
9805,公設消火栓,西分署,福井市菅谷２丁目１４番１号,36.07218482777777,136.19092188888888,100,
9806,公設消火栓,西分署,福井市豊岡２丁目１番８号,36.07145991666666,136.19129680833333,100,
9807,公設消火栓,西分署,福井市菅谷２丁目１５番２３号,36.072014844444446,136.1921717611111,100,
9808,公設消火栓,西分署,福井市菅谷２丁目７番１０号,36.07395360833333,136.1907060138889,400,
9809,公設消火栓,西分署,福井市菅谷２丁目１１番１８号,36.073622650000004,136.19065000000003,200,
9810,公設消火栓,西分署,福井市菅谷２丁目９番１２号,36.07282274444445,136.1921308166667,100,
9811,公設消火栓,西分署,福井市菅谷２丁目５番２０号,36.07209283333333,136.193143675,200,
9812,公設消火栓,西分署,福井市菅谷１丁目１番,36.07100997222222,136.19498042222222,200,
9813,公設消火栓,西分署,福井市菅谷１丁目１番１号,36.073014702777776,136.19715536944446,300,
9814,公設消火栓,西分署,福井市菅谷１丁目１番８号,36.071427919444446,136.19724923333334,300,
9815,公設消火栓,西分署,福井市菅谷２丁目６番１０号,36.073878613888894,136.19143594444444,100,
9816,公設防火水槽,美山分署,福井市椙谷町４番７号,35.98996457222222,136.37415884444445,,
9817,公設消火栓,東消防署,福井市成和１丁目１５０４番,36.056590191666665,136.24518400277782,100,
9818,公設消火栓,東消防署,福井市成和２丁目４０７番,36.05645124444444,136.24636194444443,100,
9819,公設消火栓,東消防署,福井市成和２丁目５０１番,36.05685723055555,136.24728887777775,100,
9820,公設消火栓,東消防署,福井市成和２丁目,36.056232336111115,136.24855281944446,200,
9821,公設消火栓,東消防署,福井市成和２丁目３０８番,36.05716816666667,136.2463029222222,100,
9822,公設消火栓,東消防署,福井市成和２丁目１０１８番,36.05694926388888,136.24852780000003,100,
9823,公設消火栓,東消防署,福井市成和２丁目３０２番,36.057726144444445,136.24735284722223,200,
9824,公設消火栓,東消防署,福井市成和２丁目１１２５番,36.057351261111116,136.2495867194444,100,
9825,公設消火栓,東消防署,福井市成和１丁目４０５番,36.05793205555556,136.24522795277778,100,
9826,公設消火栓,東消防署,福井市成和２丁目２０３番２号,36.05793809722223,136.24656188333336,100,
9827,公設消火栓,東消防署,福井市成和２丁目１１１９番,36.05791516666666,136.24852276944446,150,
9828,公設消火栓,東消防署,福井市成和２丁目５０１番,36.056135302777776,136.24725090555555,200,
9829,公設消火栓,東消防署,福井市成和１丁目３０３番,36.05886295277777,136.24511192777777,100,
9830,公設消火栓,東消防署,福井市成和１丁目９１３番,36.05847589166667,136.24203109722222,100,
9831,公設消火栓,東消防署,福井市成和１丁目１０１０番,36.056913058333336,136.2419841611111,100,
9832,公設消火栓,東消防署,福井市成和１丁目１５０３番,36.057190102777774,136.2443030277778,100,
9833,公設消火栓,東消防署,福井市成和１丁目１１１８番,36.05721506944445,136.243373075,100,
9834,公設消火栓,東消防署,福井市成和１丁目２２１３番,36.05395437777778,136.24197627499998,100,
9835,公設消火栓,東消防署,福井市成和１丁目２０６番１０号,36.05902887777778,136.24340100555557,100,
9836,公設消火栓,東分署,福井市島橋町１１番２号,36.08949767777777,136.27757456944448,100,
9837,公設消火栓,東分署,福井市島橋町１－３　,36.08920267222223,136.27670866944445,100,
9838,公設消火栓,川西分署,福井市島山梨子町２０番１０号,36.13293164444444,136.16087171666666,200,
9839,公設消火栓,川西分署,福井市島山梨子町２１番１０号,36.13235976388888,136.16217461388888,200,
9840,公設消火栓,川西分署,福井市島山梨子町１１番４３号,36.13734823055556,136.16377405555556,100,
9841,公設消火栓,川西分署,福井市島山梨子町１１番３１号,36.13610638888889,136.1639661388889,100,
9842,公設消火栓,川西分署,福井市島山梨子町１７番２８号,36.134998463888884,136.1625053777778,100,
9843,公設消火栓,川西分署,福井市島山梨子町１９番２号,36.13420154444445,136.16215247500003,100,
9844,公設防火水槽,川西分署,福井市島山梨子町１８番１６号,36.133551616666665,136.1620195388889,,
9845,公設消火栓,清水分署,福井市清水杉谷町７番５４号,36.03793537222222,136.15466141666667,200,
9846,公設消火栓,清水分署,福井市清水杉谷町７番４６号,36.03753641666667,136.15525834999997,200,
9847,公設消火栓,清水分署,福井市清水杉谷町８番３８号,36.03742642777778,136.15597026666666,200,
9848,公設消火栓,清水分署,福井市清水杉谷町５番５号,36.037285441666675,136.1564392111111,200,
9849,公設消火栓,清水分署,福井市清水杉谷町５番７号,36.03737143055555,136.15697515,75,
9850,公設消火栓,清水分署,福井市清水杉谷町３番１２５号,36.036868488888885,136.1577280638889,200,
9851,公設消火栓,清水分署,福井市清水杉谷町９番４号,36.036279558333334,136.15751709166668,75,
9852,公設消火栓,清水分署,福井市島寺町,36.018081988888895,136.1440022,150,
9853,公設消火栓,清水分署,福井市島寺町８３番１号,36.01730204444445,136.14160852222224,350,
9854,公設消火栓,東分署,福井市重立町２２番１号,36.08052903888889,136.28258529722225,150,
9855,公設消火栓,中消防署,福井市高柳２丁目１９０３番,36.09402716111111,136.24585335555557,100,
9856,公設消火栓,中消防署,福井市高柳３丁目２５２２番,36.09448093055555,136.24276758055558,100,
9857,公設消火栓,中消防署,福井市高柳３丁目２５２２番,36.094341933333325,136.24253459999997,100,
9858,公設消火栓,中消防署,福井市高柳３丁目３１２番,36.09560447777778,136.2372230111111,100,
9859,公設消火栓,東消防署,福井市円山１丁目３０１番３４号　,36.07123865555556,136.24483572777774,100,
9860,公設消火栓,麻生津分遣所,福井市半田町７番１６号１,36.00949683888888,136.21971745277781,100,
9861,公設消火栓,北分署,福井市上野本町１丁目１５０３番,36.11373425555556,136.23631131111114,100,
9862,公設消火栓,中消防署,福井市高柳３丁目２２０１番,36.09351096666667,136.24145868055555,100,
9863,公設消火栓,東消防署,福井市和田１丁目２－１,36.05249949999999,136.2404334277778,100,
9864,公設消火栓,南消防署,福井市足羽１丁目３番６号,36.06035568055556,136.2109753166667,250,
9865,公設消火栓,南消防署,福井市足羽１丁目２４番１号,36.06017762777777,136.20771859444446,100,
9866,公設消火栓,南消防署,福井市足羽１丁目２５番１０号,36.06020361111111,136.20716464166665,250,
9867,公設消火栓,東分署,福井市西開発２丁目１０１番３号,36.07950134722222,136.2374340083333,100,
9868,公設消火栓,北分署,福井市石盛１丁目８２５番,36.11598365833333,136.22732826944448,100,
9869,公設消火栓,北分署,福井市栗森２丁目６０４番,36.11924068888889,136.23895499166665,100,
9870,公設消火栓,北分署,福井市栗森２丁目１００９番,36.11950371388889,136.24019583333336,100,
9871,公設消火栓,北分署,福井市栗森２丁目１７０１番,36.11989274444445,136.2418836138889,100,
9872,公設消火栓,中消防署,福井市中央１丁目１番１号,36.06152786944445,136.2225563111111,100,
9873,公設消火栓,中消防署,福井市宝永４丁目１９番６号,36.07025060555555,136.21825365277778,100,
9874,公設消火栓,麻生津分遣所,福井市末広町１６番８号,35.99149988888889,136.20004977222223,150,
9875,公設消火栓,南消防署,福井市下荒井町２番２０１号,36.02551616666667,136.20685971388892,200,
9876,公設消火栓,南消防署,福井市下荒井町１８番２０号,36.023646363888886,136.20568487222224,200,
9877,公設消火栓,南消防署,福井市下荒井町１８番２２号９,36.023288441666665,136.2064048361111,100,
9878,公設消火栓,南消防署,福井市下荒井町１９番５号,36.02478231111111,136.20797066666665,150,
9879,公設消火栓,南消防署,福井市下荒井町１７番９号２１,36.02236155555556,136.2061738916667,100,
9880,公設消火栓,南消防署,福井市下荒井町１番８０２号,36.02499136666667,136.21010451944443,250,
9881,公設消火栓,南消防署,福井市下荒井町２０番１０号,36.02377150555555,136.2093956111111,250,
9882,公設消火栓,南消防署,福井市下荒井町２番２０６号,36.025524127777786,136.2059207777778,100,
9883,公設消火栓,南消防署,福井市下荒井町６番３０３号,36.025968025000005,136.20490982777775,100,
9884,公設消火栓,南消防署,福井市下荒井町４番９３号,36.02834080277777,136.2071015805556,150,
9885,公設消火栓,南消防署,福井市下荒井町４番６５号,36.02747095833334,136.20803155277778,150,
9886,公設消火栓,南消防署,福井市下荒井町４番３号,36.026260102777776,136.20762663055555,100,
9887,公設消火栓,南消防署,福井市下荒井町６番５６号,36.02697995833333,136.20649167777776,100,
9888,公設消火栓,南消防署,福井市下荒井町５番１０７号,36.02768484444445,136.20599268333333,100,
9889,公設消火栓,南消防署,福井市下荒井町２１番４１号,36.02471836388889,136.20903759722222,150,
9890,公設消火栓,南消防署,福井市下荒井町２１番３号,36.02563528888889,136.210409475,200,
9891,公設消火栓,南消防署,福井市下荒井町１番１３号,36.02575721666666,136.20877057222222,200,
9892,公設消火栓,東消防署,福井市成和１丁目５１３番,36.058478952777776,136.24387600277777,200,
9893,公設消火栓,東消防署,福井市成和１丁目８１３番,36.05779298333333,136.24256709444447,100,
9894,公設消火栓,麻生津分遣所,福井市末広町１６番２８号,35.99052801111112,136.19939189166664,100,
9895,公設消火栓,麻生津分遣所,福井市末広町１６番１号,35.99102898333333,136.20086969999997,150,
9896,公設消火栓,麻生津分遣所,福井市主計中町地係,35.989740177777776,136.2010917361111,100,
9897,公設消火栓,西安居分遣所,福井市末町４番１号２,36.049927475000004,136.1108700833333,300,
9898,公設消火栓,西安居分遣所,福井市末町１０番３１号,36.04708983611112,136.10906328888888,100,
9899,公設消火栓,西安居分遣所,福井市末町１６番１０号,36.046371936111115,136.1091522861111,100,
9900,公設消火栓,西安居分遣所,福井市末町地係,36.04631995555555,136.11028317500003,150,
9901,公設消火栓,西安居分遣所,福井市末町２０番１２号,36.045617030555555,136.1087413333333,100,
9902,公設消火栓,西安居分遣所,福井市末町３１番１２号,36.04538708888889,136.110861125,150,
9903,公設消火栓,西安居分遣所,福井市末町３２番３０号,36.04526311388889,136.11180603333335,100,
9904,公設消火栓,西安居分遣所,福井市末町３２番４１号,36.044753191666665,136.11264595277777,100,
9905,公設消火栓,西安居分遣所,福井市末町４０番２１号,36.04421726944444,136.11346388333334,100,
9906,公設消火栓,西安居分遣所,福井市末町３２番２号,36.04412029444444,136.1147467555556,100,
9907,公設消火栓,西安居分遣所,福井市末町４０番２号,36.04383731388889,136.1127659638889,100,
9908,公設消火栓,西安居分遣所,福井市末町１１番４号,36.04720283055555,136.10989220555555,150,
9909,公設消火栓,西安居分遣所,福井市末町１０番２０号,36.04756376388889,136.10856433055557,100,
9910,公設消火栓,西安居分遣所,福井市末町１６番５号,36.04480316666666,136.11088912777777,100,
9911,公設防火水槽,東分署,福井市重立町９番２６号,36.079115380555564,136.28699085277776,,
9912,公設防火水槽,東分署,福井市重立町２８番６１号,36.08152879444444,136.2807524611111,,
9913,公設防火水槽,東分署,福井市重立町８番４９号,36.07983230555556,136.28827368611115,,
9914,公設消火栓,中消防署,福井市田原１丁目１番２３号,36.071177475000006,136.21800168055555,100,
9915,私設防火水槽,東分署,福井市重立町７番２４号,36.07924038055555,136.288523675,,
9916,私設防火水槽,東分署,福井市重立町１０番４５号,36.078463455555564,136.2860329833333,,
9917,公設消火栓,川西分署,福井市四十谷町１２番３１号,36.108935550000005,136.17472661388888,100,
9918,公設消火栓,川西分署,福井市四十谷町１２番４号,36.10843864166666,136.17564551944443,150,
9919,公設消火栓,川西分署,福井市四十谷町１２番４号,36.10876859444444,136.17612648611112,150,
9920,公設消火栓,川西分署,福井市四十谷町５番１号,36.107741761111114,136.17651842777778,100,
9921,公設消火栓,川西分署,福井市四十谷町５番１号,36.108157702777774,136.17713238333332,150,
9922,公設消火栓,川西分署,福井市四十谷町３番２１号,36.1076248,136.17849025833337,100,
9923,公設消火栓,川西分署,福井市四十谷町７番３６号,36.10612501111111,136.1758954388889,150,
9924,公設消火栓,足羽分遣所,福井市宿布町８番４号,36.01194021111112,136.30439381111108,150,
9925,公設消火栓,足羽分遣所,福井市宿布町８番１０号,36.01169326666667,136.30485975,150,
9926,公設消火栓,足羽分遣所,福井市宿布町１９番４６号,36.01255308888888,136.30356691111112,150,
9927,公設消火栓,中消防署,福井市大手２丁目,36.06463758333334,136.22557701944444,300,
9928,公設消火栓,中消防署,福井市大手２丁目,36.064746591666676,136.2261709722222,300,
9929,公設消火栓,中消防署,福井市大手１丁目,36.064759599999995,136.22637295555558,100,
9930,プール,中消防署,福井市高柳３丁目３００１番,36.096461591666674,136.24097472499997,,
9931,公設消火栓,麻生津分遣所,福井市浅水町１０１番２１号２,36.00782233333333,136.19930903888888,100,
9932,公設消火栓,麻生津分遣所,福井市浅水町１０３番１号,36.006674491666665,136.19884413611112,100,
9933,公設消火栓,北分署,福井市下森田新町２７１１番,36.10608691111111,136.22933100277777,100,
9934,公設消火栓,清水分署,福井市竹生町６番２号１,36.044458591666675,136.15137876666668,200,
9935,公設消火栓,東消防署,福井市手寄１丁目１０番２６号,36.05892821388888,136.2229573555556,300,
9936,公設消火栓,東消防署,福井市手寄１丁目９番１０号,36.05906119722223,136.2229233527778,300,
9937,私設防火水槽,麻生津分遣所,福井市浅水二日町１４５－１２－１　日本トラック株式会社　福井支店,35.99498222222222,136.1937892972222,,
9938,私設防火水槽,麻生津分遣所,福井市浅水二日町１４５－１２－１　日本トラック株式会社　福井支店,35.993906380555565,136.1938003527778,,
9939,私設防火水槽,麻生津分遣所,福井市浅水二日町１４５－１２－１　日本トラック株式会社　福井支店,35.99372841666666,136.19441229166662,,
9940,私設防火水槽,麻生津分遣所,福井市浅水二日町１４５－１２－１　日本トラック株式会社　福井支店,35.99486326666667,136.1951451527778,,
9941,公設消火栓,南消防署,福井市みのり３丁目４５番１１号,36.05178677777778,136.20952545,100,
9942,公設消火栓,北分署,福井市石盛２丁目１０５番,36.11924239444445,136.23172181944446,100,
9943,公設消火栓,北分署,福井市上野本町１丁目７０３番,36.111522483333324,136.23527442500003,250,
9944,公設消火栓,北分署,福井市上野本町新７０３－４,36.113990533333336,136.24285854999997,100,
9945,公設消火栓,南消防署,福井市下荒井町４番６号,36.02655405555556,136.20744063055557,200,
9946,公設消火栓,南消防署,福井市下莇生田町２５番９号３３,36.02586047777778,136.21833102777774,100,
9947,公設消火栓,南消防署,福井市下莇生田町２７番１号５４,36.02721824444444,136.2165200722222,100,
9948,公設消火栓,中消防署,福井市高木１丁目６０５番３号,36.09681586944445,136.22732095277777,100,
9949,公設消火栓,中消防署,福井市高木１丁目１００２番,36.09616400000001,136.2286798,100,
9950,公設消火栓,中消防署,福井市高木２丁目１００１番２０号,36.0932773138889,136.22870968055557,100,
9951,公設消火栓,中消防署,福井市高木２丁目４０４番,36.095213083333334,136.22819781388887,100,
9952,公設消火栓,中消防署,福井市高木１丁目２０５番,36.09791975833333,136.22752397222226,100,
9953,公設消火栓,中消防署,福井市高木２丁目７３１番,36.09347421388889,136.2270398361111,100,
9954,公設消火栓,中消防署,福井市高木２丁目２０６番,36.09498614444444,136.2290007277778,100,
9955,公設消火栓,中消防署,福井市高木２丁目１３０２番１号,36.091585480555565,136.2284146277778,150,
9956,公設消火栓,中消防署,福井市高木２丁目８０５番,36.09432718611111,136.22835376111112,100,
9957,公設消火栓,中消防署,福井市高木中央３丁目１７０２番,36.092322052777774,136.24056974722222,100,
9958,公設防火水槽,中消防署,福井市高木１丁目,36.09668483611111,136.2262680527778,,
9959,私設防火水槽,中消防署,福井市高木２丁目６０１番,36.094660069444444,136.2266069416667,,
9960,その他,中消防署,福井市高木２丁目６０１番,36.09568493611111,136.22608803055553,,
9961,公設消火栓,中消防署,福井市高木北１丁目２１０番,36.097072958333335,136.2299907,100,
9962,公設消火栓,中消防署,福井市高木北１丁目３１１番,36.09767692222223,136.23073164444443,150,
9963,公設消火栓,中消防署,福井市高木北１丁目３０３番,36.09821587500001,136.23102063055558,150,
9964,公設消火栓,西安居分遣所,福井市末町３１番４号,36.04523109722223,136.10985023055557,100,
9965,公設消火栓,西安居分遣所,福井市末町１０番４６号,36.04793672777777,136.10960822777778,150,
9966,公設消火栓,川西分署,福井市浄土寺町２８番１８号,36.139031719444446,136.1546548972222,200,
9967,公設消火栓,川西分署,福井市浄土寺町４番３５号,36.138044883333336,136.15625881388888,200,
9968,公設消火栓,南消防署,福井市下莇生田町２７番１号１５,36.02805213333334,136.21663703333334,100,
9969,公設消火栓,南消防署,福井市下莇生田町２８番１２号１８,36.02507955,136.2170591277778,100,
9970,公設消火栓,南消防署,福井市下莇生田町２５番９号３６,36.02598843055556,136.21727608055556,100,
9971,公設消火栓,南消防署,福井市下莇生田町２５番１号３８,36.02660434444444,136.21714806388889,100,
9972,公設消火栓,南消防署,福井市下莇生田町２７番１号４６,36.02732125,136.217331025,100,
9973,公設消火栓,南消防署,福井市下莇生田町２６番１号２９,36.027102311111115,136.21840897222225,100,
9974,公設消火栓,南消防署,福井市下莇生田町２６番１号９,36.02780221388889,136.21836494722223,100,
9975,公設消火栓,南消防署,福井市下莇生田町２０番２４号,36.0264525138889,136.22275376666667,100,
9976,公設消火栓,南消防署,福井市下莇生田町２９番１号２４,36.02536852222222,136.21753109166664,100,
9977,公設消火栓,南消防署,福井市下莇生田町３番１２９号,36.02791819444445,136.21823395,150,
9978,公設消火栓,南消防署,福井市下莇生田町２７番１号７,36.02826010277778,136.21656502777776,150,
9979,公設消火栓,南消防署,福井市下莇生田町１０番８号,36.02719141111111,136.2227647361111,150,
9980,公設消火栓,南消防署,福井市下莇生田町１７番５号,36.024488833333336,136.2250167472222,100,
9981,公設消火栓,南消防署,福井市下莇生田町２８番６号６,36.02648234166667,136.21646510555559,100,
9982,公設消火栓,南消防署,福井市下莇生田町１９番２８号,36.025027772222224,136.22563370000003,100,
9983,公設消火栓,北分署,福井市下森田本町１番１９号,36.10768359722222,136.22578841388892,100,
9984,公設消火栓,北分署,福井市下森田本町５番９号,36.10902850277778,136.22755423888887,100,
9985,公設消火栓,南消防署,福井市下馬３丁目４１８番,36.03814007500001,136.2307157861111,200,
9986,公設消火栓,南消防署,福井市下六条町２１５番,36.03642633333333,136.23245779166663,200,
9987,公設消火栓,南消防署,福井市下馬３丁目６０７番,36.03727825833332,136.23434364166667,200,
9988,公設消火栓,南消防署,福井市下馬３丁目２３１３番,36.037298283333335,136.23639951111107,100,
9989,公設消火栓,南消防署,福井市下六条町１２番２３号,36.03433461944445,136.23244691388888,100,
9990,公設消火栓,南消防署,福井市下六条町１番４号,36.036253386111106,136.23396572222222,150,
9991,公設消火栓,南消防署,福井市下六条町９番２０号,36.02867140833334,136.2328552222222,150,
9992,公設消火栓,南消防署,福井市下六条町２２番４７号,36.03041816666667,136.23268912777777,100,
9993,公設消火栓,南消防署,福井市下六条町２４番２２号,36.03065210555555,136.2312641805555,100,
9994,公設消火栓,南消防署,福井市下六条町２２番３１号,36.03054306944444,136.2288083027778,150,
9995,公設消火栓,南消防署,福井市下六条町３３番２１号,36.02957920555556,136.2289693472222,150,
9996,公設消火栓,南消防署,福井市下六条町２９番１８号,36.02879633888888,136.23026633055557,150,
9997,公設消火栓,南消防署,福井市下六条町２８番２２号,36.028796363888894,136.2314442777778,150,
9998,公設消火栓,南消防署,福井市下六条町３２番１１号,36.027999430555546,136.22922841944447,100,
9999,公設消火栓,南消防署,福井市下六条町２９番２３号,36.02786047222222,136.23043937222224,100,
10000,公設消火栓,南消防署,福井市下六条町３３番３号,36.03054606388889,136.2285193138889,200,
10001,プール,北分署,福井市下森田新町１９番６７号,36.10786779722221,136.23203173055552,,
10002,公設消火栓,北分署,福井市上野本町新６１６－１,36.11311760833333,136.24210764444447,100,
10003,公設消火栓,東分署,福井市開発５丁目１００３番,36.08591883888889,136.24136771111108,250,
10004,公設消火栓,東分署,福井市開発５丁目１０１１番,36.085868919444444,136.24263864166667,250,
10005,公設消火栓,北分署,福井市網戸瀬町１７‐５６,36.10671508055555,136.19983152222224,150,
10006,公設消火栓,北分署,福井市河合勝見町２３番２６号,36.10760295555555,136.19895458611109,150,
10007,公設消火栓,北分署,福井市定正２丁目３０４番,36.120475188888896,136.22985197222224,100,
10008,公設消火栓,北分署,福井市定正２丁目８０４番,36.11984628888888,136.23067891944444,100,
10009,公設消火栓,北分署,福井市定正２丁目７２４番,36.11926032777777,136.22961102777776,100,
10010,公設消火栓,北分署,福井市栗森２丁目１５０７番,36.120302688888884,136.24175361666667,100,
10011,公設消火栓,北分署,福井市定正１丁目１２０５番,36.11894132222222,136.22811817500002,150,
10012,公設消火栓,北分署,福井市河合寄安町６０１番,36.120066055555554,136.24881375555557,100,
10013,公設消火栓,足羽分遣所,福井市小路町６－６－１　,36.017638105555555,136.28168968888886,150,
10014,公設消火栓,北分署,福井市栗森２丁目２８０１番,36.11818391944445,136.24102873888887,100,
10015,公設消火栓,北分署,福井市定正１丁目１０８番,36.12012815833333,136.22744722222222,100,
10016,公設消火栓,北分署,福井市定正１丁目６０２番,36.11931425555556,136.22744923888888,100,
10017,公設消火栓,北分署,福井市上野本町２丁目１３０７番,36.10945785277779,136.23772613333333,100,
10018,公設消火栓,西安居分遣所,福井市更毛町,36.050827386111116,136.11342182222222,300,
10019,公設消火栓,南消防署,福井市月見１丁目９番８号,36.04579874166667,136.2164332222222,100,
10020,公設消火栓,中消防署,福井市高木北１丁目８０４号,36.09832083055556,136.2302537111111,100,
10021,公設消火栓,中消防署,福井市高木北１丁目９０４番２号,36.09826279166667,136.22918781666667,100,
10022,公設消火栓,足羽分遣所,福井市高尾町１１番１５７号,36.025751855555555,136.29605848888886,100,
10023,公設消火栓,足羽分遣所,福井市高尾町１１番１３６号,36.02606586666666,136.29684935555554,100,
10024,私設消火栓,東分署,福井市新保町４９番１号,36.07930825,136.25264112777776,50,
10025,私設消火栓,東分署,福井市新保町４９番１号,36.079094286111115,136.25285211666667,50,
10026,プール,東分署,福井市新保町４９番１号,36.078511325,136.25245816388892,,
10027,受水槽,東分署,福井市新保北１丁目３０３番,36.08831206111111,136.24954215555556,,
10028,受水槽,東分署,福井市新保北１丁目３０３番,36.08668524722223,136.24947918888887,,
10029,公設消火栓,中消防署,福井市順化１丁目１番１号,36.06280854444445,136.2172637694444,100,
10030,公設消火栓,中消防署,福井市順化１丁目４番１号,36.06295846944445,136.2154909333333,150,
10031,公設消火栓,中消防署,福井市順化２丁目３番５号,36.064205216666664,136.21250822500002,150,
10032,公設消火栓,中消防署,福井市順化２丁目３番１号,36.06411924444445,136.21305017222224,100,
10033,公設消火栓,中消防署,福井市順化２丁目２番１号,36.063821305555564,136.21375910000003,100,
10034,公設消火栓,中消防署,福井市順化１丁目６番７号,36.06365135277778,136.21460901944445,300,
10035,公設消火栓,中消防署,福井市順化２丁目４番１０号,36.06469314444445,136.21227925555553,300,
10036,公設消火栓,中消防署,福井市順化２丁目８番１５号,36.06457721111111,136.2140000861111,100,
10037,公設消火栓,中消防署,福井市順化２丁目６番９号,36.06420725833333,136.21394108888887,100,
10038,公設消火栓,中消防署,福井市順化１丁目７番４号,36.06398331111111,136.2147090111111,300,
10039,公設消火栓,南消防署,福井市下莇生田町８番６号,36.027671266666665,136.21975387777778,150,
10040,公設消火栓,南消防署,福井市下莇生田町,36.023624877777785,136.22153993611113,100,
10041,公設消火栓,南消防署,福井市下莇生田町,36.02941299166666,136.21831187777778,100,
10042,公設防火水槽,清水分署,福井市清水山町,36.00772233888888,136.1611724861111,,
10043,公設消火栓,足羽分遣所,福井市高尾町１１番１６７号,36.02517995833333,136.29636946666668,100,
10044,公設消火栓,足羽分遣所,福井市高尾町１１番２２４号,36.02426503888889,136.29568060833333,150,
10045,公設消火栓,足羽分遣所,福井市篠尾町９６番１４６号,36.02495681111111,136.29370887500002,100,
10046,公設消火栓,足羽分遣所,福井市篠尾町９６番１２３号,36.02555170277777,136.29338390277778,100,
10047,公設消火栓,足羽分遣所,福井市篠尾町９６番１０４号,36.0256597361111,136.29408079444443,100,
10048,公設消火栓,足羽分遣所,福井市篠尾町９６番１３２号,36.025018852777784,136.29448575555554,100,
10049,公設消火栓,足羽分遣所,福井市高尾町１１番１９６号,36.02631275833334,136.29576051111113,100,
10050,公設消火栓,足羽分遣所,福井市篠尾町９６番２号１２,36.02625470555556,136.29486065277777,100,
10051,公設消火栓,足羽分遣所,福井市高尾町２２番２１号,36.02557707777777,136.2987820861111,100,
10052,公設消火栓,足羽分遣所,福井市高尾町２３番１号４,36.02524808611111,136.29824218333331,100,
10053,公設防火水槽,足羽分遣所,福井市高尾町２０番１２号,36.027318941666664,136.30039074166666,,
10054,公設防火水槽,足羽分遣所,福井市篠尾町９６－１３７,36.024955858333335,136.29444576388892,,
10055,公設消火栓,中消防署,福井市高木町６４番１１号,36.10065175277778,136.23468931666665,150,
10056,公設消火栓,中消防署,福井市高木２丁目１１０７番,36.09238339444445,136.22840666666664,150,
10057,公設消火栓,中消防署,福井市高木２丁目１１１８番,36.093560249999996,136.22798775833334,150,
10058,公設消火栓,北分署,福井市下森田町２番７号１,36.11039725833333,136.225138525,100,
10059,公設防火水槽,清水分署,福井市清水町８番７号１,36.055674313888886,136.15388162222226,,
10060,公設消火栓,清水分署,福井市清水畑町４１番３６号,36.032493611111114,136.1021763694444,150,
10061,公設消火栓,清水分署,福井市清水畑町４２番７号,36.032540624999996,136.10295829166665,150,
10062,公設消火栓,清水分署,福井市清水畑町４２番４号,36.032646616666675,136.10319526388892,75,
10063,公設消火栓,清水分署,福井市清水畑町３７番２号,36.032660625000005,136.10366021944444,150,
10064,公設消火栓,清水分署,福井市清水畑町３７番３号,36.032951600000004,136.10414815833332,150,
10065,公設消火栓,清水分署,福井市清水畑町３８番６号,36.03384649166666,136.1043481027778,100,
10066,公設消火栓,清水分署,福井市清水畑町３６番２１号,36.032168686111106,136.10369823333335,75,
10067,公設消火栓,清水分署,福井市清水畑町３６番２９号,36.032347675000004,136.10413618333334,75,
10068,公設消火栓,清水分署,福井市清水畑町３４番４１号,36.03253366944445,136.10496409444443,75,
10069,公設消火栓,清水分署,福井市清水畑町３８番１７号,36.03291062222223,136.1049840777778,150,
10070,公設消火栓,清水分署,福井市清水畑町１２番２１号,36.03323159722222,136.105659,150,
10071,公設消火栓,清水分署,福井市清水畑町１３番２４号,36.03399051388889,136.10632490277774,100,
10072,公設消火栓,清水分署,福井市清水畑町３４番１号,36.032963627777775,136.10550902499998,75,
10073,公設消火栓,清水分署,福井市清水畑町３４番５号,36.032762663888896,136.10593899166665,75,
10074,公設消火栓,清水分署,福井市清水畑町３３番２号,36.03287066111112,136.1064379388889,150,
10075,公設消火栓,清水分署,福井市清水畑町３４番８号,36.032107749999994,136.10612500000002,100,
10076,公設消火栓,清水分署,福井市清水畑町２７番１０号,36.03283367777779,136.10704588055552,75,
10077,公設消火栓,麻生津分遣所,福井市冬野町２５番３２号（青葉台）,36.01173317777777,136.1894746166667,100,
10078,公設消火栓,南消防署,福井市明里町,36.05871563055556,136.1988842861111,100,
10079,公設消火栓,東消防署,福井市勝見３丁目１９番２２号,36.05277127499999,136.2330338611111,100,
10080,公設消火栓,北分署,福井市石盛３丁目１５０８番,36.11633592500001,136.23624232500003,100,
10081,公設消火栓,北分署,福井市栗森２丁目７２０番,36.118828747222224,136.2390809777778,150,
10082,公設消火栓,北分署,福井市定正２丁目１１１５番,36.11851844444444,136.2303919527778,150,
10083,公設消火栓,北分署,福井市定正２丁目１１２０番,36.11814248333333,136.23019497222222,150,
10084,公設消火栓,中消防署,福井市高柳１丁目,36.0886807388889,136.24507146944447,100,
10085,公設消火栓,国見分遣所,福井市鮎川町１０７－２,36.08793782777777,136.03111695555558,150,
10086,公設消火栓,中消防署,福井市舟橋新２丁目９３８番,36.097302097222226,136.2027223722222,100,
10087,公設消火栓,西安居分遣所,福井市飯塚町２９番１０１号,36.06205200833333,136.18373615277775,150,
10088,公設防火水槽,美山分署,福井市東河原町２１番１３号１,35.957818122222214,136.3666436194444,,
10089,公設消火栓,西分署,福井市八ツ島町７番６号　福井市立藤島中学校南側,36.08494017222222,136.2012856972222,100,
10090,公設消火栓,西分署,福井市日光１丁目１０番２号,36.07402370277778,136.20382755555556,100,
10091,公設消火栓,東分署,福井市開発町２２番１０号,36.08449231666666,136.24668745833333,100,
10092,公設消火栓,東分署,福井市開発３丁目３３０２番,36.08157257777778,136.2454775972222,100,
10093,公設消火栓,中消防署,福井市順化１丁目７番１号,36.06404431944445,136.2151719694444,100,
10094,公設消火栓,中消防署,福井市順化１丁目２番１４号,36.06357242777777,136.21675481666668,100,
10095,公設消火栓,中消防署,福井市順化１丁目１１番２号,36.06358844444445,136.21739975555553,200,
10096,公設消火栓,東分署,福井市新保町４０番４４号,36.081127224999996,136.25552984444445,100,
10097,公設消火栓,東分署,福井市新保町１９番３５号,36.08473302777777,136.25847451944446,100,
10098,公設消火栓,社分署,福井市新下江守町２０８番,36.03354136111111,136.18498613055556,100,
10099,公設消火栓,社分署,福井市新下江守町４０２番,36.03321439444445,136.18481715555555,250,
10100,公設消火栓,中消防署,福井市新田本町１番１９９号,36.10627394722221,136.25098775,150,
10101,公設消火栓,中消防署,福井市新田本町１番１７１号,36.10582709444444,136.25246060833334,150,
10102,公設消火栓,中消防署,福井市新田本町１番１０５号,36.104946161111116,136.2515877111111,150,
10103,公設防火水槽,中消防署,福井市新田本町,36.10491619166666,136.25205766666667,,
10104,河川,中消防署,福井市新田本町１番１０６号,36.104546211111106,136.251533725,,
10105,河川,中消防署,福井市新田本町９番１２８号,36.10671900277778,136.25295153888888,,
10106,公設消火栓,麻生津分遣所,福井市新開町１５番１２号,36.01517098055556,136.21862738055557,100,
10107,公設消火栓,麻生津分遣所,福井市新開町１５番２号,36.01526299722223,136.219496325,150,
10108,公設消火栓,麻生津分遣所,福井市新開町１７番４３号,36.01500408055555,136.2210172416667,100,
10109,公設消火栓,麻生津分遣所,福井市新開町２１番４号,36.01468716388889,136.2222171777778,100,
10110,公設消火栓,麻生津分遣所,福井市新開町１９番１２号１,36.01350525277778,136.21960936666667,150,
10111,公設消火栓,中消防署,福井市高木２丁目６０１番,36.094835091666674,136.2275098638889,100,
10112,公設消火栓,中消防署,福井市高木１丁目１２０６番,36.09587796111111,136.2271179388889,100,
10113,公設消火栓,中消防署,福井市高木１丁目５０１番２号,36.097413769444444,136.22657305,100,
10114,公設消火栓,東消防署,福井市曽万布町８番７７号,36.04475978055555,136.26140236944445,150,
10115,公設消火栓,東消防署,福井市曽万布町９番４４号,36.043775849999996,136.26063644166666,100,
10116,公設消火栓,東分署,福井市新保北１丁目４０９番,36.088384999999995,136.24875021666662,150,
10117,公設消火栓,東分署,福井市新保北１丁目４０１番,36.08685113611111,136.24805229722224,150,
10118,公設消火栓,東分署,福井市新保北１丁目１０１番,36.085771230555565,136.24763335555554,150,
10119,公設消火栓,東分署,福井市新保町２７番４７号,36.08491629722223,136.24714441944445,150,
10120,公設消火栓,東分署,福井市新保町２６番４１号,36.08413236944445,136.24686345833334,150,
10121,公設消火栓,東分署,福井市新保北１丁目３０３番,36.085686338888884,136.24918623611111,150,
10122,公設消火栓,東分署,福井市新保町１４番１９号－２,36.08634330000001,136.2497051777778,100,
10123,公設消火栓,東分署,福井市新保町１４番２４号,36.085779450000004,136.25110008055557,150,
10124,公設消火栓,東分署,福井市新保町９番,36.08597970277778,136.25538573611115,250,
10125,公設消火栓,東分署,福井市新保町２７番４９号,36.0854013,136.24807233333334,150,
10126,公設消火栓,東分署,福井市新保町,36.084846569444444,136.2513410861111,100,
10127,公設消火栓,東分署,福井市新保町,36.08568858055556,136.25299893333332,100,
10128,公設消火栓,東分署,福井市新保町１９番２４号,36.08578775555555,136.2559017,100,
10129,公設消火栓,東分署,福井市新保町１９番３２号,36.08582688611111,136.2580575277778,100,
10130,公設消火栓,清水分署,福井市清水畑町３３番２９号,36.032329749999995,136.10726287777774,150,
10131,公設防火水槽,清水分署,福井市清水杉谷町３番２８号,36.03550165833333,136.15852498611113,,
10132,公設防火水槽,清水分署,福井市清水杉谷町９番４号,36.036049588888886,136.1575060972222,,
10133,公設消火栓,東消防署,福井市成和１丁目１００５番,36.05656011388889,136.24254814444447,100,
10134,公設消火栓,東消防署,福井市成和１丁目２１０１番,36.05512626666666,136.2425062,100,
10135,公設消火栓,東消防署,福井市成和１丁目２２０７番,36.053688422222216,136.24251225555554,100,
10136,公設消火栓,東消防署,福井市成和１丁目３１１２番,36.05296850277777,136.242645275,250,
10137,公設消火栓,東消防署,福井市成和１丁目１１０１番,36.057122094444445,136.24377905833333,200,
10138,公設消火栓,東消防署,福井市成和１丁目１２０３番,36.05624318611111,136.24376408888887,200,
10139,公設消火栓,東消防署,福井市成和１丁目１７１６番,36.05511030555556,136.2437421333333,200,
10140,公設消火栓,東消防署,福井市成和１丁目２５１２番,36.05385743611111,136.24370618055556,200,
10141,公設消火栓,東消防署,福井市成和１丁目５０３番,36.05784004166667,136.24450899444443,100,
10142,公設消火栓,東消防署,福井市成和１丁目１４２６番,36.056551174999996,136.24443704166669,100,
10143,公設消火栓,東消防署,福井市成和１丁目１７０１番,36.05567626388889,136.24441707499997,100,
10144,公設消火栓,東消防署,福井市成和１丁目１６１０番,36.0544134,136.24450911388888,100,
10145,公設消火栓,東消防署,福井市成和１丁目２６０６番,36.05346849444445,136.24434215833335,100,
10146,公設消火栓,東消防署,福井市成和１丁目２７０８番,36.05253259999999,136.24446419166665,100,
10147,公設消火栓,東消防署,福井市成和１丁目３００１番,36.053040522222226,136.24368721111108,200,
10148,公設消火栓,東消防署,福井市成和１丁目４１０番,36.057293102777784,136.24467000555558,200,
10149,公設消火栓,足羽分遣所,福井市東郷中島町２１－１２－１,36.02073991111111,136.25855602222222,100,
10150,公設消火栓,南消防署,福井市足羽２丁目５番９号,36.060195594444444,136.20626871944444,100,
10151,公設消火栓,南消防署,福井市足羽１丁目１３番１２号,36.06018855833334,136.20453686666667,150,
10152,公設消火栓,東分署,福井市上中町２５番８号,36.08105692222223,136.2665498888889,100,
10153,公設消火栓,中消防署,福井市文京１丁目１７番,36.07675605555555,136.2253118416667,200,
10154,公設消火栓,清水分署,福井市在田町８番６号２,35.99356411944444,136.1444674361111,75,
10155,公設消火栓,中消防署,福井市高木町７３番３８号,36.09560433333334,136.23468620833333,100,
10156,公設消火栓,川西分署,福井市昭和新町５－１８　,36.16111708611111,136.15422783333335,100,
10157,公設消火栓,川西分署,福井市小野町１６番１２号,36.13946999166667,136.12848996944447,100,
10158,公設消火栓,東消防署,福井市下中町６番９３号,36.076645038888884,136.26164443888888,100,
10159,公設消火栓,北分署,福井市定正１丁目１１０８番,36.11885630555556,136.22726425833335,150,
10160,公設消火栓,北分署,福井市栗森２丁目６０１番,36.11945163333333,136.23837806388892,100,
10161,公設消火栓,足羽分遣所,福井市栃泉町６６－１－２　　,36.007205047222214,136.26693243055553,100,
10162,公設消火栓,北分署,福井市東森田１丁目２５１３番,36.113830933333325,136.250514675,150,
10163,公設消火栓,南消防署,福井市みのり１丁目２４番７号,36.05140798888889,136.21566706944444,100,
10164,公設消火栓,北分署,福井市東森田１丁目２５１３番,36.113590055555555,136.25227048055552,100,
10165,公設消火栓,東分署,福井市新保３丁目１３１３番,36.083676838888884,136.25363593333336,100,
10166,公設消火栓,東分署,福井市新保１丁目１１４番,36.078263088888896,136.24785255,150,
10167,公設消火栓,東分署,福井市新保２丁目１２０１番,36.08195772777777,136.24873037500004,100,
10168,公設消火栓,東分署,福井市新保３丁目７０２番,36.08125795555555,136.25122719166666,100,
10169,受水槽,臨海消防署,福井市白方町４５番９号,36.16469408333334,136.10621364722223,,
10170,受水槽,臨海消防署,福井市白方町５番１０号,36.167512797222216,136.1066743833333,,
10171,公設消火栓,川西分署,福井市四十谷町１４番５５号,36.10689687222223,136.17389362499998,100,
10172,公設消火栓,川西分署,福井市四十谷町１６番８号,36.10667190277778,136.1727487111111,100,
10173,公設消火栓,川西分署,福井市四十谷町１３番３１号,36.10795569722222,136.1735576861111,100,
10174,公設消火栓,川西分署,福井市四十谷町１３番２３号,36.10879655,136.17290176944445,100,
10175,公設消火栓,川西分署,福井市四十谷町３番１号,36.108313688888884,136.17810130277778,100,
10176,公設消火栓,川西分署,福井市四十谷町３番１号,36.10748882777777,136.17948417222223,100,
10177,公設消火栓,川西分署,福井市四十谷町１９番３４号,36.105458116666675,136.1754204611111,100,
10178,公設消火栓,川西分署,福井市四十谷町３番３５号,36.10742182500001,136.17787930555556,150,
10179,公設防火水槽,川西分署,福井市四十谷町１３番３１号,36.107613750000006,136.17339568888892,,
10180,公設防火水槽,川西分署,福井市四十谷町１４番６１号,36.10715782777778,136.1734986638889,,
10181,公設防火水槽,川西分署,福井市四十谷町,36.108280683333334,136.17715738333334,,
10182,公設防火水槽,川西分署,福井市四十谷町,36.10726685833333,136.17905120555557,,
10183,公設消火栓,東分署,福井市新保町１０番３５号,36.085990747222226,136.25613767500002,250,
10184,公設消火栓,東分署,福井市新保町１０番３３号,36.0860078138889,136.2572155888889,250,
10185,公設消火栓,東分署,福井市新保町３９字街区,36.081569374999994,136.25878756944445,100,
10186,公設消火栓,東分署,福井市新保町地係,36.08771025555556,136.25149400833334,250,
10187,公設消火栓,東分署,福井市新保１丁目２１０８番,36.08141878333334,136.24865039722224,150,
10188,公設消火栓,東分署,福井市新保１丁目６０１番,36.079485875,136.2465386027778,100,
10189,受水槽,臨海消防署,福井市白方町５番１０号,36.16564698333333,136.10778343055551,,
10190,受水槽,臨海消防署,福井市白方町４５番５号８,36.1635302138889,136.10366996388888,,
10191,公設防火水槽,殿下分遣所,福井市白滝町１７番２号,36.03444270000001,136.074626575,,
10192,河川,殿下分遣所,福井市白滝町１６－７　,36.03432871944444,136.07484355000003,,
10193,公設消火栓,国見分遣所,福井市白浜町１０番４７号,36.082537188888885,136.02894326388886,150,
10194,公設消火栓,国見分遣所,福井市白浜町１番２３号,36.08128426666667,136.02827134444442,150,
10195,公設消火栓,国見分遣所,福井市白浜町１番２３号,36.080479302777775,136.02729642777774,150,
10196,公設防火水槽,国見分遣所,福井市白浜町１番２６号,36.081501252777784,136.02836233333335,,
10197,公設消火栓,越廼分署,福井市城有町５８番３２号,36.00057974444445,135.9708384388889,75,
10198,公設消火栓,越廼分署,福井市城有町６０番５号,36.00220768611112,135.9731681972222,75,
10199,公設防火水槽,越廼分署,福井市城有町３４番３６号,35.99493980833334,135.98202986944446,,
10200,公設防火水槽,越廼分署,福井市城有町３５番２０号,35.9952897888889,135.9823738277778,,
10201,公設消火栓,麻生津分遣所,福井市今市町３８番１４号,36.01400563333334,136.20444735555554,200,
10202,公設消火栓,麻生津分遣所,福井市今市町２４番１３号,36.01275978333333,136.20388045000004,200,
10203,公設消火栓,麻生津分遣所,福井市今市町２４番２号,36.01158192222222,136.20329754444447,200,
10204,公設消火栓,麻生津分遣所,福井市今市町１７番２２号１,36.01018110555556,136.20259766111113,200,
10205,公設消火栓,麻生津分遣所,福井市今市町３番１１,36.009015263888884,136.20205875555558,200,
10206,公設消火栓,南消防署,福井市今市町４９番３号１５,36.01672221666666,136.20368829722224,150,
10207,公設消火栓,南消防署,福井市今市町６３番１０号１５,36.02188863611111,136.20664587777782,100,
10208,公設消火栓,麻生津分遣所,福井市今市町（丘山）６番４８－２,36.00791963333334,136.20682540833334,100,
10209,公設消火栓,麻生津分遣所,福井市今市町（丘山）１８番３号２,36.008741549999996,136.2077463027778,100,
10210,公設消火栓,麻生津分遣所,福井市今市町４３番６１号１,36.01527232777779,136.20156651666667,150,
10211,公設消火栓,足羽分遣所,福井市稲津町７５番２１号,36.02596904722222,136.25143833611108,150,
10212,公設消火栓,足羽分遣所,福井市稲津町６７番７８号,36.02726885833333,136.25250213333334,100,
10213,公設消火栓,北分署,福井市石盛１丁目１３０８番,36.11807152222223,136.23118487222223,150,
10214,公設消火栓,臨海消防署,福井市石橋町５番６号,36.147545833333325,136.106279075,100,
10215,公設消火栓,臨海消防署,福井市石橋町６番５２号,36.148378766666674,136.1051540777778,100,
10216,公設防火水槽,臨海消防署,福井市南菅生町地係,36.107350580555554,136.04477434722222,,
10217,公設防火水槽,東消防署,福井市殿下町３３番２６号,36.06185050555555,136.26570450555553,,
10218,公設防火水槽,中消防署,福井市二の宮４丁目１５,36.084065575000004,136.20974308611113,,
10219,公設消火栓,東消防署,福井市下中町１０番２２号,36.07720290277777,136.26025754722224,100,
10220,公設消火栓,東消防署,福井市城東３丁目２番９号,36.06073248333333,136.23740723055553,100,
10221,公設消火栓,東消防署,福井市勝見１丁目１３番,36.054922788888895,136.22512331944444,100,
10222,公設消火栓,中消防署,福井市高柳２丁目８０８番,36.09638378055556,136.244119475,100,
10223,公設消火栓,麻生津分遣所,福井市中野２丁目７０６,36.00173088611112,136.18778746111113,100,
10224,公設消火栓,南消防署,福井市板垣３丁目９１０番,36.04674103055555,136.23363913611107,100,
10225,公設消火栓,南消防署,福井市板垣３丁目９１５番,36.0458661388889,136.233756175,150,
10226,公設消火栓,南消防署,福井市板垣３丁目１５０１号,36.04523323611111,136.23467715000004,150,
10227,公設消火栓,南消防署,福井市板垣３丁目１７０１号,36.04539423055556,136.23539009722222,100,
10228,公設消火栓,南消防署,福井市板垣３丁目１６０４番,36.04460033055555,136.23557412777774,150,
10229,公設消火栓,南消防署,福井市板垣３丁目１６０７番,36.04438333055556,136.23408223611108,100,
10230,公設消火栓,南消防署,福井市板垣３丁目１５１５番,36.04487526111111,136.23374622777777,200,
10231,公設消火栓,南消防署,福井市板垣３丁目１１０１番,36.04551416666667,136.23296524166668,100,
10232,公設消火栓,南消防署,福井市板垣３丁目１４１６番,36.04459927222223,136.23268230833332,100,
10233,公設消火栓,南消防署,福井市板垣３丁目１００２番,36.046014094444445,136.23258823888887,100,
10234,公設消火栓,南消防署,福井市板垣１丁目６１１番,36.050224472222226,136.2285432861111,100,
10235,公設消火栓,南消防署,福井市板垣１丁目３０１番,36.050893366666664,136.2276653138889,100,
10236,公設消火栓,南消防署,福井市板垣２丁目９０１番,36.04872164444445,136.22772941111108,100,
10237,公設消火栓,社分署,福井市若杉３丁目地係　エーシンガーデン若杉区画内,36.05126143333334,136.19194787777778,100,
10238,公設防火水槽,美山分署,福井市朝谷町１７番１７号,35.997316694444436,136.35935190000004,,
10239,公設防火水槽,美山分署,福井市朝谷町２６番３３号,35.99924444722222,136.35763201388886,,
10240,河川,美山分署,福井市朝谷町,35.997344677777775,136.35837698888886,,
10241,プール,美山分署,福井市朝谷町１番２０号,35.994270122222225,136.37201186666667,,
10242,公設消火栓,清水分署,福井市朝宮町２番５号,36.039636349999995,136.17179545833335,100,
10243,公設消火栓,清水分署,福井市朝宮町２番１３号,36.03911640555556,136.17161348333337,100,
10244,公設防火水槽,北分署,福井市石盛２丁目１１０８番,36.11704473333333,136.23382960555557,,
10245,公設防火水槽,北分署,福井市石盛２丁目２００４番,36.116057786111114,136.23164682499998,,
10246,河川,北分署,福井市石盛３丁目１４１５番,36.11605595277778,136.23610334166668,,
10247,公設消火栓,西安居分遣所,福井市飯塚町２７番１２１号,36.06164103888889,136.18215632777776,100,
10248,私設消火栓,西安居分遣所,福井市飯塚町２０番１号,36.065376575,136.17778995833334,100,
10249,私設消火栓,西安居分遣所,福井市飯塚町２０番１号,36.06499861388889,136.17725900833332,100,
10250,私設消火栓,西安居分遣所,福井市飯塚町２０番１号,36.06572653055555,136.1769400638889,100,
10251,私設消火栓,西安居分遣所,福井市飯塚町２０番１号,36.06640745555555,136.1767761,100,
10252,私設消火栓,西安居分遣所,福井市飯塚町２０番１号,36.066218472222225,136.17620415833332,100,
10253,公設防火水槽,西安居分遣所,福井市飯塚町３０番４０号,36.063732819444446,136.18457812499997,,
10254,公設防火水槽,西安居分遣所,福井市飯塚町３１番,36.06337884444444,136.18290330555556,,
10255,私設防火水槽,西安居分遣所,福井市飯塚町２０番１号,36.06621247222222,136.17612916666664,,
10256,私設防火水槽,西安居分遣所,福井市飯塚町２０番１号,36.06607649444444,136.1773090333333,,
10257,公設消火栓,東消防署,福井市四ツ井２丁目９番２号,36.06765672222223,136.23796110277775,150,
10258,公設消火栓,南消防署,福井市板垣５丁目１５０６番,36.04312748055556,136.23339935000004,250,
10259,公設消火栓,南消防署,福井市板垣５丁目１３０１番,36.04324740555556,136.23063250833334,100,
10260,公設消火栓,南消防署,福井市板垣５丁目１００５番,36.044205291666664,136.23120741944444,100,
10261,公設消火栓,南消防署,福井市板垣４丁目９０８番,36.045347138888886,136.23079938333333,100,
10262,公設消火栓,南消防署,福井市板垣４丁目８０８番,36.04485521666667,136.2315433638889,100,
10263,公設消火栓,南消防署,福井市板垣２丁目２６０４番,36.04904968611112,136.23112717777775,100,
10264,公設消火栓,南消防署,福井市板垣４丁目７１６番,36.044914161111116,136.22932449722222,100,
10265,公設消火栓,南消防署,福井市板垣５丁目９０８番,36.0447612,136.23031844166664,250,
10266,公設消火栓,南消防署,福井市板垣４丁目６１１番,36.04537711388889,136.2298604388889,100,
10267,公設消火栓,南消防署,福井市板垣１丁目７０７番１号,36.05153532222222,136.2290881861111,250,
10268,公設消火栓,南消防署,福井市板垣２丁目２２０８番,36.048518775000005,136.23207114166664,100,
10269,公設消火栓,南消防署,福井市板垣２丁目１４１６番,36.04805181111111,136.231165225,100,
10270,公設消火栓,南消防署,福井市板垣２丁目１５０５番,36.04856072777777,136.23035724999997,100,
10271,公設消火栓,南消防署,福井市板垣２丁目２１１５番,36.04844076944444,136.2314351888889,100,
10272,公設消火栓,南消防署,福井市板垣５丁目１５０６番,36.04323944722221,136.23248839722223,200,
10273,公設消火栓,南消防署,福井市板垣３丁目５０１,36.04732493333333,136.232529175,100,
10274,公設消火栓,南消防署,福井市板垣３丁目１８０６番,36.045918158333336,136.23500009444444,100,
10275,公設消火栓,南消防署,福井市板垣２丁目１４１９番,36.04779985277778,136.23164620555556,100,
10276,公設消火栓,南消防署,福井市板垣２丁目９０１番,36.04890465000001,136.22899032222224,100,
10277,公設消火栓,南消防署,福井市板垣２丁目１９１８番,36.046804977777775,136.23174625,200,
10278,公設消火栓,南消防署,福井市板垣２丁目６１４番,36.04686890000001,136.22861844444446,100,
10279,公設消火栓,南消防署,福井市板垣２丁目６０２番,36.047390827777775,136.22843243055556,100,
10280,公設消火栓,南消防署,福井市板垣３丁目１６１９番,36.043041499999994,136.23382733055558,100,
10281,公設消火栓,南消防署,福井市板垣３丁目１６１４番,36.04356144722223,136.23455425555554,100,
10282,公設消火栓,南消防署,福井市板垣５丁目１０５番,36.044883113888886,136.2270106388889,250,
10283,公設消火栓,南消防署,福井市板垣５丁目５０１番,36.04328931944445,136.22688272777776,250,
10284,公設消火栓,北分署,福井市上野本町１丁目９２６番,36.11473612500001,136.23624632222223,100,
10285,公設消火栓,北分署,福井市上野本町１丁目２６０４番,36.11395340833333,136.24010587222222,100,
10286,公設消火栓,北分署,福井市上野本町１丁目２４１０番,36.11410831111112,136.23850105833333,100,
10287,公設消火栓,北分署,福井市上野本町１丁目４２０６番,36.11184459444444,136.23846706666666,100,
10288,公設消火栓,北分署,福井市上野本町１丁目３４２０番,36.112427530555564,136.23865104444442,100,
10289,公設消火栓,北分署,福井市上野本町２丁目,36.11130968055555,136.2388510222222,100,
10290,公設消火栓,臨海消防署,福井市西畑町,36.13797746111112,136.08811372222223,150,
10291,公設消火栓,北分署,福井市上野本町１丁目２００７番,36.11242543055556,136.2365542833333,100,
10292,公設消火栓,北分署,福井市上野本町１丁目３１０８番,36.112642466666664,136.23788713055552,100,
10293,公設消火栓,北分署,福井市上野本町１丁目３００６番,36.11311752222223,136.24032584999998,100,
10294,公設消火栓,東消防署,福井市志比口３丁目,36.071955019444445,136.23356930000003,100,
10295,公設消火栓,東消防署,福井市志比口３丁目,36.072786961111106,136.234410225,100,
10296,公設消火栓,東消防署,福井市志比口３丁目地係,36.07314098333334,136.23568715555555,100,
10297,公設消火栓,東消防署,福井市志比口３丁目,36.071327091666674,136.23346931388886,100,
10298,私設防火水槽,西安居分遣所,福井市飯塚町２０番１号,36.065362575,136.17731501111115,,
10299,プール,西安居分遣所,福井市飯塚町６番１９号,36.066337530555565,136.187005975,,
10300,受水槽,西安居分遣所,福井市飯塚町１１番１１１号,36.066596475000004,136.18321439722223,,
10301,公設消火栓,中消防署,福井市幾久町１番３号,36.0802566361111,136.22561772500003,100,
10302,公設消火栓,中消防署,福井市幾久町７番１５号,36.08148649722223,136.2259016666667,100,
10303,公設消火栓,西安居分遣所,福井市飯塚町８番１０２号１,36.06621853055555,136.18514716944443,100,
10304,公設消火栓,西安居分遣所,福井市飯塚町,36.06587957777778,136.18589407222223,100,
10305,公設消火栓,麻生津分遣所,福井市今市町１５番３号,36.01041199722222,136.2009407833333,150,
10306,公設消火栓,麻生津分遣所,福井市浅水町１０８番２６号,36.00644772222222,136.20355274444447,150,
10307,公設消火栓,麻生津分遣所,福井市今市町５番１０号,36.00697078055555,136.20691043611112,100,
10308,公設消火栓,東分署,福井市大和田１丁目１０２,36.09246340833333,136.2469512972222,100,
10309,公設消火栓,南消防署,福井市西木田１丁目２０－２２,36.053583694444455,136.2153130277778,300,
10310,公設消火栓,南消防署,福井市上莇生田町１６番１号２南部給食センター北側１２０ｍ,36.02260316111112,136.2279987027778,100,
10311,公設消火栓,南消防署,福井市上莇生田町１６番１号２南部給食センター西側１５ｍ,36.02070242777777,136.2279027861111,100,
10312,公設消火栓,北分署,福井市河合寄安町６０３番,36.11902618333333,136.24870378888892,150,
10313,公設消火栓,北分署,福井市栗森２丁目２８０８番,36.11792898333334,136.24170465555554,100,
10314,プール,西分署,福井市文京５丁目２５番３０号,36.07813315277779,136.20382778055557,,
10315,公設消火栓,北分署,福井市河合寄安町地係,36.12015183333333,136.24442228611113,150,
10316,公設消火栓,北分署,福井市上野本町２丁目１０３番,36.110286641666676,136.23548738611112,150,
10317,公設消火栓,北分署,福井市上野本町２丁目４１８番,36.11062265555555,136.2366222638889,100,
10318,公設消火栓,北分署,福井市上野本町２丁目８０８番,36.11008376111111,136.23745416666665,150,
10319,公設消火栓,北分署,福井市上野本町２丁目８０１番,36.11003672222222,136.2364892722222,150,
10320,公設防火水槽,麻生津分遣所,福井市今市町２番１号,36.008806219444445,136.20025791388892,,
10321,私設防火水槽,麻生津分遣所,福井市今市町１１番７号１,36.00884846666666,136.20617742777776,,
10322,公設消火栓,北分署,福井市石盛町４０１番,36.1174134,136.22460753611114,150,
10323,公設消火栓,北分署,福井市石盛１丁目１７０５番,36.115868694444444,136.2279992027778,200,
10324,公設消火栓,北分署,福井市石盛１丁目１７０２番,36.11580566111111,136.22674233055557,200,
10325,公設消火栓,臨海消防署,福井市石新保町２７番３０号,36.16195936944444,136.10471799166666,150,
10326,公設消火栓,臨海消防署,福井市石新保町２７番３０号,36.16336923333333,136.10301203333333,150,
10327,公設消火栓,臨海消防署,福井市石新保町２７番３０号,36.16221535555556,136.10225018888886,250,
10328,公設消火栓,臨海消防署,福井市石新保町２７番３３号,36.16126345,136.1032061777778,250,
10329,公設消火栓,臨海消防署,福井市石新保町２８番,36.15652290833333,136.1065183,150,
10330,公設消火栓,臨海消防署,福井市石新保町２８番１２号,36.155707,136.10559844166667,150,
10331,公設消火栓,臨海消防署,福井市石新保町２８番６９号,36.154607125000005,136.1043226333333,150,
10332,公設消火栓,臨海消防署,福井市石新保町２７番３３号,36.16026055277778,136.10315326388886,150,
10333,公設消火栓,臨海消防署,福井市石新保町２７番３３号,36.16152043333334,136.10136431666666,150,
10334,公設消火栓,中消防署,福井市新田塚２丁目７４番１号,36.091520636111106,136.20406523055559,150,
10335,公設消火栓,東消防署,福井市四ツ井２丁目８番３０号,36.069061497222215,136.23655915555557,100,
10336,公設消火栓,東消防署,福井市志比口２丁目１４番,36.0702413638889,136.23661414166668,100,
10337,公設消火栓,東分署,福井市原目町１４番２６号,36.07573754444445,136.26857885555557,150,
10338,公設消火栓,東消防署,福井市城東１丁目１８番２１号,36.06145029722223,136.23453833611114,100,
10339,その他,東分署,福井市中ノ郷町１５番８号２,36.092910175,136.27529672499998,,
10340,その他,東分署,福井市中ノ郷町１５番１２号１,36.09275615833333,136.27444781944448,,
10341,公設消火栓,中消防署,福井市舟橋町１４番２号１,36.10080256111112,136.23045876666663,100,
10342,公設消火栓,南消防署,福井市西木田３丁目１０－１８,36.05296765833333,136.21077933333336,75,
10343,公設防火水槽,美山分署,福井市東河原町２１字居屋敷４７－２,35.95663520833333,136.36634467222223,,
10344,公設消火栓,北分署,福井市天池町５番６２号　北分署南側歩道上,36.11408163333333,136.21856225000002,100,
10345,公設消火栓,社分署,福井市若杉浜３丁目７０４番,36.06000227222222,136.18574085555557,150,
10346,公設消火栓,川西分署,福井市浄土寺町２１番６９号,36.13521833333334,136.1597956527778,100,
10347,公設消火栓,西分署,福井市豊岡２丁目５番３４号,36.07064101666666,136.18987089722222,100,
10348,公設防火水槽,美山分署,福井市市波町２５番９号３,36.01906710555556,136.3312850638889,,
10349,公設防火水槽,美山分署,福井市奈良瀬町６番１０号,36.012098227777784,136.33412298333334,,
10350,公設消火栓,南消防署,福井市みのり２丁目１６番１０号,36.052160788888884,136.21180329166668,100,
10351,公設消火栓,中消防署,福井市宝永２丁目５番７号,36.068913061111104,136.22590793333333,100,
10352,公設消火栓,北分署,福井市定正２丁目２０番,36.12055212777777,136.22815313333334,150,
10353,公設消火栓,南消防署,福井市有楽町４番６号,36.061683391666676,136.205964775,100,
10354,公設消火栓,南消防署,福井市毛矢１丁目７－１４,36.0545605611111,136.21506603333336,150,
10355,公設消火栓,南消防署,福井市西木田１丁目１７－１６　,36.05507649166666,136.21504003055554,100,
10356,公設消火栓,南消防署,福井市西木田１丁目１９－１７,36.05409362222222,136.21509003611112,100,
10357,公設消火栓,南消防署,福井市足羽２丁目１７番１９号,36.061547366666666,136.2038509638889,100,
10358,公設消火栓,中消防署,福井市順化２丁目１７番５号,36.066235941666676,136.2123552722222,100,
10359,公設消火栓,西分署,福井市照手１丁目５番２０号　,36.06532605555555,136.21209828333335,100,
10360,公設消火栓,西分署,福井市照手１丁目２番１７号（株）福銀リース　北東側,36.06463414722222,136.212073275,100,
10361,公設防火水槽,美山分署,福井市宇坂大谷町３８番２８号,36.04012214444445,136.3324570972222,,
10362,公設消火栓,南消防署,福井市足羽３丁目９番２４号,36.0571839361111,136.20382285,150,
10363,公設消火栓,南消防署,福井市足羽３丁目９番２８号,36.05781185,136.20360888333332,150,
10364,公設消火栓,南消防署,福井市足羽３丁目８番４号,36.05789786944444,136.20501477777776,100,
10365,公設消火栓,南消防署,福井市足羽４丁目９番１８号,36.05692493888889,136.20240594444448,100,
10366,公設消火栓,南消防署,福井市足羽４丁目１番２２号,36.05780282222223,136.20229198333334,100,
10367,公設消火栓,南消防署,福井市足羽３丁目６番６号,36.058763741666674,136.20430385277774,100,
10368,公設消火栓,南消防署,福井市足羽５丁目９番１５号,36.05641192777777,136.19899217222223,100,
10369,公設消火栓,南消防署,福井市足羽５丁目１２番１４号,36.05610594444444,136.19792623055557,100,
10370,私設防火水槽,臨海消防署,福井市石新保町２８番６９号,36.155991997222216,136.1029956222222,,
10371,私設防火水槽,臨海消防署,福井市石新保町２８番６７号,36.15662491111111,136.1051484,,
10372,私設防火水槽,臨海消防署,福井市石新保町２８番６７号,36.1562779388889,136.10593436666667,,
10373,私設防火水槽,臨海消防署,福井市石新保町２８番,36.15702785277778,136.1068702277778,,
10374,私設防火水槽,臨海消防署,福井市石新保町２７番３０号,36.162619305555566,136.1039140111111,,
10375,私設防火水槽,臨海消防署,福井市石新保町２７番３３号,36.1611634611111,136.10274222500001,,
10376,公設消火栓,麻生津分遣所,福井市生部町３番７号,35.988157313888884,136.24565085833336,75,
10377,公設消火栓,麻生津分遣所,福井市生部町４４番５０号２,35.991633888888884,136.25024753888889,150,
10378,公設防火水槽,東消防署,福井市荒木別所町８番３５１号,36.04352606666667,136.26603013333335,,
10379,公設防火水槽,東消防署,福井市荒木別所町１４番１０号,36.04311719166666,136.26826301944442,,
10380,公設消火栓,東消防署,福井市西方１丁目５番２０号,36.050333613888895,136.23462388333334,100,
10381,公設消火栓,東分署,福井市玄正島町１６番２５号,36.08714390833333,136.2765927361111,100,
10382,公設消火栓,川西分署,福井市菖蒲谷町３８番１２号５　,36.15033218055556,136.1432598388889,150,
10383,公設消火栓,川西分署,福井市波寄町３８番８１号,36.15551463611112,136.14418016944444,100,
10384,公設消火栓,南消防署,福井市毛矢２丁目７番２０号,36.05764614166666,136.21455304166665,100,
10385,公設消火栓,南消防署,福井市左内町１番２１号,36.05780308611111,136.21330813611115,100,
10386,公設消火栓,南消防署,福井市毛矢３丁目６番１７号,36.05772007499999,136.21254919444445,100,
10387,公設消火栓,南消防署,福井市つくも１丁目５番２６号,36.0619614861111,136.21160027222223,100,
10388,公設消火栓,南消防署,福井市みのり２丁目１５番４号,36.052038833333334,136.21288122500002,100,
10389,公設消火栓,南消防署,福井市毛矢３丁目７番９号　ふせ金　西側,36.05729511944445,136.21208423333334,100,
10390,公設防火水槽,美山分署,福井市宇坂大谷町１８番１号　,36.03257911944445,136.3310255333333,,
10391,公設防火水槽,美山分署,福井市薬師町６９番１号　,36.004871744444436,136.3822516888889,,
10392,公設消火栓,南消防署,福井市春日２丁目３番５号　昭和ブロック工業（株）西側１ｍ,36.051045088888884,136.21775995000002,100,
10393,公設消火栓,南消防署,福井市下莇生田町　,36.02839317222223,136.2199208361111,100,
10394,公設消火栓,南消防署,福井市下莇生田町,36.029810966666666,136.21943379722225,100,
10395,公設消火栓,足羽分遣所,福井市深見町１２番１号,-2.0997222222222223,-2.0997222222222223,100,
10396,公設消火栓,麻生津分遣所,福井市大土呂町１７番４２号,36.0085038388889,136.21508378611108,100,
10397,公設消火栓,麻生津分遣所,福井市半田町１６ー１－６,36.008426916666664,136.21716964444443,100,
10398,公設消火栓,麻生津分遣所,福井市半田町１９番１０１号,36.00836691944444,136.21697065833334,100,
10399,公設消火栓,東消防署,福井市フェア河増１丁目地係　カラヤ㈱東側歩道上,36.059031358333336,136.25662523055553,100,
10400,公設消火栓,東消防署,福井市河増町３１番２７号１４　歩道上,36.057553430555565,136.25495438055555,100,
10401,公設消火栓,東消防署,福井市フェア河増１丁目地係　大和電建㈱南側歩道上,36.05757848333333,136.25654728055557,100,
10402,公設消火栓,東消防署,福井市フェア河増１丁目地係　ニホンドレン㈱南側歩道上,36.05770748611111,136.25697225,100,
10403,公設消火栓,南消防署,福井市つくも１丁目４番８号,36.06130954722222,136.2107553361111,250,
10404,公設消火栓,南消防署,福井市つくも１丁目３番１０号,36.060824627777784,136.21122229444444,250,
10405,公設消火栓,中消防署,福井市新田塚２丁目２９番２７号,36.08747582222222,136.1995601138889,100,
10406,公設消火栓,北分署,福井市川合鷲塚町２５番１号１　カーセンター工業,36.11523516388888,136.20441378888887,100,
10407,公設消火栓,南消防署,福井市今市町６０番２２号　ホクコンマテリアル株式会社南側,36.02204371944445,136.20905870277778,100,
10408,公設消火栓,南消防署,福井市足羽３丁目４番１号,36.05864178888889,136.20581172777779,100,
10409,公設消火栓,南消防署,福井市足羽５丁目３番２８号,36.05861362777778,136.19805634722223,100,
10410,公設消火栓,社分署,福井市足羽５丁目,36.05893855000001,136.19615155555553,100,
10411,公設消火栓,南消防署,福井市足羽５丁目５番２号,36.05756678333333,136.19907021944442,100,
10412,公設消火栓,南消防署,福井市足羽３丁目２番２４号,36.05695899722223,136.20522874166664,100,
10413,公設消火栓,南消防署,福井市足羽４丁目３番２４号,36.05770881944444,136.20154803611112,100,
10414,公設消火栓,南消防署,福井市足羽１丁目１９番４７号,36.05734198055555,136.20679163055553,100,
10415,公設消火栓,南消防署,福井市足羽５丁目５番１３号,36.05807470277778,136.19844228888888,250,
10416,公設消火栓,南消防署,福井市足羽５丁目３番１５号,36.058888583333335,136.19764539444444,250,
10417,公設消火栓,南消防署,福井市足羽１丁目３番１号,36.06091360833332,136.21100031388892,100,
10418,公設消火栓,南消防署,福井市足羽１丁目２３番２号,36.059680694444445,136.20783657777775,100,
10419,公設消火栓,南消防署,福井市足羽２丁目１９番９号,36.06019154166667,136.20366494166666,150,
10420,公設消火栓,東分署,福井市泉田町２６番１６号,36.09209110833333,136.27172812499998,100,
10421,公設消火栓,東分署,福井市泉田町２５番１３号,36.09303798055556,136.27140613055556,100,
10422,公設消火栓,東分署,福井市泉田町４番１号,36.09348299166666,136.27242801944448,100,
10423,公設消火栓,東分署,福井市泉田町２４番１８号２,36.09199100555556,136.27008628055557,100,
10424,河川,東分署,福井市泉田町２６番１６号,36.09197711111111,136.27161713888887,,
10425,公設消火栓,南消防署,福井市板垣２丁目２７０７番,36.04951861111111,136.23049619444444,100,
10426,公設消火栓,南消防署,福井市板垣２丁目２５０２番,36.04861873333333,136.23094021111112,100,
10427,公設消火栓,北分署,福井市河合寄安町２１６番,36.11899498888889,136.2446752777778,100,
10428,公設消火栓,北分署,福井市栗森２丁目８１３番,36.1177318638889,136.23863703333333,100,
10429,公設消火栓,北分署,福井市上野本町４丁目１０１番,36.118298100000004,136.245152225,100,
10430,公設消火栓,東消防署,福井市河増町９ー１０ー１,36.06475785833334,136.2569260638889,200,
10431,公設消火栓,南消防署,福井市毛矢２丁目２番８号,36.05603935277778,136.21461905,100,
10432,公設消火栓,南消防署,福井市明里町１番１６号,36.06164127222222,136.19970935000003,150,
10433,公設消火栓,南消防署,福井市桃園１丁目１番１３号,36.06162432777778,136.20240909999998,150,
10434,公設防火水槽,美山分署,福井市蔵作町９番３７号,35.98796660000001,136.35820025277778,,
10435,公設消火栓,麻生津分遣所,福井市上江尻町６番２０１号,35.99056974722223,136.18882406944442,75,
10436,公設消火栓,麻生津分遣所,福井市上江尻町３番４１０号,35.990005800000006,136.18773521388889,75,
10437,公設消火栓,麻生津分遣所,福井市上江尻町１１番８号２４,35.9905837,136.1867522972222,75,
10438,公設消火栓,麻生津分遣所,福井市上江尻町４番５号,35.98989878333334,136.18636836944447,75,
10439,公設消火栓,麻生津分遣所,福井市上江尻町１１番８号,35.990465686111115,136.18542245,75,
10440,公設消火栓,清水分署,福井市三留町８番２号９,36.031713186111105,136.15050499999998,100,
10441,公設消火栓,南消防署,福井市西木田３丁目１５番,36.054081508333326,136.2107483333333,100,
10442,公設消火栓,北分署,福井市栗森２丁目地係,36.1179521,136.24421534722225,100,
10443,公設防火水槽,美山分署,福井市吉山町１８番２７号１,36.02017574166667,136.3754450138889,,
10444,公設消火栓,東分署,福井市西開発１丁目３０５番１号　,36.072960925,136.23410824444443,100,
10445,私設防火水槽,東消防署,福井市和田中町１１３号１番地　ラニイ福井貨物株式会社,36.03990815555556,136.25599191111112,,
10446,私設防火水槽,東消防署,福井市和田中町１１３号１番地　ラニイ福井貨物株式会社,36.04102704166666,136.25603686666665,,
10447,公設消火栓,南消防署,福井市左内町１１番１８号,36.05988976388888,136.21170025555554,250,
10448,公設消火栓,南消防署,福井市板垣３丁目５０７番,36.047000000000004,136.23373811666667,100,
10449,公設消火栓,南消防署,福井市板垣３丁目９１０番,36.04663905277777,136.23414010833335,100,
10450,公設消火栓,南消防署,福井市板垣３丁目３１０番,36.04804084999999,136.23280212222224,200,
10451,公設消火栓,南消防署,福井市板垣３丁目１２３番,36.048121852777776,136.23333808333334,100,
10452,公設消火栓,南消防署,福井市板垣３丁目２３１番,36.047729916666675,136.2339770611111,200,
10453,公設消火栓,南消防署,福井市板垣３丁目２２０番,36.047982894444445,136.23437702222222,100,
10454,公設消火栓,南消防署,福井市板垣２丁目２３０１番,36.04915768611111,136.2317021333333,100,
10455,公設消火栓,南消防署,福井市板垣４丁目２０１番,36.04545206388889,136.22801055000002,100,
10456,公設消火栓,北分署,福井市石盛３丁目９１２番,36.115705963888885,136.235396425,100,
10457,公設消火栓,北分署,福井市石盛１丁目１８３０番,36.11578073333333,136.22886211388888,250,
10458,公設防火水槽,麻生津分遣所,福井市浅水二日町１３番６５号,36.005080633333336,136.19612945833333,,
10459,公設防火水槽,麻生津分遣所,福井市浅水二日町４０９番,36.00400069722222,136.19340376944442,,
10460,公設防火水槽,麻生津分遣所,福井市浅水二日町４０２,36.003643797222225,136.19443169722223,,
10461,公設消火栓,南消防署,福井市今市町６５番１１号,36.02187176666667,136.20959067500002,150,
10462,公設消火栓,南消防署,福井市今市町６４番７号１,36.02112193611111,136.211892575,150,
10463,公設消火栓,南消防署,福井市杉谷町２３番９号,36.02031312222222,136.19004019444446,100,
10464,公設消火栓,麻生津分遣所,福井市今市町４０番１号１,36.01304487777779,136.20692520833336,300,
10465,公設消火栓,麻生津分遣所,福井市今市町２番１０号,36.00785628888889,136.1983891138889,150,
10466,公設消火栓,西安居分遣所,福井市本堂町７０番１５号,36.05896462777778,136.13339887777778,200,
10467,公設消火栓,西安居分遣所,福井市羽坂町地係,36.06139048888888,136.14355990555558,200,
10468,公設消火栓,西安居分遣所,福井市羽坂町８番５５号２,36.062751294444446,136.1426360527778,100,
10469,私設防火水槽,臨海消防署,福井市白方町４５番５号１０　株式会社　田中化学研究所,36.167741772222215,136.10730330833331,,
10470,公設消火栓,中消防署,福井市大宮１丁目１１番１９号,36.08328723888889,136.22524964722223,100,
10471,私設防火水槽,東消防署,福井市殿下町４２番５７号,36.060298475,136.2621958166667,,
10472,公設消火栓,南消防署,福井市西木田１丁目１２番２１号　,36.05341474444444,136.2163399611111,150,
10473,公設防火水槽,美山分署,福井市境寺町２番１号２　美山駅北側駐車場内,35.99889652777779,136.36452941111114,,
10474,公設防火水槽,美山分署,福井市南西俣町２１字７号　,35.978742749999995,136.432555575,,
10475,公設消火栓,西安居分遣所,福井市安田町地係,36.063366402777774,136.1528229416667,150,
10476,公設消火栓,西安居分遣所,福井市安田町地係,36.06001086111111,136.15651840833334,100,
10477,公設消火栓,南消防署,福井市左内町１番１４号,36.06000781666667,136.21405406111114,100,
10478,私設防火水槽,清水分署,福井市島寺町９３番６号,36.01988274166666,136.14183138888893,,
10479,公設消火栓,北分署,福井市定正２丁目２１６番,36.11996521388889,136.22869510555554,150,
10480,公設消火栓,足羽分遣所,福井市上毘沙門町１番７７号,36.017435947222225,136.2772981888889,100,
10481,公設消火栓,足羽分遣所,福井市小路町５番１１号４,36.01764896666667,136.2784420555556,100,
10482,公設消火栓,足羽分遣所,福井市小路町５番１４号,36.01766198888888,136.27905898611112,100,
10483,公設消火栓,南消防署,福井市板垣５丁目８０１番１号　旧ジュニアグラウンド跡地,36.04357433333333,136.22930256944449,100,
10484,私設防火水槽,東消防署,福井市北今泉町１０番６号２,36.07369896944444,136.25558398333334,,
10485,公設消火栓,北分署,福井市栗森２丁目２２１２番,36.11903892499999,136.24345043055558,150,
10486,公設消火栓,北分署,福井市東森田１丁目２６３０番,36.11444395277778,136.2523844527778,100,
10487,公設消火栓,北分署,福井市東森田１丁目２８０３番,36.11394608888888,136.25378030555555,100,
10488,公設消火栓,北分署,福井市東森田１丁目２３１２番,36.11474998333333,136.2536943,100,
10489,公設消火栓,北分署,福井市栗森２丁目３２０２番,36.11838402777778,136.2438473861111,150,
10490,公設消火栓,東消防署,福井市勝見３丁目３番１１号,36.055072922222216,136.23040693888888,100,
10491,公設消火栓,中消防署,福井市中藤新保町１１番３２号,36.10658478055555,136.24888196111112,100,
10492,公設消火栓,中消防署,福井市中藤新保町１１番１９号,36.10712276666666,136.24983685555557,100,
10493,公設消火栓,中消防署,福井市中央１丁目１番１号,36.06282971388888,136.2229142611111,100,
10494,公設消火栓,西分署,福井市三郎丸町１１番１号,36.077578200000005,136.18747348055555,100,
10495,公設防火水槽,足羽分遣所,福井市東新町１７番２８号２　,35.98714900555555,136.2912153861111,,
10496,公設消火栓,南消防署,福井市足羽５丁目２番８号,36.05818870555556,136.1991982361111,100,
10497,公設消火栓,南消防署,福井市足羽５丁目７番３５号,36.05786678333333,136.2009230888889,100,
10498,公設消火栓,南消防署,福井市足羽５丁目１番７号,36.05825272222223,136.2003671472222,100,
10499,公設消火栓,南消防署,福井市足羽１丁目７番１９号,36.05782304166667,136.2118612472222,100,
10500,公設消火栓,南消防署,福井市足羽１丁目７番,36.05770003333334,136.21091932222222,100,
10501,公設消火栓,南消防署,福井市足羽１丁目１９番２８号,36.05878381111111,136.20770058055558,100,
10502,公設防火水槽,南消防署,福井市足羽１丁目８番８４号,36.059455755555554,136.20930545277778,,
10503,公設消火栓,麻生津分遣所,福井市今市町４０番１号１,36.014526644444445,136.20634219444446,250,
10504,公設消火栓,麻生津分遣所,福井市今市町４０番１号１,36.01532460000001,136.20786905,250,
10505,公設消火栓,南消防署,福井市今市町６４番７号,36.02150485000001,136.21072662499998,150,
10506,公設消火栓,麻生津分遣所,福井市今市町５番１０号,36.00699974166666,136.2060225111111,150,
10507,公設消火栓,麻生津分遣所,福井市今市町１２番７号,36.00959025555555,136.20393758055553,300,
10508,公設消火栓,南消防署,福井市今市町５９－９,36.02048581388889,136.20647694722226,100,
10509,公設消火栓,南消防署,福井市今市町４６－２１－７,36.01821089999999,136.20123241111114,100,
10510,公設防火水槽,麻生津分遣所,福井市今市町２７番４号,36.013128602777776,136.20100265277776,,
10511,公設防火水槽,麻生津分遣所,福井市今市町３３番３号,36.01473039722222,136.20144655,,
10512,公設消火栓,麻生津分遣所,福井市今市町４番２２号,36.00672374722223,136.20516159444446,150,
10513,公設消火栓,南消防署,福井市今市町６６番,36.02195267222222,136.20763480555559,100,
10514,公設消火栓,臨海消防署,福井市石橋町２９番７５号,36.15931665833333,136.102131425,150,
10515,公設消火栓,臨海消防署,福井市石橋町３２番２５４号,36.14819284166667,136.10239027222224,150,
10516,公設消火栓,臨海消防署,福井市石橋町２９番７５号,36.16061553333333,136.10057245555555,150,
10517,公設消火栓,東消防署,福井市日之出１丁目１番４号,36.06333572222222,136.22492409166668,150,
10518,公設消火栓,南消防署,福井市毛矢１丁目６番２３号　江守グループホールディングス（株）西側,36.05721621388889,136.21510700277778,150,
10519,公設消火栓,川西分署,福井市八幡町２３番１１号１,36.13021571388889,136.1530018222222,150,
10520,公設消火栓,南消防署,福井市板垣３丁目８０２番,36.04718595833333,136.2329071583333,100,
10521,公設消火栓,南消防署,福井市板垣３丁目１３０２番,36.046000088888896,136.2321652666667,150,
10522,公設消火栓,南消防署,福井市板垣３丁目８１４番,36.04649703055556,136.23238822777776,100,
10523,公設消火栓,北分署,福井市上野本町３丁目１９２０番,36.11073392222222,136.242409625,100,
10524,公設消火栓,北分署,福井市上野本町２丁目１９２０番,36.110191897222215,136.2405178333333,100,
10525,公設消火栓,北分署,福井市上野本町２丁目３０６番,36.10940678055555,136.2361643,100,
10526,公設消火栓,北分署,福井市上野本町２丁目３０４番,36.10930882222223,136.2367732333333,100,
10527,公設消火栓,北分署,福井市上野本町３丁目１５０５番,36.11243471666666,136.2425785972222,100,
10528,公設消火栓,北分署,福井市上野本町１丁目３９１２番,36.110442625,136.23553938055554,100,
10529,公設消火栓,北分署,福井市上野本町４丁目８０１番,36.116496319444444,136.24501726666665,100,
10530,公設消火栓,北分署,福井市上野本町３丁目１６１８番,36.11150681944444,136.24228563888892,100,
10531,公設消火栓,北分署,福井市上野本町３丁目８１３番,36.114225516666664,136.2430945222222,100,
10532,公設消火栓,北分署,福井市上野本町４丁目１７０３番,36.115543519444444,136.24665808333336,100,
10533,公設消火栓,北分署,福井市上野本町４丁目２１０４番,36.115277622222216,136.24804192777773,100,
10534,公設消火栓,北分署,福井市東森田１丁目１００４番,36.11471370277778,136.24822791666665,150,
10535,公設消火栓,北分署,福井市上野本町１丁目３８０２番,36.11079756944445,136.23523541944445,100,
10536,公設消火栓,北分署,福井市上野本町４丁目２７０１番,36.11237285000001,136.24518729999997,100,
10537,公設消火栓,北分署,福井市上野本町４丁目２７１８番,36.11183195,136.24588123055557,100,
10538,公設消火栓,川西分署,福井市布施田町５番２２号,36.14556506111111,136.1583808361111,100,
10539,公設消火栓,足羽分遣所,福井市荒木新保町８０－４－１,36.033891108333336,136.26475361666667,100,
10540,公設消火栓,南消防署,福井市月見２丁目１０番８号,36.04495181944444,136.21517232222223,150,
10541,公設防火水槽,南消防署,福井市足羽３丁目１番１号,36.05917472777778,136.20627869999998,,
10542,公設防火水槽,南消防署,福井市足羽４丁目１番２３号,36.058188772222216,136.20227899722224,,
10543,公設防火水槽,南消防署,福井市足羽２丁目５番,36.060247572222224,136.2054697888889,,
10544,公設防火水槽,南消防署,福井市足羽２丁目１８番８号,36.06083845833333,136.20368695833332,,
10545,公設防火水槽,南消防署,福井市足羽１丁目１８番,36.06010564444444,136.2081145583333,,
10546,公設防火水槽,南消防署,福井市足羽４丁目２番４号,36.05755288333333,136.20354788055553,,
10547,公設防火水槽,南消防署,福井市足羽１丁目１８番,36.059741688888884,136.20797556666665,,
10548,プール,南消防署,福井市足羽３丁目１番,36.05813687500001,136.20672265000002,,
10549,公設消火栓,麻生津分遣所,福井市浅水三ヶ町１番１６号,36.00517083055555,136.20134199166665,150,
10550,公設消火栓,麻生津分遣所,福井市浅水三ヶ町１番９３号,36.00300115,136.2009041333333,100,
10551,公設消火栓,南消防署,福井市足羽４丁目２１番１２号,36.054002274999995,136.2005479638889,100,
10552,公設消火栓,南消防署,福井市足羽４丁目５番１４号,36.05676391666666,136.200526075,150,
10553,公設消火栓,南消防署,福井市足羽４丁目７番１０号,36.05643398333333,136.20154499166665,150,
10554,公設消火栓,南消防署,福井市板垣５丁目５０７番,36.04302236666667,136.22741871111108,100,
10555,公設消火栓,南消防署,福井市板垣５丁目６１０番,36.04350832222222,136.22834663055554,100,
10556,公設消火栓,南消防署,福井市板垣５丁目１０５番,36.04405223333333,136.22742965555557,100,
10557,公設消火栓,南消防署,福井市板垣５丁目１０５番,36.04437722222222,136.22895754722225,100,
10558,公設消火栓,南消防署,福井市板垣５丁目１０５番,36.04483014444444,136.22811857499997,250,
10559,公設消火栓,南消防署,福井市板垣５丁目１３１０番,36.042794486111106,136.23167747222223,100,
10560,私設防火水槽,東消防署,福井市和田中町舟橋７－１,36.04725132499999,136.25143496944446,,
10561,受水槽,東消防署,福井市日之出２丁目１５－１０,36.063736788888896,136.22809883055555,,
10562,受水槽,東消防署,福井市手寄１丁目１－４－１,36.06038504166666,136.22337027777775,,
10563,公設防火水槽,美山分署,福井市折立町２２番３号,35.95141932222223,136.35784156388888,,
10564,私設防火水槽,東分署,福井市新保２丁目３０１,36.07799230555556,136.25114828333335,,
10565,私設防火水槽,東分署,福井市大和田町６８－１－２,36.10407642222223,136.2539374972222,,
10566,私設防火水槽,東分署,福井市西開発３丁目５１９番３号,36.084116486111114,136.2316782638889,,
10567,私設防火水槽,社分署,福井市福町　福井運動公園敷地内,36.054109897222226,136.1815022361111,,
10568,私設防火水槽,社分署,福井市福町運動公園敷地内,36.05271306111112,136.1816551972222,,
10569,プール,社分署,福井市福町,36.050738341666666,136.18463383055558,,
10570,公設消火栓,東分署,福井市西開発１丁目２９０７番,36.07516573611112,136.23543714444443,200,
10571,公設消火栓,川西分署,福井市浄土寺町地係　ガーデンコート川西公園前,36.13993362499999,136.15494976944444,100,
10572,公設消火栓,北分署,福井市東森田１丁目２７０４番,36.11308419444445,136.25369333055556,100,
10573,公設消火栓,北分署,福井市河合寄安町２０９番,36.11996988888888,136.2451302027778,100,
10574,公設消火栓,東消防署,福井市円山２丁目５０７,36.07052087499999,136.24777456944446,100,
10575,公設消火栓,南消防署,福井市板垣４丁目１００３番,36.045705113888886,136.2316463138889,200,
10576,公設消火栓,南消防署,福井市板垣３丁目４３８番,36.04775186666667,136.23201518611108,100,
10577,公設消火栓,南消防署,福井市板垣３丁目１１１番,36.04873275833334,136.2325601,200,
10578,公設消火栓,川西分署,福井市上野町１２番４５号,36.1401384,136.14828449722225,100,
10579,その他,川西分署,福井市上野町　ため池,36.13919149444445,136.14801463611113,,
10580,公設消火栓,北分署,福井市石盛町５１０番,36.116082524999996,136.2235296611111,100,
10581,公設消火栓,北分署,福井市石盛町５２３番,36.1158415,136.22179684444447,100,
10582,公設消火栓,北分署,福井市石盛１丁目１６１８番,36.115933758333334,136.23028196666667,100,
10583,公設消火栓,臨海消防署,福井市石橋町９番１０号,36.14767085555556,136.10454617500002,100,
10584,公設消火栓,臨海消防署,福井市石橋町７番１９号,36.14787585277778,136.10359021944447,100,
10585,公設消火栓,臨海消防署,福井市石橋町１番２０号,36.14903470833333,136.10468505555556,100,
10586,公設消火栓,臨海消防署,福井市石橋町７番６３号,36.14962565833334,136.10389606388887,150,
10587,公設消火栓,臨海消防署,福井市石橋町７番６号,36.14884875833334,136.1030901777778,150,
10588,公設消火栓,臨海消防署,福井市石橋町１４番４８号,36.146557063888885,136.1004245194444,150,
10589,公設消火栓,臨海消防署,福井市石橋町１３番５５号２,36.14560119722223,136.0992766555556,300,
10590,公設消火栓,臨海消防署,福井市浜別所町８番１３号,36.1446151,136.1079822138889,350,
10591,公設消火栓,臨海消防署,福井市石橋町１５番１０号,36.1452542111111,136.10036061666668,300,
10592,公設消火栓,臨海消防署,福井市石橋町３２番２０５号,36.14716201388888,136.09962652500002,200,
10593,公設消火栓,臨海消防署,福井市石橋町,36.148678813888885,136.10106332499998,200,
10594,公設消火栓,臨海消防署,福井市石橋町２９番７３号－３,36.153576244444444,136.10315080555557,150,
10595,公設消火栓,臨海消防署,福井市石橋町２９番７３号,36.15336727500001,136.10247387500002,150,
10596,公設消火栓,臨海消防署,福井市石橋町２９番７３号,36.1544061861111,136.1010099027778,150,
10597,公設消火栓,南消防署,福井市板垣２丁目１０３番,36.04946853055556,136.2270104222222,250,
10598,公設消火栓,南消防署,福井市板垣１丁目４１０番,36.04970452777778,136.22807134166663,100,
10599,公設消火栓,南消防署,福井市板垣２丁目１２０２番,36.04958857500001,136.22944925833332,150,
10600,公設消火栓,南消防署,福井市板垣２丁目４１１,36.046321975,136.2289794472222,100,
10601,公設消火栓,南消防署,福井市板垣２丁目１７１３番,36.04618303333333,136.23077734444445,150,
10602,公設消火栓,南消防署,福井市板垣１丁目１０１番,36.05109932222223,136.2270043472222,250,
10603,公設消火栓,南消防署,福井市板垣２丁目９０１,36.046971905555566,136.2294933833333,150,
10604,公設消火栓,南消防署,板垣２丁目１６１５,36.04760782777778,136.2295743472222,100,
10605,公設消火栓,南消防署,福井市板垣２丁目１２０６番,36.049060644444445,136.2295432777778,150,
10606,公設消火栓,南消防署,福井市板垣２丁目１９１７番,36.04660498888888,136.23107730277775,100,
10607,公設消火栓,南消防署,福井市板垣２丁目１９０２番,36.04741286666666,136.23013432222226,100,
10608,公設消火栓,南消防署,福井市板垣４丁目２０１,36.04517512222222,136.22909349722224,100,
10609,公設消火栓,北分署,福井市石盛３丁目１４２２番,36.116588863888886,136.2356483972222,100,
10610,公設消火栓,北分署,福井市石盛２丁目２２２０番,36.114827927777775,136.23127386388887,100,
10611,公設消火栓,麻生津分遣所,福井市岩倉町１７番１３号,36.00405635555556,136.26126694999996,100,
10612,公設消火栓,麻生津分遣所,福井市岩倉町１７番５号,36.00389736111111,136.26048602222218,100,
10613,公設消火栓,麻生津分遣所,福井市岩倉町１８番６号１,36.003682375,136.2597650861111,100,
10614,公設消火栓,麻生津分遣所,福井市岩倉町１９番２１号,36.00336140277778,136.25866516666667,250,
10615,公設消火栓,麻生津分遣所,福井市岩倉町８番１号２,36.005202188888894,136.2608700083333,150,
10616,公設消火栓,南消防署,福井市板垣２丁目２００３番,36.04788584722222,136.23184618888888,200,
10617,公設消火栓,南消防署,福井市板垣３丁目４３０番,36.04745193888889,136.23343011111112,100,
10618,公設消火栓,南消防署,福井市板垣５丁目１２０７番,36.04359738055555,136.23162942777776,100,
10619,公設消火栓,南消防署,福井市板垣１丁目５０４番,36.05053245277778,136.229274225,100,
10620,公設消火栓,南消防署,福井市板垣２丁目２０３番,36.048107716666664,136.22749045555557,100,
10621,公設消火栓,南消防署,福井市板垣２丁目１１７番１号,36.04876861944444,136.2269934583333,250,
10622,公設消火栓,南消防署,福井市板垣１丁目　７０５、７１５,36.05096838055555,136.2285852472222,100,
10623,公設防火水槽,南消防署,福井市板垣２丁目９０１,36.047968736111116,136.22758845833332,,
10624,公設防火水槽,南消防署,福井市板垣５丁目,36.043750333333335,136.23036349722224,,
10625,公設消火栓,川西分署,福井市一王寺町７番５７号,36.10025220833334,136.13811681944443,100,
10626,公設消火栓,川西分署,福井市一王寺町７番３２号,36.09998519166667,136.136578975,100,
10627,公設消火栓,川西分署,福井市一王寺町８番４４号,36.09931826388889,136.1358700527778,100,
10628,公設消火栓,川西分署,福井市一王寺町８番２６号,36.09867435277778,136.135684075,100,
10629,公設消火栓,川西分署,福井市一王寺町,36.09943528888889,136.13696693888892,100,
10630,公設消火栓,南消防署,福井市板垣３丁目１６０４番,36.04443935277778,136.2356131361111,100,
10631,公設消火栓,南消防署,福井市板垣５丁目１０１０番,36.04415532222223,136.2322543583333,250,
10632,私設防火水槽,麻生津分遣所,福井市浅水二日町１３１番,36.001392297222225,136.19807447777777,,
10633,河川,麻生津分遣所,福井市浅水二日町１４番２９号　朝六川,36.005666588888886,136.19731531944444,,
10634,公設消火栓,臨海消防署,福井市石橋町２９番７３号,36.155303105555554,136.09972193333334,150,
10635,公設消火栓,臨海消防署,福井市石橋町２９番７３号,36.156141025,136.09877794166664,200,
10636,公設消火栓,臨海消防署,福井市石新保町１８番２８号,36.14734881666667,136.10802598055557,100,
10637,公設消火栓,臨海消防署,福井市石新保町２８番,36.15801375277777,136.10703713055557,250,
10638,公設消火栓,西安居分遣所,福井市飯塚町１１番１１号,36.06684045,136.1838393361111,100,
10639,公設消火栓,西安居分遣所,福井市飯塚町３０番３７号,36.063190886111116,136.18478307777775,100,
10640,公設消火栓,西安居分遣所,福井市飯塚町３２番１６号,36.06341583333334,136.1822063861111,100,
10641,公設防火水槽,麻生津分遣所,福井市生部町６番１８号,35.990190016666666,136.24405899166666,,
10642,公設防火水槽,麻生津分遣所,福井市生部町２番５号４,35.98897120833334,136.2460988361111,,
10643,公設消火栓,中消防署,福井市二の宮３丁目,36.08458479722223,136.21865842222223,100,
10644,プール,中消防署,福井市幾久町２番２２号,36.08980858055556,136.2267026611111,,
10645,公設消火栓,中消防署,福井市高木中央１丁目１００２,36.09031168333334,136.229758475,150,
10646,河川,殿下分遣所,福井市尼ケ谷町１７－６　,36.02159039444444,136.0462285111111,,
10647,公設消火栓,川西分署,福井市天菅生町７番１号,36.120964497222225,136.16900538055555,200,
10648,公設消火栓,川西分署,福井市天菅生町６番３４号,36.122428288888884,136.16869436666667,200,
10649,公設消火栓,川西分署,福井市天菅生町５番８号,36.12314125833333,136.16991017222225,100,
10650,公設消火栓,川西分署,福井市天菅生町４番１１号,36.123019227777775,136.16899429999998,100,
10651,公設消火栓,麻生津分遣所,福井市岩倉町１１番６号,36.00239561944445,136.26310974444445,100,
10652,公設消火栓,東消防署,福井市印田町１番９６号,36.057751569444434,136.2594190972222,100,
10653,公設消火栓,東消防署,福井市印田町２番３７号,36.056976638888884,136.25952211388892,100,
10654,河川,東消防署,福井市印田町１番６５号,36.058307522222215,136.25938008333335,,
10655,公設消火栓,川西分署,福井市上野町９番８４号,36.14231914444445,136.14761431666668,150,
10656,公設消火栓,川西分署,福井市上野町８番３２号,36.14140827222223,136.1486703083333,100,
10657,公設消火栓,川西分署,福井市上野町１０番４７号,36.14146621388889,136.14687250555556,150,
10658,公設消火栓,川西分署,福井市上野町１０番３８号,36.14062225833333,136.1453178277778,150,
10659,公設消火栓,川西分署,福井市上野町１２番６号,36.14017532777778,136.14606777499998,350,
10660,公設消火栓,川西分署,福井市上野町８番５３号,36.14225017777778,136.14854222499997,100,
10661,公設消火栓,麻生津分遣所,福井市今市町１番５号,36.00885118055555,136.19953096944445,150,
10662,公設消火栓,麻生津分遣所,福井市今市町２６番３６号,36.01199876666667,136.20114669166668,150,
10663,私設防火水槽,臨海消防署,福井市石橋町２９番７３号,36.154020200000005,136.10315676944447,,
10664,私設防火水槽,臨海消防署,福井市石橋町２９番７３号,36.15486413888889,136.10084388055554,,
10665,その他,臨海消防署,福井市石橋町５番１０号,36.146525922222224,136.10702111388886,,
10666,公設消火栓,南消防署,福井市足羽４丁目１６番２２号,36.05585105555556,136.20139898055555,100,
10667,公設消火栓,中消防署,福井市田原１丁目９番２０号,36.07261628888889,136.21795368333335,250,
10668,公設消火栓,中消防署,福井市田原２丁目２８番１７号,36.07423499722223,136.2155649972222,100,
10669,公設消火栓,北分署,福井市網戸瀬町,36.10737195555556,136.19784370833335,100,
10670,公設防火水槽,北分署,福井市網戸瀬町１８番,36.10649706666667,136.19827168888892,,
10671,公設消火栓,足羽分遣所,福井市安波賀町１１番１号,36.013358619444446,136.2983495944445,150,
10672,公設消火栓,足羽分遣所,福井市安波賀町１１番２号,36.011140024999996,136.30061633611112,150,
10673,公設消火栓,足羽分遣所,福井市安波賀町１４番１号,36.010459097222224,136.30072232499998,150,
10674,公設消火栓,足羽分遣所,福井市安波賀町１３番２４号,36.010496144444446,136.30148521944446,100,
10675,公設消火栓,足羽分遣所,福井市安波賀町１４番１０号,36.00949819722223,136.30085831111109,150,
10676,私設防火水槽,足羽分遣所,福井市安波賀町４番１０号,36.01462851666666,136.29891948888886,,
10677,公設消火栓,足羽分遣所,福井市安波賀中島町１７番４号,36.01909679166667,136.29627772777775,150,
10678,公設消火栓,足羽分遣所,福井市安波賀中島町６番２号,36.01733111111111,136.29776957222222,150,
10679,公設消火栓,足羽分遣所,福井市安波賀中島町７番１５号,36.016542244444445,136.29826652777777,150,
10680,公設消火栓,麻生津分遣所,福井市安保町９番６号,36.00861913888888,136.19773812777777,100,
10681,公設防火水槽,麻生津分遣所,福井市浅水町１４番１８号,36.00626254444444,136.1985501833333,,
10682,公設消火栓,麻生津分遣所,福井市浅水二日町１２８番４３号,36.004214858333334,136.19829330833332,150,
10683,公設消火栓,麻生津分遣所,福井市浅水二日町１３番１０号,36.00467672222223,136.196721425,250,
10684,公設消火栓,北分署,福井市石盛２丁目１６３１番,36.11623875833333,136.2314538472222,100,
10685,公設消火栓,北分署,福井市石盛３丁目１０７番,36.118341625,136.23522645555553,200,
10686,公設消火栓,北分署,福井市石盛２丁目１２２２番,36.11693875277777,136.2339815888889,150,
10687,公設消火栓,臨海消防署,福井市石橋町２９番７５号１,36.159694636111105,136.09976759444444,150,
10688,公設消火栓,川西分署,福井市天菅生町３番１０号,36.12451899722222,136.1683193305556,200,
10689,公設防火水槽,川西分署,福井市天菅生町６番６号,36.122858227777776,136.1685713638889,,
10690,公設消火栓,国見分遣所,福井市鮎川町１３２－４,36.10183284444445,136.03658914999997,200,
10691,公設消火栓,国見分遣所,福井市鮎川町１９番１０号,36.09769408333334,136.03334750555553,200,
10692,公設消火栓,国見分遣所,福井市鮎川町１３３－２３－１,36.096709136111116,136.0324656027778,200,
10693,公設消火栓,国見分遣所,福井市鮎川町１３３番１号２,36.096008138888884,136.0310787277778,150,
10694,公設消火栓,国見分遣所,福井市鮎川町３３番３号１,36.09410629444445,136.03064281666664,150,
10695,公設消火栓,国見分遣所,福井市鮎川町９４番５号,36.09191150833333,136.03138382499998,150,
10696,公設消火栓,国見分遣所,福井市鮎川町７８番９号,36.09085359444444,136.03133185833332,150,
10697,公設消火栓,国見分遣所,福井市鮎川町１００番９号,36.08968966944444,136.03081492777778,150,
10698,公設消火栓,国見分遣所,福井市鮎川町１０１番２９号,36.08866476944444,136.03116793333334,150,
10699,公設消火栓,国見分遣所,福井市鮎川町１０８番６号１,36.087158886111105,136.0309649888889,150,
10700,公設消火栓,北分署,福井市天池町,36.11103493055555,136.2155296722222,300,
10701,公設消火栓,北分署,福井市天池町,36.112280811111106,136.21685348888892,300,
10702,公設消火栓,北分署,福井市天池町,36.113468697222224,136.2181283111111,300,
10703,公設消火栓,北分署,福井市石盛１丁目１６３５番,36.115970713888885,136.22904209444442,100,
10704,公設消火栓,北分署,福井市石盛１丁目８１８番,36.11670261388889,136.2286741277778,200,
10705,私設防火水槽,麻生津分遣所,福井市森行町５番１５号－２,35.993858599999996,136.20164648333332,,
10706,公設消火栓,川西分署,福井市菖蒲谷町８番１号,36.147667502777786,136.14485898055557,150,
10707,公設消火栓,川西分署,福井市浄土寺町２８番４８号,36.141857333333334,136.1525068388889,100,
10708,公設防火水槽,美山分署,福井市高田町２１番１１号,36.02425072222222,136.3194551888889,,
10709,公設消火栓,北分署,福井市定正２丁目２１５番,36.11988723888888,136.22921805833332,100,
10710,公設消火栓,南消防署,福井市下六条町３９番１号,36.030840966666666,136.22575542777776,200,
10711,公設消火栓,北分署,福井市川合鷲塚町５７番３号,36.114267508333334,136.21417475833331,150,
10712,公設消火栓,南消防署,福井市明里町６番４号,36.05919658333333,136.19957824999997,100,
10713,公設消火栓,中消防署,福井市二の宮２丁目３番８号,36.084402925,136.22192881388887,100,
10714,公設消火栓,中消防署,福井市中央１丁目３番１号,36.06212676944444,136.2219223555556,150,
10715,公設消火栓,北分署,福井市上野本町１丁目１３０１番,36.114559227777775,136.237924125,100,
10716,公設消火栓,東消防署,福井市勝見３丁目２１番３号,36.052588324999995,136.2340967972222,250,
10717,公設防火水槽,清水分署,福井市清水山町６５番８５号,36.006431505555554,136.15859685833334,,
10718,公設消火栓,西分署,福井市乾徳１丁目１番１７号,36.07163923055556,136.21237936388889,100,
10719,私設防火水槽,南消防署,福井市下馬３丁目１１１１番　福井市美術館敷地内,36.038582105555555,136.2353925,,
10720,公設消火栓,東消防署,福井市勝見３丁目１７番２号,36.05452209722222,136.2341766972222,250,
10721,公設防火水槽,美山分署,福井市市波町２４番１４号,36.01803513055556,136.32941831388885,,
10722,公設防火水槽,美山分署,福井市市波町１７番３号　,36.01939873333333,136.3254707138889,,
10723,公設消火栓,臨海消防署,福井市石橋町２９番７５号,36.15882973333334,136.09903771944448,150,
10724,公設消火栓,臨海消防署,福井市石橋町地係り,36.15756687777778,136.09791990555559,150,
10725,公設消火栓,臨海消防署,福井市石橋町地係,36.15662898333333,136.0975600027778,150,
10726,公設消火栓,臨海消防署,福井市石橋町地係り,36.150275574999995,136.10463496111115,200,
10727,公設消火栓,臨海消防署,福井市石橋町１５番１０号,36.14490122222222,136.1016355666667,300,
10728,公設消火栓,臨海消防署,福井市石橋町３１番１１８号,36.15202243888888,136.10122406666665,150,
10729,公設消火栓,臨海消防署,福井市石橋町３１番１１９号,36.15118455555555,136.09984122777777,150,
10730,公設消火栓,臨海消防署,福井市石橋町３１番１１９号,36.15058863888889,136.09875634444444,150,
10731,公設消火栓,臨海消防署,福井市石橋町３１番甲ノ山１１９－２,36.150156705555545,136.0978454361111,150,
10732,公設消火栓,臨海消防署,福井市川尻町４０番１２６号１,36.149470905555546,136.09235184444444,200,
10733,公設消火栓,臨海消防署,福井市石橋町３１字甲ノ山１１９－３,36.15259543333334,136.09710532777774,150,
10734,公設消火栓,臨海消防署,福井市石橋町３１字甲ノ山１１９－３,36.15155254166667,136.0979243361111,150,
10735,公設防火水槽,臨海消防署,福井市石橋町１番４８号,36.14903472499999,136.10376811666666,,
10736,公設防火水槽,臨海消防署,福井市石橋町３２番２１７号,36.146049152777785,136.09899364166668,,
10737,私設防火水槽,臨海消防署,福井市石橋町６番２９号,36.14865074166666,136.10494906944442,,
10738,プール,臨海消防署,福井市石新保町１３番１７号,36.14580996944444,136.10822410000003,,
10739,受水槽,臨海消防署,福井市石新保町２７－３０－１,36.162115363888894,136.102490175,,
10740,公設消火栓,西安居分遣所,福井市飯塚町８番１１２号,36.065262644444445,136.1851531277778,150,
10741,公設消火栓,北分署,福井市石盛２丁目２１２５番,36.11537590277777,136.23260372777779,100,
10742,公設消火栓,北分署,福井市石盛２丁目８１４番,36.117810633333335,136.23366762499998,100,
10743,公設消火栓,北分署,福井市石盛１丁目１０１３番,36.11652465833333,136.22937405833335,100,
10744,公設消火栓,北分署,福井市石盛３丁目２０６番,36.11830266944445,136.23606435277776,100,
10745,公設消火栓,北分署,福井市石盛３丁目６０１番,36.11716078888888,136.2355484111111,100,
10746,公設消火栓,北分署,福井市石盛２丁目９０９番,36.11715767777777,136.2325067388889,100,
10747,公設消火栓,北分署,福井市石盛２丁目１４２９番,36.116960677777776,136.23168182222224,100,
10748,公設消火栓,北分署,福井市石盛２丁目１７１０番,36.11628081944445,136.23350363611115,100,
10749,公設消火栓,北分署,福井市石盛３丁目１０１５番,36.11686684722221,136.23601735555553,100,
10750,公設消火栓,北分署,福井市石盛１丁目１８２２番,36.115360819444454,136.229974,100,
10751,公設消火栓,北分署,福井市石盛２丁目１９０９番,36.116185819444446,136.23318266944443,100,
10752,公設消火栓,北分署,福井市石盛３丁目１７０３番,36.11580797777778,136.2359363611111,100,
10753,公設消火栓,北分署,福井市石盛３丁目１１１１番,36.118207744444454,136.23738918888887,100,
10754,公設消火栓,北分署,福井市石盛町６０４番,36.11669640555556,136.22204080555557,150,
10755,公設消火栓,北分署,福井市石盛町４０８番,36.116766436111114,136.223296675,150,
10756,公設防火水槽,越廼分署,福井市居倉町４２番４９号,36.01217426111111,135.99056646666665,,
10757,公設防火水槽,越廼分署,福井市居倉町３７番２９号,36.01074634444444,135.987991725,,
10758,公設防火水槽,越廼分署,福井市居倉町４２番８号,36.011057369444444,135.98974758055553,,
10759,公設消火栓,東分署,福井市玄正島町６番２０号,36.089261791666665,136.27935238611107,100,
10760,公設消火栓,東分署,福井市玄正島町６番２０号,36.089309852777774,136.28079423055559,100,
10761,公設防火水槽,美山分署,福井市市波町２３番２４号,36.01864105833334,136.3294902833333,,
10762,公設防火水槽,美山分署,福井市市波町３８番２号　,36.010636063888896,136.32959854444442,,
10763,私設防火水槽,美山分署,福井市市波町３２番７号,36.015713469444435,136.33004032499997,,
10764,私設防火水槽,美山分署,福井市市波町５４番２５号,36.01836594722222,136.3269985777778,,
10765,プール,美山分署,福井市市波町２６番１０号２,36.015080725000004,136.33272603888886,,
10766,プール,美山分署,福井市市波町２６番１５号,36.01870521111111,136.3322729638889,,
10767,受水槽,美山分署,福井市市波町５４番１２号　,36.01750800833334,136.3262656916667,,
10768,受水槽,美山分署,福井市市波町２０番５号　,36.01699420555556,136.3284654583333,,
10769,公設消火栓,臨海消防署,福井市市ノ瀬町１７番３５号,36.13563854444444,136.09744131944447,100,
10770,公設消火栓,臨海消防署,福井市市ノ瀬町,36.13481964444444,136.09822531666666,100,
10771,公設消火栓,臨海消防署,福井市市の瀬町２１番９号,36.13320281666666,136.10135521666663,100,
10772,公設消火栓,臨海消防署,福井市市の瀬町２１番７号,36.133913730555555,136.10045523333332,100,
10773,公設消火栓,臨海消防署,福井市市の瀬町１７番３４号,36.13408072777778,136.09926429444445,100,
10774,公設消火栓,臨海消防署,福井市市ノ瀬町地係,36.13411675555555,136.0975443916667,100,
10775,公設消火栓,臨海消防署,福井市糸崎町１２番３号,36.124197269444444,136.0566285361111,200,
10776,公設消火栓,臨海消防署,福井市糸崎町１３番６号,36.1230664388889,136.0558396583333,200,
10777,公設消火栓,臨海消防署,福井市糸崎町４１番２号,36.11983091944444,136.0541059583333,200,
10778,公設消火栓,南消防署,福井市板垣３丁目７１３番,36.0465500111111,136.23184325833333,100,
10779,公設消火栓,南消防署,福井市板垣３丁目１３２９番,36.04479422777778,136.23174635277778,100,
10780,公設消火栓,西安居分遣所,福井市飯塚町１９番２号,36.064187772222226,136.18514408055557,100,
10781,公設消火栓,西安居分遣所,福井市飯塚町４２８番,36.06370783333333,136.18558301111113,150,
10782,公設消火栓,東消防署,福井市日之出３丁目８番２４号,36.06448974722222,136.22939371666664,250,
10783,公設消火栓,足羽分遣所,福井市栃泉町８９－１５,36.004980544444436,136.27453565555552,150,
10784,公設消火栓,東消防署,福井市円山２丁目３０４,36.0712768,136.24782356666665,150,
10785,公設消火栓,国見分遣所,福井市鮎川町９１番３７号,36.09125862222221,136.0328837361111,100,
10786,公設消火栓,国見分遣所,福井市鮎川町９１番５５号,36.09072864444445,136.03232079166668,100,
10787,公設消火栓,国見分遣所,福井市鮎川町１０１番１４号,36.089691702777785,136.03165086944446,100,
10788,公設消火栓,国見分遣所,福井市鮎川町９５番２３号,36.092967441666666,136.03187875833336,100,
10789,公設消火栓,国見分遣所,福井市鮎川町９６番４４号１,36.09171755555556,136.03215377500004,75,
10790,公設消火栓,国見分遣所,福井市鮎川町９６番６号２,36.090978605555556,136.0318708166667,100,
10791,公設消火栓,国見分遣所,福井市鮎川町１９５番１２号,36.08893174722222,136.03118192500003,100,
10792,公設消火栓,国見分遣所,福井市鮎川町１２９番２９号,36.09017265833334,136.0315208638889,100,
10793,公設消火栓,国見分遣所,福井市鮎川町１０９番９号２,36.08540802500001,136.03091704444444,100,
10794,公設消火栓,国見分遣所,福井市鮎川町１０９番３号,36.08614796944445,136.03098201666668,100,
10795,公設消火栓,国見分遣所,福井市鮎川町３４番２号,36.093119475,136.03296467777776,150,
10796,公設消火栓,国見分遣所,福井市鮎川町１３３番１号６,36.094547247222216,136.030358825,150,
10797,公設消火栓,国見分遣所,福井市鮎川町１８番２号２９,36.09745011944445,136.0336724888889,150,
10798,公設消火栓,西安居分遣所,福井市飯塚町６番１０号,36.065585622222216,136.1873389027778,150,
10799,公設消火栓,西安居分遣所,福井市飯塚町７番１０号,36.06637351944445,136.1861390694444,150,
10800,公設消火栓,西安居分遣所,福井市飯塚町６番４０１号,36.066848458333325,136.1854311666667,150,
10801,公設消火栓,西安居分遣所,福井市飯塚町３１番６０号,36.06285491666666,136.18392216388887,300,
10802,公設消火栓,西安居分遣所,福井市飯塚町１２番１２号,36.06427175277778,136.18418919166666,300,
10803,公設消火栓,西安居分遣所,福井市飯塚町８番１３８号,36.06572658333334,136.18436923333334,300,
10804,公設消火栓,西安居分遣所,福井市飯塚町１２番１４号,36.067218411111114,136.18449428055558,300,
10805,公設消火栓,西安居分遣所,福井市飯塚町１０番８号,36.06800131111112,136.18302847222225,200,
10806,公設消火栓,西安居分遣所,福井市飯塚町７番１７号１,36.06585158611111,136.186796975,100,
10807,公設消火栓,西安居分遣所,福井市飯塚町７番２号,36.066476505555556,136.1858691027778,100,
10808,公設消火栓,西安居分遣所,福井市飯塚町９番１１０号,36.06714641944444,136.18479224722225,100,
10809,公設消火栓,西安居分遣所,福井市飯塚町３０番１６号,36.06469070833333,136.18479214166666,200,
10810,公設消火栓,西安居分遣所,福井市飯塚町７番３４号,36.06480770277778,136.18573904166664,100,
10811,公設消火栓,西安居分遣所,福井市飯塚町７番３６号,36.06502268611111,136.18683493333333,100,
10812,公設消火栓,西安居分遣所,福井市飯塚町９番１１７号,36.066496494444436,136.18455824444445,150,
10813,公設消火栓,東消防署,福井市荒木別所町７番２８４号,36.04338703055556,136.2646222222222,150,
10814,公設消火栓,東消防署,福井市荒木別所町６番２２号,36.04493082222221,136.26303826666663,300,
10815,公設消火栓,東消防署,福井市荒木別所町,36.04366709166667,136.26708306944445,100,
10816,公設消火栓,足羽分遣所,福井市稲津町２９番１６号,36.03041641388889,136.25623153333333,150,
10817,公設消火栓,麻生津分遣所,福井市北山町１３番６号,36.001671377777775,136.2401063777778,150,
10818,公設消火栓,北分署,福井市天池町３１番９０号,36.10462565277778,136.21387896666664,200,
10819,公設消火栓,北分署,福井市天池町３３番４５号,36.10573958055556,136.216897525,100,
10820,公設消火栓,北分署,福井市天池町３４番９号,36.10627555000001,136.21838631666665,100,
10821,公設消火栓,北分署,福井市天池町３８番２５号,36.10467570555555,136.21696951944446,150,
10822,公設消火栓,北分署,福井市天池町４３番１号,36.104361761111115,136.2178643916667,100,
10823,公設消火栓,北分署,福井市天池町３７番８３号,36.10426179444445,136.21903921944445,150,
10824,公設消火栓,北分署,福井市天池町３５番２７号８,36.10564262777777,136.21861228333333,100,
10825,公設消火栓,北分署,福井市天池町３６番２５号,36.10536966944445,136.2191752027778,100,
10826,公設消火栓,北分署,福井市天池町３６番２５号２７,36.10553666111111,136.21976612222218,100,
10827,公設消火栓,北分署,福井市天池町３７番２号１４,36.10462474444444,136.21860228333333,100,
10828,公設消火栓,北分署,福井市天池町３７番２４号１７,36.10451978055555,136.2198051083333,100,
10829,公設消火栓,北分署,福井市天池町３３番５３号,36.10530061111111,136.21581668055558,100,
10830,公設消火栓,北分署,福井市天池町３２番６５号１２,36.10568254722222,136.2148938083333,100,
10831,公設消火栓,北分署,福井市天池町３２番６５号７,36.105125613888895,136.21494180833332,100,
10832,公設消火栓,北分署,福井市天池町,36.10604744999999,136.21225917222225,400,
10833,公設消火栓,北分署,福井市天池町,36.107828241666674,136.2123591222222,300,
10834,公設消火栓,北分署,福井市天池町,36.109128111111104,136.21347395555557,300,
10835,公設消火栓,北分署,福井市天池町,36.109758049999996,136.21415885833332,300,
10836,公設消火栓,麻生津分遣所,福井市浅水二日町１３１番１号,36.00088936944444,136.19784452500002,100,
10837,公設消火栓,国見分遣所,福井市鮎川町１９番１号６,36.09718616944445,136.03420046111108,100,
10838,公設消火栓,国見分遣所,福井市鮎川町地係,36.09695621388888,136.03471743055556,100,
10839,公設消火栓,国見分遣所,福井市鮎川町地係,36.09676916666667,136.03329553888892,100,
10840,公設消火栓,国見分遣所,福井市鮎川町１７番１号２５,36.09824407777778,136.0344084111111,100,
10841,公設防火水槽,殿下分遣所,福井市尼ケ谷町,36.02282626666667,136.04690635833333,,
10842,公設消火栓,北分署,福井市石盛２丁目４１５番,36.11831853611112,136.23257373611114,200,
10843,公設消火栓,北分署,福井市石盛２丁目８０５番,36.11818856111112,136.23288470277777,100,
10844,公設消火栓,北分署,福井市石盛２丁目５０８番,36.118316574999994,136.23386760555556,200,
10845,公設消火栓,北分署,福井市石盛２丁目１２０５番,36.11818862500001,136.23479250833333,100,
10846,公設消火栓,北分署,福井市石盛１丁目１０１８番,36.116898594444436,136.2288221138889,200,
10847,公設消火栓,北分署,福井市石盛１丁目１０２５番,36.11588874722223,136.22972402500002,150,
10848,公設消火栓,北分署,福井市石盛１丁目１８１５番,36.11579178333333,136.23045695,150,
10849,公設消火栓,北分署,福井市石盛２丁目２２０５番,36.115588822222215,136.23094289999997,150,
10850,公設消火栓,北分署,福井市石盛１丁目１９１３番,36.11477889166666,136.22993200555553,100,
10851,公設消火栓,北分署,福井市石盛３丁目５０２番,36.11729375,136.2350674722222,150,
10852,公設消火栓,北分署,福井市石盛２丁目２０１７番,36.115585836111116,136.23132085833336,100,
10853,公設消火栓,足羽分遣所,福井市稲津町１６番７号,36.03454279444444,136.2547673138889,100,
10854,公設消火栓,東分署,福井市大和田１丁目１４０６番,36.09149576944444,136.25075099999998,100,
10855,公設消火栓,南消防署,福井市足羽１丁目１２番１０号,36.06079957777778,136.2093914527778,150,
10856,公設消火栓,南消防署,福井市足羽１丁目１４番３１号,36.061544472222224,136.2090234916667,150,
10857,公設消火栓,南消防署,福井市足羽１丁目１６番１６号,36.06071957777778,136.2088335,150,
10858,公設消火栓,南消防署,福井市足羽１丁目１５番１７号,36.06062757222223,136.20796457777777,150,
10859,公設消火栓,南消防署,福井市足羽１丁目１９番３５号,36.05830286388888,136.20726960833332,100,
10860,公設消火栓,南消防署,福井市足羽１丁目２０番２２号,36.05804189166667,136.20685563611113,100,
10861,公設消火栓,南消防署,福井市足羽１丁目２６番１１号,36.060527566666664,136.20710265000002,150,
10862,公設消火栓,南消防署,福井市足羽２丁目１５番２１号,36.06109844444444,136.20467787777778,250,
10863,公設消火栓,南消防署,福井市足羽２丁目１９番３号,36.0604745138889,136.20411991111112,100,
10864,公設消火栓,南消防署,福井市足羽３丁目１０番３号,36.05923069999999,136.20526178611112,100,
10865,公設消火栓,南消防署,福井市足羽４丁目１番２６号,36.05839174999999,136.2024229916667,100,
10866,公設消火栓,南消防署,福井市足羽２丁目１４番２号,36.06045854166666,136.20538380000002,150,
10867,公設消火栓,南消防署,福井市足羽２丁目１番２２号,36.06155140555556,136.20580378611112,150,
10868,公設消火栓,南消防署,福井市足羽２丁目６番１０号,36.0596836638889,136.20634770277778,100,
10869,公設消火栓,南消防署,福井市足羽２丁目８番６号,36.05924972777777,136.20667266944443,100,
10870,公設消火栓,南消防署,福井市足羽１丁目６番３４号,36.05988374999999,136.21115530277777,100,
10871,公設防火水槽,麻生津分遣所,福井市浅水二日町２８番５号,36.002255130555554,136.19728150555554,,
10872,公設防火水槽,麻生津分遣所,福井市浅水二日町２７番５号,36.00334091388889,136.1961925472222,,
10873,その他,臨海消防署,福井市石橋町５番１０号,36.14685990833333,136.10605114444442,,
10874,公設消火栓,臨海消防署,福井市石畠町６番２号５,36.139356911111115,136.11982162500001,100,
10875,公設消火栓,臨海消防署,福井市石畠町３番３３号２,36.13797909444444,136.12097364166667,100,
10876,公設消火栓,臨海消防署,福井市石畠町３番１１号,36.137632152777776,136.1224605611111,100,
10877,公設防火水槽,臨海消防署,福井市石畠町３番３３号,36.13784411666668,136.12144261666663,,
10878,公設消火栓,北分署,福井市石盛１丁目１７１０番,36.115424769444445,136.22865713611108,200,
10879,公設消火栓,北分署,福井市石盛１丁目４０８番,36.1166325888889,136.22761523611112,100,
10880,公設消火栓,北分署,福井市石盛２丁目２１１８番,36.115466930555556,136.2338535972222,100,
10881,公設消火栓,北分署,福井市石盛３丁目５０４番,36.11736871666666,136.23458153055554,100,
10882,公設消火栓,北分署,福井市石盛町９１４番,36.115382508333326,136.21984207499997,300,
10883,公設消火栓,北分署,福井市石盛町８１１番,36.11664435,136.21961108055555,300,
10884,公設消火栓,北分署,福井市石盛町８１８番,36.11796019166666,136.21955506388886,300,
10885,公設消火栓,北分署,福井市上森田６丁目２０２番,36.11465306944445,136.23483148888891,100,
10886,公設消火栓,北分署,福井市石盛町９１３番,36.115482516666674,136.22070997500003,150,
10887,公設消火栓,北分署,福井市石盛町９０５番,36.115966477777775,136.22139388888885,100,
10888,公設消火栓,北分署,福井市石盛町９０１番１号,36.11647741944445,136.22151886666666,100,
10889,公設消火栓,臨海消防署,福井市石橋町２９番７５号,36.157247894444446,136.09995976388888,200,
10890,公設消火栓,北分署,福井市石盛２丁目２３０１番,36.11532789166666,136.23205978333337,150,
10891,公設消火栓,北分署,福井市石盛３丁目２０１番,36.11869160277777,136.23567640277776,100,
10892,公設消火栓,北分署,福井市石盛３丁目８０９番,36.116196908333336,136.23552841111112,150,
10893,公設消火栓,北分署,福井市石盛町５０１番,36.11670747222222,136.2241885861111,100,
10894,公設消火栓,北分署,福井市石盛町５０１番,36.116482502777785,136.22432457500003,100,
10895,公設消火栓,麻生津分遣所,福井市浅水二日町２８番５号,36.00299203611112,136.19790740833332,150,
10896,公設消火栓,麻生津分遣所,福井市浅水二日町１３１番,36.001330313888886,136.1982374638889,150,
10897,公設消火栓,麻生津分遣所,福井市浅水二日町１３１番１号,36.000218458333336,136.1973416111111,150,
10898,公設消火栓,西安居分遣所,福井市飯塚町３０番４２号,36.06362982777778,136.1842031638889,150,
10899,公設消火栓,西安居分遣所,福井市飯塚町３１番１２６号,36.062665938888884,136.18403314444444,150,
10900,公設消火栓,西安居分遣所,福井市飯塚町３１番１２５号,36.062351980555555,136.18437209166663,100,
10901,公設消火栓,西安居分遣所,福井市飯塚町３１番１０５号,36.06279393333334,136.1849060472222,100,
10902,公設消火栓,西安居分遣所,福井市飯塚町６番２５号,36.06683946944445,136.18696100277782,100,
10903,公設消火栓,西安居分遣所,福井市飯塚町７番４号,36.06540763611111,136.18635300277776,150,
10904,公設消火栓,西安居分遣所,福井市飯塚町６番２８号,36.066768475,136.18650005000003,100,
10905,公設消火栓,西安居分遣所,福井市飯塚町９番１０２号,36.06767935555556,136.1846532833333,150,
10906,公設消火栓,西安居分遣所,福井市飯塚町１１番１１１号,36.066432488888886,136.18256746111115,150,
10907,公設消火栓,西安居分遣所,福井市飯塚町１３番１３号１,36.06481067777778,136.18259739444443,150,
10908,公設消火栓,西安居分遣所,福井市飯塚町１１番１１１号,36.065402616666674,136.18347831944445,100,
10909,公設消火栓,南消防署,福井市足羽１丁目６番２５号,36.059052847222226,136.21073033611108,100,
10910,公設消火栓,清水分署,福井市朝宮町４番１号,36.03805653055556,136.17210944166666,100,
10911,公設消火栓,清水分署,福井市朝宮町４番３３号,36.03857349166666,136.17296033888888,100,
10912,公設消火栓,清水分署,福井市朝宮町,36.03804955833333,136.1732823083333,100,
10913,公設防火水槽,越廼分署,福井市居倉町８１番１号,36.01193823333333,135.9888666027778,,
10914,公設防火水槽,越廼分署,福井市居倉町８９番１号,36.01140427777778,135.98825367222224,,
10915,公設消火栓,川西分署,福井市池尻町２４番１０７号,36.14699378055556,136.1535161555556,100,
10916,公設消火栓,川西分署,福井市池尻町２６番６０号,36.148260625,136.15293805555558,100,
10917,公設消火栓,川西分署,福井市池尻町２６番６６号,36.148210600000006,136.15145519444448,100,
10918,公設消火栓,川西分署,福井市池尻町２９番３９号,36.146890725000006,136.1505944444444,100,
10919,公設消火栓,川西分署,福井市池尻町３０番２２号,36.147104733333336,136.1519132916667,100,
10920,公設消火栓,川西分署,福井市池尻町３１番２号７,36.14664077222223,136.15144639444446,100,
10921,公設防火水槽,川西分署,福井市池尻町３３番２号,36.148122627777774,136.1523191277778,,
10922,公設防火水槽,川西分署,福井市砂子坂町３２番４４号,36.14555187777778,136.15086659166664,,
10923,公設消火栓,麻生津分遣所,福井市生部町３７番１号,36.001133627777776,136.25265455555552,100,
10924,公設消火栓,麻生津分遣所,福井市生部町３６番６号,35.99975281388888,136.25256952777775,150,
10925,公設消火栓,麻生津分遣所,福井市生部町５番６号,35.99092894444444,136.24612985277776,75,
10926,公設消火栓,麻生津分遣所,福井市生部町６番１８号,35.990128025,136.24406698888893,75,
10927,公設消火栓,麻生津分遣所,福井市生部町３番１２号,35.98882822777779,136.2460618361111,75,
10928,公設消火栓,川西分署,福井市波寄町地係,36.15432573888889,136.14288043055555,150,
10929,公設消火栓,臨海消防署,福井市石橋町２９番７５号－５,36.15817378888888,136.1009456138889,200,
10930,公設消火栓,西安居分遣所,福井市飯塚町２７番１０２号,36.06199400833334,136.18317921666667,150,
10931,公設消火栓,西安居分遣所,福井市飯塚町２９番１０４号３,36.061573061111105,136.18354215833332,100,
10932,公設消火栓,西安居分遣所,福井市飯塚町２７番１３０号,36.060812138888885,136.18251926111108,100,
10933,公設消火栓,東消防署,福井市御幸２丁目９番８号１,36.056090822222224,136.23119083888886,100,
10934,公設消火栓,東消防署,福井市御幸２丁目２０番４号,36.05607591666666,136.2342486166667,250,
10935,公設消火栓,東消防署,福井市勝見３丁目１５番２８号,36.05538790833333,136.2311648722222,100,
10936,公設防火水槽,美山分署,福井市朝谷町１１番１１号,35.99561293611111,136.36746823055555,,
10937,公設消火栓,北分署,福井市山室町５１番２号　,36.120948955555555,136.1816858861111,150,
10938,公設消火栓,南消防署,福井市下荒井町１７－１－２２,36.02214460277778,136.20664286666667,100,
10939,公設消火栓,南消防署,福井市板垣３丁目１６２５番,36.04391336388889,136.23271034444443,100,
10940,公設消火栓,北分署,福井市栗森２丁目１９１１番,36.11840091388889,136.241523675,100,
10941,受水槽,南消防署,福井市毛矢３丁目８番２１号　藤島神社境内,36.05611624444445,136.21094731944444,,
10942,公設消火栓,北分署,福井市栗森２丁目３１０２番,36.11852098055556,136.2432294611111,100,
10943,公設消火栓,北分署,福井市河合寄安町３０６番,36.11907696944445,136.24449929722223,100,
10944,公設消火栓,北分署,福井市河合寄安町２１６番,36.11925199722223,136.24553116666664,100,
10945,公設消火栓,北分署,福井市上野本町３丁目１１０３番,36.11407655833332,136.24361146111113,150,
10946,公設消火栓,西分署,福井市乾徳３丁目９番９号,36.07139611388888,136.20683703888886,250,
10947,公設消火栓,西安居分遣所,福井市飯塚町２３番２号,36.06334683055556,136.18100352500002,100,
10948,公設消火栓,西安居分遣所,福井市飯塚町１３番１３３号,36.06429674166667,136.18321430555557,150,
10949,公設消火栓,西安居分遣所,福井市飯塚町１３番１４０号４,36.064152750000005,136.1823394,150,
10950,公設消火栓,西安居分遣所,福井市飯塚町３１番,36.06352383333333,136.18354723611108,100,
10951,公設消火栓,西安居分遣所,福井市飯塚町３１番２４８号,36.062954891666664,136.18266131666664,100,
10952,その他,南消防署,福井市一本木町５２　福井刑務所内庁舎棟南側,36.05215117777779,136.226604325,,
10953,その他,南消防署,福井市一本木町５２　福井刑務所内舎房棟（３舎）北東側,36.053390033333336,136.22704323888885,,
10954,公設消火栓,南消防署,福井市今市町６３番１５号,36.02132471944445,136.20680488888885,100,
10955,公設消火栓,南消防署,福井市今市町６６番,36.022743613888885,136.2087486972222,250,
10956,公設消火栓,南消防署,福井市今市町６２番１１号,36.021627744444444,136.20830677222222,200,
10957,公設消火栓,南消防署,福井市足羽２丁目６番１号,36.06009162222223,136.2069396583333,100,
10958,公設消火栓,南消防署,福井市足羽１丁目７番,36.05840295833333,136.21162526666666,100,
10959,公設消火栓,南消防署,福井市足羽２丁目１５番２号,36.06094747777777,136.20538081111107,100,
10960,公設消火栓,南消防署,福井市足羽５丁目５番１９号,36.058236674999996,136.19807632777776,100,
10961,公設消火栓,南消防署,福井市足羽３丁目１番１号,36.05726696944445,136.2057787055556,100,
10962,公設消火栓,南消防署,福井市足羽５丁目７番１３号,36.05733383611111,136.20020412222223,100,
10963,公設消火栓,南消防署,福井市足羽１丁目１２番１９号,36.06118454444444,136.21000539999997,250,
10964,公設消火栓,南消防署,福井市足羽１丁目１２番２５号,36.06112150833334,136.2080565722222,250,
10965,公設消火栓,南消防署,福井市足羽２丁目１番４号,36.06110048888888,136.20693267500002,250,
10966,公設消火栓,中消防署,福井市幾久町９番７号,36.08309432777778,136.2264245861111,100,
10967,公設消火栓,中消防署,福井市幾久町１０番１１号,36.0843841888889,136.22681252499996,100,
10968,公設消火栓,北分署,福井市上野本町１丁目２０５番,36.11430215833334,136.23576937777779,250,
10969,公設消火栓,北分署,福井市上野本町１丁目１９０５番,36.11327336944444,136.23752717222223,150,
10970,公設消火栓,北分署,福井市上野本町１丁目１２２７番,36.11422023055556,136.23708322222222,150,
10971,公設消火栓,足羽分遣所,福井市稲津町１６番７号,36.03485375,136.25615315555555,100,
10972,公設消火栓,足羽分遣所,福井市稲津町３２番１１号２,36.03177721944445,136.25826422777777,150,
10973,公設消火栓,足羽分遣所,福井市稲津町３３番１９号,36.03254910555555,136.25888710277775,150,
10974,公設消火栓,足羽分遣所,福井市稲津町７５番２５号,36.02468924166667,136.25135244999998,150,
10975,公設消火栓,足羽分遣所,福井市稲津町６７番１号,36.02663596666667,136.2538520583333,100,
10976,公設消火栓,足羽分遣所,福井市稲津町１番８号,36.032238125000006,136.25184578055556,100,
10977,公設防火水槽,足羽分遣所,福井市稲津町２８番２２号,36.03005447500001,136.2569285,,
10978,公設防火水槽,足羽分遣所,福井市稲津町,36.02840771666666,136.25619270833332,,
10979,私設防火水槽,足羽分遣所,福井市稲津町５０番１号,36.02821080277777,136.26051135000003,,
10980,私設防火水槽,足羽分遣所,福井市稲津町５０番１号,36.02943668333333,136.2625830888889,,
10981,プール,足羽分遣所,福井市稲津町８１－１,36.02222561111111,136.2504967388889,,
10982,公設消火栓,麻生津分遣所,福井市今市町３５番２４号,36.01417956388889,136.20341642499997,100,
10983,公設消火栓,麻生津分遣所,福井市今市町１１番７号,36.00941433611111,136.2051484888889,300,
10984,公設消火栓,南消防署,福井市今市町４６番２３号,36.017036108333336,136.2022323888889,150,
10985,公設消火栓,南消防署,福井市足羽４丁目９番１６号　かざぐるま　南側,36.05660698333333,136.2025759222222,150,
10986,公設消火栓,西分署,福井市乾徳４丁目２番２４号,36.072554958333335,136.20676409722222,150,
10987,公設防火水槽,清水分署,福井市滝波町３２番８号　,36.022381941666666,136.10583333611112,,
10988,公設消火栓,中消防署,福井市春山２丁目７番１号,36.06867962222223,136.21247229722226,100,
10989,公設消火栓,北分署,福井市山室町２１番３４号　　,36.119015441666676,136.1922938722222,100,
10990,公設消火栓,国見分遣所,福井市鮎川町９２番１８号,36.0911836611111,136.03365068333332,100,
10991,公設消火栓,国見分遣所,福井市鮎川町９４番１０号１,36.093439369444454,136.03107880277778,150,
10992,公設消火栓,国見分遣所,福井市鮎川町１３２番４号,36.10083089444445,136.0356672416667,200,
10993,公設消火栓,国見分遣所,福井市鮎川町９３番２号,36.09207256944444,136.0332036888889,100,
10994,公設消火栓,国見分遣所,福井市鮎川町９５番４２号,36.092306508333344,136.03218175555554,100,
10995,公設消火栓,国見分遣所,福井市鮎川町５１番５号１,36.09220677777777,136.03980323333332,150,
10996,公設消火栓,国見分遣所,福井市鮎川町１７番１４号,36.09927998333333,136.03442537499998,200,
10997,公設消火栓,国見分遣所,福井市鮎川町１３３番１号４,36.09391435277777,136.03158175277775,150,
10998,公設消火栓,国見分遣所,福井市鮎川町９４番８号１,36.092828430555564,136.03135079999998,150,
10999,公設防火水槽,国見分遣所,福井市鮎川町１９５番１２号,36.088844752777774,136.0311119305556,,
11000,公設防火水槽,国見分遣所,福井市鮎川町９６番２３号,36.09133161666667,136.03287573333333,,
11001,プール,国見分遣所,福井市鮎川町１０９－９－２,36.08493204166666,136.03032109999998,,
11002,受水槽,国見分遣所,福井市鮎川町加茂神社から東側約１００ｍ,36.090511794444446,136.03607253611113,,
11003,公設消火栓,南消防署,福井市足羽３丁目９番１０号,36.05735593611111,136.20479478055552,100,
11004,公設消火栓,南消防署,福井市足羽３丁目６番１１号,36.058872711111114,136.2035869138889,200,
11005,公設消火栓,南消防署,福井市足羽２丁目１２番２０号,36.05967260555555,136.20352394166667,200,
11006,公設消火栓,南消防署,福井市足羽２丁目１８番,36.06101343055555,136.20349098055553,250,
11007,公設消火栓,南消防署,福井市足羽４丁目１４番２２号,36.05672790277779,136.19965613888888,100,
11008,公設消火栓,南消防署,福井市足羽４丁目１４番９号,36.05609200555556,136.20059404444447,100,
11009,公設消火栓,南消防署,福井市足羽４丁目１７番３号,36.055586105555555,136.202056925,100,
11010,公設消火栓,南消防署,福井市足羽４丁目１８－１５,36.054664216666666,136.20170691666667,100,
11011,公設消火栓,南消防署,福井市足羽１丁目１２番３号,36.060905586111105,136.21021638055558,150,
11012,公設消火栓,南消防署,福井市足羽１丁目９番１２号,36.060258669444444,136.21007039166665,100,
11013,公設消火栓,南消防署,福井市足羽１丁目１１番１２号,36.06021065,136.20905647777778,250,
11014,公設消火栓,麻生津分遣所,福井市真木町１３４番,35.999279586111115,136.19666773055556,100,
11015,公設消火栓,麻生津分遣所,福井市浅水二日町１０１番,36.00543548888889,136.19413861666663,100,
11016,公設消火栓,麻生津分遣所,福井市浅水二日町２７番２１号１,36.00388783055555,136.19626251111112,250,
11017,公設消火栓,麻生津分遣所,福井市浅水二日町１１０２番１号,36.00336773055555,136.1914969888889,150,
11018,公設消火栓,麻生津分遣所,福井市浅水二日町７１８番,36.00330078611112,136.19262388611108,150,
11019,公設消火栓,麻生津分遣所,福井市浅水二日町８０３番,36.00358575833334,136.1931738166667,150,
11020,公設消火栓,麻生津分遣所,福井市浅水二日町４１３番,36.003975725000004,136.19401871388888,150,
11021,公設消火栓,麻生津分遣所,福井市今市町３３番７号,36.013654530555556,136.20104462777775,150,
11022,公設消火栓,麻生津分遣所,福井市今市町１５番９号,36.00952510555556,136.20022588055554,150,
11023,公設消火栓,足羽分遣所,福井市稲津町２４番１５号,36.030024466666674,136.25498168055557,150,
11024,公設消火栓,足羽分遣所,福井市稲津町９番２７号,36.03028241944445,136.2538517611111,100,
11025,公設消火栓,臨海消防署,福井市石新保町２８番,36.15896666944444,136.10574215277776,250,
11026,公設消火栓,臨海消防署,福井市石新保町２８番,36.16014755833333,136.1042641777778,250,
11027,公設消火栓,東分署,福井市大和田１丁目２０６番,36.09340335277778,136.2477932138889,100,
11028,その他,殿下分遣所,福井市宿堂町地係　,36.029458825000006,136.05847821666666,,
11029,公設消火栓,中消防署,福井市二の宮５丁目２番１４号,36.082900627777775,136.20703152777776,100,
11030,公設防火水槽,南消防署,福井市足羽上町,36.05460132222222,136.20587165,,
11031,公設消火栓,足羽分遣所,福井市稲津町４６－９４－２,36.02836277777779,136.26047433888888,100,
11032,公設消火栓,東消防署,福井市御幸２丁目２０番２５号,36.05634687222222,136.2338146361111,250,
11033,公設消火栓,麻生津分遣所,福井市東大味町１０番１５号１,35.993241752777784,136.2587748833333,150,
11034,公設消火栓,西分署,福井市土橋町１１－７,36.10214355000001,136.1911023333333,100,
11035,公設消火栓,南消防署,福井市毛矢２丁目６番１１号,36.058030075000005,136.21397408333334,100,
11036,公設消火栓,中消防署,福井市大手１丁目１番１４号,36.065518488888884,136.22594797777776,100,
11037,公設消火栓,東消防署,福井市殿下町,36.058822025000005,136.27239412222218,150,
11038,公設消火栓,東消防署,福井市寮町８番８号５,36.06764440833334,136.2722957888889,150,
11039,その他,国見分遣所,福井市鮎川町９６－２　,36.090678644444445,136.0322338,,
11040,公設消火栓,足羽分遣所,福井市荒木新保町２８番２９号,36.034491061111105,136.26577651944444,150,
11041,公設消火栓,足羽分遣所,福井市荒木新保町２８番３１号,36.03470905555556,136.26641546944447,150,
11042,公設消火栓,足羽分遣所,福井市荒木新保町２８番３７号,36.03414914444445,136.2666364916667,100,
11043,公設消火栓,国見分遣所,福井市鮎川町１０９番９号２,36.085896975000004,136.0305830527778,150,
11044,公設消火栓,国見分遣所,福井市白浜町１６７番３号６,36.08359811666667,136.02933220833333,150,
11045,公設消火栓,国見分遣所,福井市鮎川町９２番１号,36.09182558611111,136.03309270555553,100,
11046,公設消火栓,南消防署,福井市明里町５番８号,36.05945853888888,136.1989593138889,100,
11047,公設消火栓,南消防署,福井市明里町１１番２２号,36.06167024444444,136.1984474666667,150,
11048,公設消火栓,南消防署,福井市明里町９番１号,36.05997245833333,136.19831539166665,100,
11049,公設消火栓,南消防署,福井市明里町２番,36.06017748611111,136.20087618333332,200,
11050,公設消火栓,南消防署,福井市明里町２番,36.06013346111111,136.19943130555555,200,
11051,公設消火栓,南消防署,福井市明里町１０番４３号,36.06152724444444,136.19750454444446,100,
11052,公設消火栓,南消防署,福井市明里町８番２０号,36.05934952222221,136.19749543055556,100,
11053,公設消火栓,南消防署,福井市明里町１番８号,36.06161929722222,136.20080124722224,150,
11054,公設消火栓,南消防署,福井市明里町１０番２８号,36.06046937777777,136.19746249166667,100,
11055,公設防火水槽,南消防署,福井市明里町２番,36.060208447222216,136.1992673222222,,
11056,公設防火水槽,南消防署,福井市明里町７番,36.058833630555554,136.19949824166665,,
11057,受水槽,南消防署,福井市明里町２番,36.060244475000005,136.20080919166665,,
11058,公設消火栓,麻生津分遣所,福井市浅水二日町５０２番,36.00312588333333,136.19445772499998,150,
11059,公設消火栓,麻生津分遣所,福井市浅水二日町１３１番１２号４,36.00071535833334,136.1968036361111,100,
11060,公設消火栓,麻生津分遣所,福井市浅水二日町１２７番１２号,36.00465578888889,136.19832628333333,100,
11061,公設消火栓,麻生津分遣所,福井市浅水二日町１１１０番１号,36.00279585833333,136.19228095000003,100,
11062,公設消火栓,麻生津分遣所,福井市浅水二日町２６番３２号,36.00348892777778,136.19714044999998,150,
11063,公設消火栓,麻生津分遣所,福井市真木町１３２番３号,36.00032247777778,136.1983485083333,150,
11064,公設消火栓,麻生津分遣所,福井市浅水二日町２８番５号,36.00209716388889,136.1974994944445,150,
11065,公設消火栓,麻生津分遣所,福井市浅水三ヶ町１番２９号,36.004675047222214,136.20488070277776,100,
11066,公設消火栓,麻生津分遣所,福井市浅水町２番１９号,36.00673443611112,136.19767723333337,150,
11067,公設消火栓,麻生津分遣所,福井市浅水町１８番３４号,36.00541167777777,136.19846523333334,300,
11068,公設消火栓,北分署,福井市上野本町２丁目１７０２番,36.110641783333335,136.23927597222223,150,
11069,公設消火栓,北分署,福井市上野本町２丁目１５１３番,36.110099825000006,136.23878502222223,100,
11070,公設消火栓,北分署,福井市上野本町２丁目１８１７番,36.110618849999994,136.24063881944446,100,
11071,公設消火栓,南消防署,福井市今市町６２番１６号,36.020207899999996,136.20759888055554,200,
11072,公設消火栓,南消防署,福井市今市町５８番１８号,36.01891905277778,136.20697397499998,200,
11073,公設消火栓,南消防署,福井市今市町５４番１５号,36.01781718333333,136.20642405555557,200,
11074,公設消火栓,南消防署,福井市今市町４９番３号,36.01646434166666,136.20571716111107,200,
11075,公設消火栓,麻生津分遣所,福井市今市町４１番１１号,36.01521349166667,136.20510825833333,200,
